company,url,iframe_jd_text,main_jd_text,json_ld,status,error
㈜알파큐,https://www.jobkorea.co.kr/Recruit/GI_Read/49100000,"㈜알파큐
회계 경리 , 창호견적 담당자 모집
㈜알파큐는 2020년에 설립된 회사로 자본금 16억 5,000만원, 매출액 18억 8,271만원, 사원수 10명 규모의 중소기업입니다. 경기 화성시 남양읍 무하로110번길 24 (온석리)에 위치하고 있으며, 창호개발 및 생산사업을 하고 있습니다.
포지션 및 자격요건
회계경리 담당자
( 1명 )
담당업무
ㆍ전반적인 회계, 경리업무
ㆍ창호견적
자격요건
ㆍ학력 : 학력무관
ㆍ경력 : 경력
우대사항
ㆍ상세내용을 입력하세요
ㆍ상세내용을 입력하세요
전형절차
ㆍ서류전형 > 1차면접 > 2차면접 > 임원면접 > 최종합격
ㆍ면접일정은 추후 통보됩니다.
유의사항
ㆍ허위사실이 발견될 경우 채용이 취소될 수 있습니다.","모집요강
모집분야
회계경리 담당자
모집인원
1
명
고용형태
정규직
(수습 3개월)
,
계약직
(정규직 전환 가능)
급여
월급 250만원 이상 (면접 후 결정)
근무시간
주5일(월~금)
09:00 ~ 18:00
근무지주소
경기 화성시 남양읍 무하로110번길 24 (온석리) 알파큐
지도보기

지원자격
경력
경력
학력
학력무관

접수기간 · 방법
마감일은 기업의 사정으로 인해 조기 마감 또는 변경될 수 있습니다

기업 정보
기업정보 더보기
사원수
50명 이하
기업구분
중소기업 (비상장)
산업(업종)
플라스틱 창호 제조업
지도보기
위치
경기 화성시 남양읍 무하로110번길 24 (온석리) 알파큐","{
  ""@context"": ""https://schema.org"",
  ""@type"": ""JobPosting"",
  ""title"": ""회계 경리 , 창호견적 담당자 모집"",
  ""description"": ""㈜알파큐에서 정규직 경력 채용을 진행합니다. 근무지는 경기 화성시 남양읍 무하로110번길 24 (온석리)이며, 자세한 조건은 공고를 통해 확인할 수 있습니다."",
  ""datePosted"": ""2026-05-04"",
  ""validThrough"": ""2026-06-03T23:59"",
  ""employmentType"": [
    ""FULL_TIME"",
    ""CONTRACTOR""
  ],
  ""experienceRequirements"": ""경력"",
  ""educationRequirements"": ""학력무관"",
  ""directApply"": true,
  ""hiringOrganization"": {
    ""@type"": ""Organization"",
    ""name"": ""㈜알파큐""
  },
  ""jobLocation"": {
    ""@type"": ""Place"",
    ""address"": {
      ""@type"": ""PostalAddress"",
      ""streetAddress"": ""경기 화성시 남양읍 무하로110번길 24 (온석리) 알파큐""
    }
  },
  ""baseSalary"": {
    ""@type"": ""MonetaryAmount"",
    ""currency"": ""KRW"",
    ""value"": {
      ""@type"": ""QuantitativeValue"",
      ""value"": 2500000,
      ""unitText"": ""MONTH""
    }
  },
  ""identifier"": {
    ""@type"": ""PropertyValue"",
    ""name"": ""JobKorea"",
    ""value"": ""49100000""
  },
  ""url"": ""https://www.jobkorea.co.kr/Recruit/GI_Read/49100000""
}",success,
㈜성원애드피아,https://www.jobkorea.co.kr/Recruit/GI_Read/49100001,"(주)애드피아몰
판촉물 MD 담당자 채용
포지션
담당업무
자격요건/우대사항
MD팀
1. 상품 소싱 및 기획
- 판촉물/굿즈/프로모션 상품 카테고리 기획
-
외주 기반 상품 발굴 및 파트너(제조사/공급사) 소싱
-
해외 상품 소싱 및 신규 아이템 발굴 (중국/해외 플랫폼, 전시회 등)
-
시장 트렌드 기반 상품 기획 (시즌/행사/기업용 패키지 등)
-
인쇄/실사출력 상품과 연계된 상품 구성
2. 공급사 운영 관리
-
판촉물 공급사 발굴 및 관리
-
단가, 납기, 품질 기준 협의
-
성과 관리 및 이슈 대응
3. 상품 운영 및 매출 관리
-
상품 등록 및 카테고리 운영
-
매출/마진/전환율 분석 및 개선
-
베스트 상품 강화 및 비효율 상품 정리
-
고객 요청 기반 상품 확장 및 별도견적 대응
[자격요건]
- 4년제 대졸 이상
- 실무경력 5년이상 (포트폴리오 제출 필수)
-
데이터 기반 상품 운영 및 매출 분석 가능자
-
외주/협력사 기반 상품 운영 경험자
-
상품 소싱 및 가격 협상 경험 보유자
- 실행력과 속도가 있으신 분
- 오피스 프로그램 능숙하신 분
[우대요건]
-
판촉물 업체 / 기프트몰 / 인쇄업 경험자
-
B2B 영업 또는 기업 대상 상품 기획 경험
-
마켓플레이스(입점형 플랫폼) 운영 경험
-
실사출력 / 인쇄 후가공 이해도 보유자
모집기간
채용시 마감
채용절차
근무지
서울시 성동구 성수일로89 메타모르포르포
문의처
채용 담당자
유의사항
서류전형 통과자에 한하여 개발적으로 일정안내드립니다.
입사지원서의 기재사항이 허위판명 시 입사가 취소됩니다.
채용완료시 공고가 마감될 수 있습니다.","모집요강
모집분야
쇼핑몰 MD
모집인원
○
명
고용형태
정규직
(수습 3개월)
,
계약직
(근무기간 3개월)
직급/직책
급여
회사 내규에 따름 (면접 후 결정)
근무시간
주5일(월~금)
09:00 ~ 18:00
근무지주소
서울 성동구 성수일로 80 (성수동2가, 성원애드피아성수동공장) 8층
지도보기
인근지하철

지원자격
경력
경력
(5년이상)
학력
학력무관
스킬
핵심역량
계획성
,
성실성
,
꼼꼼함
,
협동심
,
메타인지
,
성장지향성
,
스트레스관리
,
윤리의식
,
자존감
,
적응성
,
창의성
,
성취지향성
우대조건
기본우대
인근거주자, 컴퓨터활용능력 우수자, 프리젠테이션 능력우수자, 유관업무 경험자(인턴·알바), 엑셀 고급능력 보유자, 문서작성 우수자, 관련 자격증 보유자, 리더쉽 소유자
우대전공

접수기간 · 방법
마감일은 기업의 사정으로 인해 조기 마감 또는 변경될 수 있습니다

기업 정보
기업정보 더보기
사원수
301 ~ 500명 이하
기업구분
중견기업 (비상장)
산업(업종)
출판·인쇄·사진
지도보기
위치
서울 성동구 성수동2가 284-51 성원빌딩","{
  ""@context"": ""https://schema.org"",
  ""@type"": ""JobPosting"",
  ""title"": ""(주)애드피아몰 -  판촉물 MD 담당자 채용"",
  ""description"": ""㈜성원애드피아에서 정규직 경력 채용을 진행합니다. 근무지는 서울 성동구 성수일로 80 (성수동2가, 성원애드피아성수동공장)이며, 자세한 조건은 공고를 통해 확인할 수 있습니다."",
  ""datePosted"": ""2026-05-04"",
  ""validThrough"": ""2026-06-03T23:59"",
  ""employmentType"": [
    ""FULL_TIME"",
    ""CONTRACTOR""
  ],
  ""experienceRequirements"": ""경력"",
  ""educationRequirements"": ""학력무관"",
  ""directApply"": true,
  ""hiringOrganization"": {
    ""@type"": ""Organization"",
    ""name"": ""㈜성원애드피아""
  },
  ""jobLocation"": {
    ""@type"": ""Place"",
    ""address"": {
      ""@type"": ""PostalAddress"",
      ""streetAddress"": ""서울 성동구 성수일로 80 (성수동2가, 성원애드피아성수동공장) 8층""
    }
  },
  ""identifier"": {
    ""@type"": ""PropertyValue"",
    ""name"": ""JobKorea"",
    ""value"": ""49100001""
  },
  ""url"": ""https://www.jobkorea.co.kr/Recruit/GI_Read/49100001""
}",success,
닥터존정형외과의원,https://www.jobkorea.co.kr/Recruit/GI_Read/49100002,,"모집요강
모집분야
간호조무사
모집인원
1
명
고용형태
정규직
(수습 3개월)
급여
연봉 2,900~2,900만원 (면접 후 결정)
근무시간
주6일(월~토)
09:00 ~ 18:00, 09:00 ~ 20:00, 09:00 ~ 13:00
평일 : 09:00~18:00 / 화,목 : 09:00~20:00(야간진료 근무 시 토요일 근무OFF) / 토 : 09:00~13:00 / 점심시간 : 13:00~14:00/
근무지주소
경북 포항시 북구 삼호로 287 (두호동, 존메디칼병원) 닥터존정형외과 2F, 3F
지도보기

지원자격
경력
경력무관
학력
학력무관
스킬
우대조건
기본우대
관련 학과 전공자, 유관업무 경력자
자격증

접수기간 · 방법
마감일은 기업의 사정으로 인해 조기 마감 또는 변경될 수 있습니다

기업 정보
기업정보 더보기
사원수
50명 이하
기업구분
중소기업 (비상장)
산업(업종)
일반 의원
지도보기
위치
경북 포항시 북구 삼호로 287 (두호동, 존메디칼병원) 닥터존정형외과 2F, 3F","{
  ""@context"": ""https://schema.org"",
  ""@type"": ""JobPosting"",
  ""title"": ""닥터존 정형외과에서 간호조무사 선생님을 모십니다.(외래 직원)"",
  ""description"": ""닥터존정형외과의원에서 정규직 경력무관 채용을 진행합니다. 근무지는 경북 포항시 북구 삼호로 287 (두호동, 존메디칼병원)이며, 자세한 조건은 공고를 통해 확인할 수 있습니다."",
  ""datePosted"": ""2026-05-04"",
  ""validThrough"": ""2027-05-03T15:00"",
  ""employmentType"": ""FULL_TIME"",
  ""experienceRequirements"": ""경력무관"",
  ""educationRequirements"": ""학력무관"",
  ""directApply"": true,
  ""hiringOrganization"": {
    ""@type"": ""Organization"",
    ""name"": ""닥터존정형외과의원""
  },
  ""jobLocation"": {
    ""@type"": ""Place"",
    ""address"": {
      ""@type"": ""PostalAddress"",
      ""streetAddress"": ""경북 포항시 북구 삼호로 287 (두호동, 존메디칼병원) 닥터존정형외과 2F, 3F""
    }
  },
  ""baseSalary"": {
    ""@type"": ""MonetaryAmount"",
    ""currency"": ""KRW"",
    ""value"": {
      ""@type"": ""QuantitativeValue"",
      ""unitText"": ""YEAR"",
      ""minValue"": 29000000,
      ""maxValue"": 29010000
    }
  },
  ""identifier"": {
    ""@type"": ""PropertyValue"",
    ""name"": ""JobKorea"",
    ""value"": ""49100002""
  },
  ""url"": ""https://www.jobkorea.co.kr/Recruit/GI_Read/49100002""
}",success,
㈜웹젠,https://www.jobkorea.co.kr/Recruit/GI_Read/49100003,,"모집요강
모집분야
마케팅
모집인원
○
명
고용형태
정규직
급여
회사 내규에 따름 (면접 후 결정)
근무지주소
서울 구로구 디지털로31길 12  (구로동) TP타워 2층
지도보기
인근지하철

지원자격
경력
경력
(3년이상)
학력
학력무관
스킬
,
MMP, runway, veo3

접수기간 · 방법
마감일은 기업의 사정으로 인해 조기 마감 또는 변경될 수 있습니다

기업 정보
기업정보 더보기
사원수
501 ~ 1,000명 이하
기업구분
중견기업 (코스닥 상장)
산업(업종)
게임·애니메이션
지도보기
위치
경기 성남시 분당구 판교로 242 (삼평동) 판교디지털센터 B동","{
  ""@context"": ""https://schema.org"",
  ""@type"": ""JobPosting"",
  ""title"": ""2026년 웹젠케이 수시채용"",
  ""description"": ""㈜웹젠에서 정규직 경력 채용을 진행합니다. 근무지는 서울 구로구 디지털로31길 12  (구로동)이며, 자세한 조건은 공고를 통해 확인할 수 있습니다."",
  ""datePosted"": ""2026-05-04"",
  ""validThrough"": ""2026-06-30T23:59"",
  ""employmentType"": ""FULL_TIME"",
  ""experienceRequirements"": ""경력"",
  ""educationRequirements"": ""학력무관"",
  ""directApply"": true,
  ""hiringOrganization"": {
    ""@type"": ""Organization"",
    ""name"": ""㈜웹젠""
  },
  ""jobLocation"": {
    ""@type"": ""Place"",
    ""address"": {
      ""@type"": ""PostalAddress"",
      ""streetAddress"": ""서울 구로구 디지털로31길 12  (구로동) TP타워 2층""
    }
  },
  ""identifier"": {
    ""@type"": ""PropertyValue"",
    ""name"": ""JobKorea"",
    ""value"": ""49100003""
  },
  ""url"": ""https://www.jobkorea.co.kr/Recruit/GI_Read/49100003""
}",success,
㈜비앤아이홀딩스,https://www.jobkorea.co.kr/Recruit/GI_Read/49100004,"㈜비앤아이홀딩스
부천 예손병원 관리과장 구인
주)비앤아이홀딩스는 부동산자산에 대한 종합관리업체이며 관리/보안/미화/주차 등 FM 기본업무와 동시에 
상권활성화/매매/임대 등 전문 PM업을 영위하고 있습니다.
포지션 및 자격요건
시설관리
( 1명 )
담당업무
ㆍ전반적인 시설물 종합관리
ㆍ관리실 민원응대 및 사무업무
ㆍ문서 및 기안작성
ㆍ시설직원관리
ㆍ소방선임, 승강기, 가스 등
자격요건
ㆍ학력 : 학력무관
ㆍ경력 : 경력3년↑
ㆍ자격증 : 전기기사  / 전기산업기사(무제한)(우대), 소방1급(필수), 가스시설안전관리자,
승강기 안전관리자 등
ㆍ컴퓨터 활용 가능자(문서, 기안등)
우대사항
ㆍ인근거주자
ㆍ그외 시설관리 자격증 소지자
ㆍ병원 시설관리 유경험자
※ 관리사무소 전화는 불가하며, 접수는 이메일로 접수해 주시기 바랍니다.
※ 사전 면접 약속 없이  내방하시는 과장 지원자 님들은 자제 부탁드립니다.
※ 상기 구인은 접수 기간보다 조기에  마감될 수 있으며 면접은 개별통보 후 진행 합니다.
전형절차
ㆍ서류전형 > 1차면접 > 2차면접 > 임원면접 > 최종합격
ㆍ면접일정은 추후 통보됩니다.
유의사항
ㆍ허위사실이 발견될 경우 채용이 취소될 수 있습니다.","모집요강
모집분야
시설관리
모집인원
1
명
고용형태
계약직
(근무기간 12개월, 정규직 전환 가능)
급여
월급 390~390만원
근무시간
주5일(월~금)
08:30 ~ 17:30
근무지주소
경기 부천시 원미구 부천로 206  (춘의동) 예손병원 관리사무소
지도보기
인근지하철

지원자격
경력
경력
(3년이상)
학력
학력무관
우대조건
자격증

접수기간 · 방법
마감일은 기업의 사정으로 인해 조기 마감 또는 변경될 수 있습니다

기업 정보
기업정보 더보기
사원수
51 ~ 300명 이하
기업구분
중소기업 (비상장)
산업(업종)
경영 컨설팅업
지도보기
위치
서울 강남구 역삼동 826-35 태영빌딩","{
  ""@context"": ""https://schema.org"",
  ""@type"": ""JobPosting"",
  ""title"": ""부천 예손병원 관리과장 구인"",
  ""description"": ""㈜비앤아이홀딩스에서 계약직 경력 채용을 진행합니다. 근무지는 경기 부천시 원미구 부천로 206  (춘의동)이며, 자세한 조건은 공고를 통해 확인할 수 있습니다."",
  ""datePosted"": ""2026-05-04"",
  ""validThrough"": ""2026-06-03T23:59"",
  ""employmentType"": ""CONTRACTOR"",
  ""experienceRequirements"": ""경력"",
  ""educationRequirements"": ""학력무관"",
  ""directApply"": true,
  ""hiringOrganization"": {
    ""@type"": ""Organization"",
    ""name"": ""㈜비앤아이홀딩스""
  },
  ""jobLocation"": {
    ""@type"": ""Place"",
    ""address"": {
      ""@type"": ""PostalAddress"",
      ""streetAddress"": ""경기 부천시 원미구 부천로 206  (춘의동) 예손병원 관리사무소""
    }
  },
  ""baseSalary"": {
    ""@type"": ""MonetaryAmount"",
    ""currency"": ""KRW"",
    ""value"": {
      ""@type"": ""QuantitativeValue"",
      ""unitText"": ""MONTH"",
      ""minValue"": 3900000,
      ""maxValue"": 3910000
    }
  },
  ""identifier"": {
    ""@type"": ""PropertyValue"",
    ""name"": ""JobKorea"",
    ""value"": ""49100004""
  },
  ""url"": ""https://www.jobkorea.co.kr/Recruit/GI_Read/49100004""
}",success,
㈜엔씨파이낸스대부,https://www.jobkorea.co.kr/Recruit/GI_Read/49100005,"㈜엔씨파이낸스대부
[중앙로역 인근] 대출심사 사무원 모집
포지션 및 자격요건
포지션
( 0명 )
자격요건
ㆍ고등학교 졸업 이상
ㆍ전화업무에 거부감이 없는 자
우대사항
ㆍOA 자격증 소지자
ㆍ상담원 등 전화업무 경험자 우대
담당업무
ㆍ
대출심사 사무원
- 서류심사를 통한 대출 진행 여부 판단
- 신용 대출 심사
- 담보 대출 심사
- 전산 입력 관리
- 계약서 관리
고용형태
ㆍ정규직 (
수습기간 3개월)
* 수습기간 3개월 내 급여 100% 지급
연
봉
ㆍ 3,000 만원 (2년 근속 시 평균 3,420만원)
※ 매년 인사평가를 통한 급여 인상
복리후생
ㆍ
패밀리 데이(매주 금요일 17:00 조기 퇴근), 경조사 지원, 장기근속 포상, 매월 회식비 지원, 고급 리조트 지원, 생일자 반차 휴가 지급, 연차수당 별도, 퇴직연금(DC) 적립 별도, 명절 상품권 지급, 분기 별 인센티브 有(목표 달성 시), 자녀학자금 지원
전형절차
ㆍ서류전형 > 1차면접 >  최종합격
ㆍ면접일정은 추후 통보됩니다.
유의사항
ㆍ입사지원 서류에 허위사실이 발견될 경우, 채용확정 이후라도 채용이 취소될 수 있습니다.
제
11
조(채용서류의 반환 등)
①
구인자는 구직자의 채용 여부가 확정된 이후 구직자(확정된 채용대상자는 제외한다)가 채용서류의 반환을 청구하는 경우에는 본인임을
확인한 후 대통령령으로 정하는 바에 따라 반환하여야 한다. 다만, 제7조제1항에 따라 홈페이지 또는 전자우편으로 제출된 경우나
구직자가 구인자의 요구 없이 자발적으로 제출한 경우에는 그러하지 아니하다.
②
제1항에 따른 구직자의 채용서류 반환 청구는 서면 또는 전자적 방법 등 고용노동부령으로 정하는 바에 따라 하여야 한다.
③
구인자는 제1항에 따른 구직자의 반환 청구에 대비하여 대통령령으로 정하는 기간 동안 채용서류를 보관하여야 한다. 다만, 천재지변이나
그 밖에 구인자에게 책임 없는 사유로 채용서류가 멸실된 경우 구인자는 제1항에 따른 채용서류의 반환 의무를 이행한 것으로 본다.
④
구인자는 대통령령으로 정한 반환의 청구기간이 지난 경우 및 채용서류를 반환하지 아니한 경우에는 「개인정보 보호법」에 따라
채용서류를 파기하여야 한다.
⑤
제1항에 따른 채용서류의 반환에 소요되는 비용은 원칙적으로 구인자가 부담한다. 다만, 구인자는 대통령령으로 정하는 범위에서
채용서류의 반환에 소요되는 비용을 구직자에게 부담하게 할 수 있다.
⑥
구인자는 제1항부터 제5항까지의 규정을 채용 여부가 확정되기 전까지 구직자에게 알려야 한다.","모집요강
모집분야
대출심사 사무원
모집인원
○
명
고용형태
정규직
급여
연봉 3,000~3,000만원
근무시간
주5일(월~금)
09:00 ~ 18:00
근무지주소
대구 중구 국채보상로 535 (수동) 태남빌딩
지도보기
인근지하철

지원자격
경력
신입
학력
고졸이상
우대조건
기본우대
인근거주자, 유관업무 경험자(인턴·알바), 즉시출근 가능자, 장기근무 가능자

접수기간 · 방법
마감일은 기업의 사정으로 인해 조기 마감 또는 변경될 수 있습니다

기업 정보
기업정보 더보기
사원수
51 ~ 300명 이하
기업구분
중소기업 (비상장)
산업(업종)
그 외 기타 여신금융업
지도보기
위치
서울 구로구 디지털로30길 28 (구로동, 마리오타워) 210호","{
  ""@context"": ""https://schema.org"",
  ""@type"": ""JobPosting"",
  ""title"": ""[중앙로역 인근] 대출심사 사무원 모집"",
  ""description"": ""㈜엔씨파이낸스대부에서 정규직 신입 채용을 진행합니다. 근무지는 대구 중구 국채보상로 535 (수동)이며, 자세한 조건은 공고를 통해 확인할 수 있습니다."",
  ""datePosted"": ""2026-05-04"",
  ""validThrough"": ""2026-06-03T23:59"",
  ""employmentType"": ""FULL_TIME"",
  ""experienceRequirements"": ""신입"",
  ""educationRequirements"": ""고졸 이상"",
  ""directApply"": true,
  ""hiringOrganization"": {
    ""@type"": ""Organization"",
    ""name"": ""㈜엔씨파이낸스대부""
  },
  ""jobLocation"": {
    ""@type"": ""Place"",
    ""address"": {
      ""@type"": ""PostalAddress"",
      ""streetAddress"": ""대구 중구 국채보상로 535 (수동) 태남빌딩""
    }
  },
  ""baseSalary"": {
    ""@type"": ""MonetaryAmount"",
    ""currency"": ""KRW"",
    ""value"": {
      ""@type"": ""QuantitativeValue"",
      ""unitText"": ""YEAR"",
      ""minValue"": 30000000,
      ""maxValue"": 30010000
    }
  },
  ""identifier"": {
    ""@type"": ""PropertyValue"",
    ""name"": ""JobKorea"",
    ""value"": ""49100005""
  },
  ""url"": ""https://www.jobkorea.co.kr/Recruit/GI_Read/49100005""
}",success,
듀오정보㈜,https://www.jobkorea.co.kr/Recruit/GI_Read/49100006,,"모집요강
모집분야
커플매니저
모집인원
○○
명
고용형태
정규직
(수습 3개월)
,
계약직
(근무기간 24개월, 정규직 전환 가능)
급여
회사 내규에 따름 (면접 후 결정)
근무지주소
서울 강남구 강남대로 406 (역삼동, GLASSTOWER) 12층
지도보기
인근지하철

지원자격
경력
신입·경력
학력
초대졸이상

접수기간 · 방법
마감일은 기업의 사정으로 인해 조기 마감 또는 변경될 수 있습니다

기업 정보
기업정보 더보기
사원수
51 ~ 300명 이하
기업구분
중견기업 (비상장)
산업(업종)
웨딩·상조·이벤트
지도보기
위치
서울 강남구 역삼동 820-9 글라스타워 11층","{
  ""@context"": ""https://schema.org"",
  ""@type"": ""JobPosting"",
  ""title"": ""[듀오/서울본사] 커플매니저 신입 및 경력 직원 모집"",
  ""description"": ""듀오정보㈜에서 정규직 신입·경력 채용을 진행합니다. 근무지는 서울 강남구 강남대로 406 (역삼동, GLASSTOWER)이며, 자세한 조건은 공고를 통해 확인할 수 있습니다."",
  ""datePosted"": ""2026-05-04"",
  ""validThrough"": ""2026-05-31T23:59"",
  ""employmentType"": [
    ""FULL_TIME"",
    ""CONTRACTOR""
  ],
  ""experienceRequirements"": ""신입·경력"",
  ""educationRequirements"": ""초대졸 이상"",
  ""directApply"": true,
  ""hiringOrganization"": {
    ""@type"": ""Organization"",
    ""name"": ""듀오정보㈜""
  },
  ""jobLocation"": {
    ""@type"": ""Place"",
    ""address"": {
      ""@type"": ""PostalAddress"",
      ""streetAddress"": ""서울 강남구 강남대로 406 (역삼동, GLASSTOWER) 12층""
    }
  },
  ""identifier"": {
    ""@type"": ""PropertyValue"",
    ""name"": ""JobKorea"",
    ""value"": ""49100006""
  },
  ""url"": ""https://www.jobkorea.co.kr/Recruit/GI_Read/49100006""
}",success,
㈜메디팩토리,https://www.jobkorea.co.kr/Recruit/GI_Read/49100007,"㈜메디팩토리
의약외품 약국 오프라인 영업사원모집
㈜메디팩토리는 2018년에 설립된 회사로 사원수 7명 규모의 중소기업입니다. 경기 양주시 청담로84번길 11 (고읍동)에 위치하고 있으며, 의약외품,의료기기 및 생활용품등 약국유통과 도.소매업 및 온라인유통판매회사사업을 하고 있습니다.
포지션 및 자격요건
의약외품 약국 오프라인 영업사원모집
( 1명 )
담당업무
ㆍ약국 오프라인 영업(주문및 배송,약국관리)
스킬
ㆍ운전면허, 컴퓨터활용능력
자격요건
ㆍ학력 : 초대졸이상 (졸업예정자 가능)
ㆍ경력 : 경력무관
우대사항
전형절차
ㆍ서류전형 > 1차면접 > 2차면접 > 임원면접 > 최종합격
ㆍ면접일정은 추후 통보됩니다.
유의사항
ㆍ허위사실이 발견될 경우 채용이 취소될 수 있습니다.","모집요강
모집분야
의약외품 약국 오프라인 영업사원모집
모집인원
1
명
고용형태
계약직
(근무기간 12개월, 정규직 전환 가능)
직급/직책
급여
연봉 2,700만원 이상 (면접 후 결정)
근무시간
주5일(월~금)
09:00 ~ 18:00
근무지주소
경기 양주시 청담로84번길 11 (고읍동) 2층
지도보기

지원자격
경력
경력무관
학력
초대졸이상
(졸업예정자 가능)
스킬

접수기간 · 방법
마감일은 기업의 사정으로 인해 조기 마감 또는 변경될 수 있습니다

기업 정보
기업정보 더보기
사원수
50명 이하
기업구분
중소기업 (비상장)
산업(업종)
의료기기 도매업
지도보기
위치
경기 양주시 청담로84번길 11 (고읍동) 2층","{
  ""@context"": ""https://schema.org"",
  ""@type"": ""JobPosting"",
  ""title"": ""의약외품 약국 오프라인 영업사원모집"",
  ""description"": ""㈜메디팩토리에서 계약직 경력무관 채용을 진행합니다. 근무지는 경기 양주시 청담로84번길 11 (고읍동)이며, 자세한 조건은 공고를 통해 확인할 수 있습니다."",
  ""datePosted"": ""2026-05-04"",
  ""validThrough"": ""2026-06-03T23:59"",
  ""employmentType"": ""CONTRACTOR"",
  ""experienceRequirements"": ""경력무관"",
  ""educationRequirements"": ""초대졸 이상"",
  ""directApply"": true,
  ""hiringOrganization"": {
    ""@type"": ""Organization"",
    ""name"": ""㈜메디팩토리""
  },
  ""jobLocation"": {
    ""@type"": ""Place"",
    ""address"": {
      ""@type"": ""PostalAddress"",
      ""streetAddress"": ""경기 양주시 청담로84번길 11 (고읍동) 2층""
    }
  },
  ""baseSalary"": {
    ""@type"": ""MonetaryAmount"",
    ""currency"": ""KRW"",
    ""value"": {
      ""@type"": ""QuantitativeValue"",
      ""value"": 27000000,
      ""unitText"": ""YEAR""
    }
  },
  ""identifier"": {
    ""@type"": ""PropertyValue"",
    ""name"": ""JobKorea"",
    ""value"": ""49100007""
  },
  ""url"": ""https://www.jobkorea.co.kr/Recruit/GI_Read/49100007""
}",success,
,https://www.jobkorea.co.kr/Recruit/GI_Read/49100008,,,,fail,HTTP status code 404
우아의료재단길메리요양병원,https://www.jobkorea.co.kr/Recruit/GI_Read/49100009,"우아의료재단길메리요양병원
재활요양병원 감염관리간호사 채용
우아의료재단길메리요양병원은 2011년에 설립된 회사로 자본금 22억 9,576만원, 매출액 125억 4,938만원, 사원수 90명 규모의 비영리법인입니다. 울산 중구 서원1길 106 (반구동, 길메리병원)에 위치하고 있으며, 보건업 요양병원사업을 하고 있습니다.
포지션 및 자격요건
재활요양병원 감염관리간호사 채용
( 1명 )
담당업무
ㆍ요양병원 감염관리
스킬
ㆍ간호사 면허 필수, 감염관리간호사 자격
자격요건
ㆍ학력 : 대졸 이상
ㆍ경력 : 신입·경력
우대사항
ㆍ유관업무 경력자(1년 이상) 우대
ㆍ감염관리간호사 자격 우대
전형절차
ㆍ서류전형 > 1차면접 > 2차면접 > 임원면접 > 최종합격
ㆍ면접일정은 추후 통보됩니다.
유의사항
ㆍ허위사실이 발견될 경우 채용이 취소될 수 있습니다.","모집요강
모집분야
재활요양병원 감염관리간호사 채용
모집인원
1
명
고용형태
정규직
직급/직책
급여
회사 내규에 따름 (면접 후 결정)
근무시간
주5일(월~금)
09:00 ~ 18:00
근무지주소
울산 중구 서원1길 106 (반구동, 길메리병원) 길메리요양병원
지도보기

지원자격
경력
신입·경력
(1년이상)
학력
학력무관
스킬
간호사 면허 필수,  감염관리간호사 자격

접수기간 · 방법
마감일은 기업의 사정으로 인해 조기 마감 또는 변경될 수 있습니다

기업 정보
기업정보 더보기
사원수
51 ~ 300명 이하
기업구분
비영리법인 (비상장)
산업(업종)
요양 병원
지도보기
위치
울산 중구 서원1길 106 (반구동, 길메리병원) 길메리요양병원","{
  ""@context"": ""https://schema.org"",
  ""@type"": ""JobPosting"",
  ""title"": ""재활요양병원 감염관리간호사 채용"",
  ""description"": ""우아의료재단길메리요양병원에서 정규직 신입·경력 채용을 진행합니다. 근무지는 울산 중구 서원1길 106 (반구동, 길메리병원)이며, 자세한 조건은 공고를 통해 확인할 수 있습니다."",
  ""datePosted"": ""2026-05-04"",
  ""validThrough"": ""2026-06-03T23:59"",
  ""employmentType"": ""FULL_TIME"",
  ""experienceRequirements"": ""신입·경력"",
  ""educationRequirements"": ""학력무관"",
  ""directApply"": true,
  ""hiringOrganization"": {
    ""@type"": ""Organization"",
    ""name"": ""우아의료재단길메리요양병원""
  },
  ""jobLocation"": {
    ""@type"": ""Place"",
    ""address"": {
      ""@type"": ""PostalAddress"",
      ""streetAddress"": ""울산 중구 서원1길 106 (반구동, 길메리병원) 길메리요양병원""
    }
  },
  ""identifier"": {
    ""@type"": ""PropertyValue"",
    ""name"": ""JobKorea"",
    ""value"": ""49100009""
  },
  ""url"": ""https://www.jobkorea.co.kr/Recruit/GI_Read/49100009""
}",success,
㈜구일팔,https://www.jobkorea.co.kr/Recruit/GI_Read/49100010,,"모집요강
모집분야
기술영업
모집인원
1
명
고용형태
정규직
직급/직책
급여
연봉 2,600~3,600만원 (면접 후 결정)
근무시간
주5일(월~금)
09:00 ~ 18:00
근무지주소
서울 송파구 방이동  109-5
지도보기
인근지하철

지원자격
경력
신입
학력
학력무관
스킬

접수기간 · 방법
마감일은 기업의 사정으로 인해 조기 마감 또는 변경될 수 있습니다

기업 정보
기업정보 더보기
사원수
50명 이하
기업구분
중소기업 (비상장)
산업(업종)
정보보안
지도보기
위치
서울 송파구 방이동  109-5","{
  ""@context"": ""https://schema.org"",
  ""@type"": ""JobPosting"",
  ""title"": ""CAD 소프트웨어 영업 사원 채용 공고 (성별 학력 무관)"",
  ""description"": ""㈜구일팔에서 정규직 신입 채용을 진행합니다. 근무지는 서울 송파구 방이동이며, 자세한 조건은 공고를 통해 확인할 수 있습니다."",
  ""datePosted"": ""2026-05-04"",
  ""validThrough"": ""2026-06-03T23:59"",
  ""employmentType"": ""FULL_TIME"",
  ""experienceRequirements"": ""신입"",
  ""educationRequirements"": ""학력무관"",
  ""directApply"": true,
  ""hiringOrganization"": {
    ""@type"": ""Organization"",
    ""name"": ""㈜구일팔""
  },
  ""jobLocation"": {
    ""@type"": ""Place"",
    ""address"": {
      ""@type"": ""PostalAddress"",
      ""streetAddress"": ""서울 송파구 방이동  109-5 ""
    }
  },
  ""baseSalary"": {
    ""@type"": ""MonetaryAmount"",
    ""currency"": ""KRW"",
    ""value"": {
      ""@type"": ""QuantitativeValue"",
      ""unitText"": ""YEAR"",
      ""minValue"": 26000000,
      ""maxValue"": 36010000
    }
  },
  ""identifier"": {
    ""@type"": ""PropertyValue"",
    ""name"": ""JobKorea"",
    ""value"": ""49100010""
  },
  ""url"": ""https://www.jobkorea.co.kr/Recruit/GI_Read/49100010""
}",success,
근로복지공단,https://www.jobkorea.co.kr/Recruit/GI_Read/49100011,"근로복지공단
채용제목을 입력해주세요
※ 자세한 상세요강은 반드시 채용 홈페이지에서 직접 확인해 주시기 바랍니다.","모집요강
모집분야
전기기계통신기사-기계분야
모집인원
○
명
고용형태
계약직
급여
회사 내규에 따름
근무지주소
인천 부평구 무네미로 446 (구산동, 근로복지공단인천병원)
지도보기

지원자격
경력
신입

접수기간 · 방법
마감일은 기업의 사정으로 인해 조기 마감 또는 변경될 수 있습니다

기업 정보
기업정보 더보기
사원수
10,001명 이상
기업구분
공공기관 (-)
산업(업종)
보건 및 복지 행정
위치
울산광역시 중구 종가로 340  (교동) 근로복지공단","{
  ""@context"": ""https://schema.org"",
  ""@type"": ""JobPosting"",
  ""title"": ""[인천병원] 공무직(전기기계통신기사-기계분야) 채용"",
  ""description"": ""근로복지공단에서 계약직 신입 채용을 진행합니다. 근무지는 인천 부평구 무네미로 446 (구산동, 근로복지공단인천병원)이며, 자세한 조건은 공고를 통해 확인할 수 있습니다."",
  ""datePosted"": ""2026-04-30"",
  ""validThrough"": ""2026-05-07T17:30"",
  ""employmentType"": ""CONTRACTOR"",
  ""experienceRequirements"": ""신입"",
  ""educationRequirements"": ""학력무관"",
  ""directApply"": true,
  ""hiringOrganization"": {
    ""@type"": ""Organization"",
    ""name"": ""근로복지공단""
  },
  ""jobLocation"": {
    ""@type"": ""Place"",
    ""address"": {
      ""@type"": ""PostalAddress"",
      ""streetAddress"": ""인천 부평구 무네미로 446 (구산동, 근로복지공단인천병원) ""
    }
  },
  ""identifier"": {
    ""@type"": ""PropertyValue"",
    ""name"": ""JobKorea"",
    ""value"": ""49100011""
  },
  ""url"": ""https://www.jobkorea.co.kr/Recruit/GI_Read/49100011""
}",success,
(주)유베이스,https://www.jobkorea.co.kr/Recruit/GI_Read/49100012,202604280004 / C_43 /,"모집요강
모집분야
SV 슈퍼바이저
모집인원
○○
명
고용형태
정규직
(수습 3개월)
직급/직책
급여
회사 내규에 따름 (면접 후 결정)
근무시간
주5일(월~금)
09:00 ~ 18:00
공고이미지확인 필수
근무지주소
경기 부천시 원미구 부일로 223 (상동, 뉴코아중동백화점) 투나빌딩
지도보기
인근지하철

지원자격
경력
경력무관
학력
학력무관
우대조건
기본우대
컴퓨터활용능력 우수자, 유관업무 경험자(인턴·알바)

접수기간 · 방법
마감일은 기업의 사정으로 인해 조기 마감 또는 변경될 수 있습니다

기업 정보
기업정보 더보기
사원수
1,001 ~ 10,000명 이하
기업구분
중견기업 (비상장)
산업(업종)
콜센터·아웃소싱·기타
지도보기
위치
서울 용산구 한강대로38길 37 (용산동5가) 유베이스","{
  ""@context"": ""https://schema.org"",
  ""@type"": ""JobPosting"",
  ""title"": ""유베이스 LG전자 관리자 채용 (QA 및 교육] R9M"",
  ""description"": ""(주)유베이스에서 정규직 경력무관 채용을 진행합니다. 근무지는 경기 부천시 원미구 부일로 223 (상동, 뉴코아중동백화점)이며, 자세한 조건은 공고를 통해 확인할 수 있습니다."",
  ""datePosted"": ""2026-05-04"",
  ""validThrough"": ""2026-06-03T23:59"",
  ""employmentType"": ""FULL_TIME"",
  ""experienceRequirements"": ""경력무관"",
  ""educationRequirements"": ""학력무관"",
  ""directApply"": true,
  ""hiringOrganization"": {
    ""@type"": ""Organization"",
    ""name"": ""(주)유베이스""
  },
  ""jobLocation"": {
    ""@type"": ""Place"",
    ""address"": {
      ""@type"": ""PostalAddress"",
      ""streetAddress"": ""경기 부천시 원미구 부일로 223 (상동, 뉴코아중동백화점) 투나빌딩""
    }
  },
  ""identifier"": {
    ""@type"": ""PropertyValue"",
    ""name"": ""JobKorea"",
    ""value"": ""49100012""
  },
  ""url"": ""https://www.jobkorea.co.kr/Recruit/GI_Read/49100012""
}",success,
㈜올메디쿠스,https://www.jobkorea.co.kr/Recruit/GI_Read/49100013,"㈜올메디쿠스를 소개해요
올메디쿠스는 21세기 VISION을 바이오/의료기 기술 및 정보화 기술개발을 통한 기업이윤 창출에 두고, 종합혈액진단기술
사업과 바이오센서기술 사업을 핵심사업으로 성장시킬 예정이다.
주식회사 올메디쿠스에서 연구개발을 함께 할 유능한 인재를 모십니다.
[부서소개]
ㆍ분자진단연구소에서는 다양한 질병 (감염성 질환, 암 등)의 진단 키트를 연구 개발 하고 있습니다.
ㆍ등온증폭, Real-time PCR 기반의 진단키트 개발부터 허가까지 제품 개발의 전주기에 참여하여 직무를 수행합니다.
이런 업무를 해요
ㆍ다양한 질병의 분자진단 키트 개발
ㆍ개발된 키트의 성능시험을 포함한 인허가 과정 참여
ㆍ사내 개발 문서 작성
ㆍ연구소 운영을 위한 제반 업무 등
이런 분들을 찾고 있어요
ㆍ학력 : 대학원(석사)이상
생명과학, 의·약학 등 바이오 관련 전공자
[필요역량/인재상]
ㆍ업무에 대한 책임감 및 적극적인 연구 자세
ㆍ팀원과의 화합 및 원활한 소통 능력
ㆍ독립적인 업무수행이 가능하고, 문제에 대한 해결책을 제시 하는 자세
ㆍ빠른 Trend 변화에 대한 유연한 대처능력
ㆍ다르게 생각하고 행동하는 창의적인 자세
[기타사항]
ㆍ서류 제출 후 면접 대상자에 한해서 일주일 이내에 유선으로 통보 합니다.
ㆍ1차 면접은 상황에 따라서 비대면 면접(화상면접)으로 진행 될 수 있습니다.
ㆍ입사지원 서류에 허위사실이 있을 경우, 채용 확정 이후라도 채용이 취소 될 수 있습니다.
ㆍ채용 서류는 서류 심사 목적 이외에는 사용되지 않으며, 채용 기간이 끝난 후 개인정보보호법에 의거하여 파기됩니다.
ㆍ수습기간 중 급여 및 처우는 정규직과 동일하며, 수습기간은 전체 근속년수에 포함됩니다.
이런 분이면 더 좋아요
ㆍ해당 직무 경력자
ㆍ등온증폭 또는 Real-time PCR 기반 분자진단 키트 개발 유경험자
ㆍ분자진단 키트 개발을 위한 in-silico analysis 경험자
이런 조건에서 근무할 예정이에요
ㆍ고용 형태 : 정규직(수습 3개월)
ㆍ근무지 주소 : 경기 안양시 동안구 관양2동 823번지 동일테크노타운 7차 7608호
지도보기
ㆍ근무 요일/시간 : 주5일(월~금) 09:00 ~ 18:00
합류 여정은 이렇게 진행돼요
ㆍ서류전형 > 1차면접(기술면접) > 2차면접(임원진면접) > 최종합격
ㆍ면접일정은 추후 통보됩니다.
지원 시 유의해주세요
허위사실이 발견될 경우 채용이 취소될 수 있습니다.","기업 정보
기업정보 더보기
사원수
51 ~ 300명 이하
기업구분
중소기업 (비상장)
산업(업종)
전기식 진단 및 요법 기기 제조업
지도보기
위치
경기 안양시 동안구 관양2동 823번지 동일테크노타운 7차 7608호","{
  ""@context"": ""https://schema.org"",
  ""@type"": ""JobPosting"",
  ""title"": ""분자 진단팀 연구원"",
  ""description"": ""㈜올메디쿠스에서 정규직 경력무관 채용을 진행합니다. 근무지는 경기 안양시 동안구 관양2동이며, 자세한 조건은 공고를 통해 확인할 수 있습니다."",
  ""datePosted"": ""2026-05-04"",
  ""validThrough"": ""2026-06-03T23:59"",
  ""employmentType"": ""FULL_TIME"",
  ""experienceRequirements"": ""경력무관"",
  ""educationRequirements"": ""대학원(석사) 이상"",
  ""directApply"": true,
  ""hiringOrganization"": {
    ""@type"": ""Organization"",
    ""name"": ""㈜올메디쿠스""
  },
  ""jobLocation"": {
    ""@type"": ""Place"",
    ""address"": {
      ""@type"": ""PostalAddress"",
      ""streetAddress"": ""경기 안양시 동안구 관양2동 823번지 동일테크노타운 7차 7608호""
    }
  },
  ""baseSalary"": {
    ""@type"": ""MonetaryAmount"",
    ""currency"": ""KRW"",
    ""value"": {
      ""@type"": ""QuantitativeValue"",
      ""unitText"": ""YEAR"",
      ""minValue"": 35000000,
      ""maxValue"": 50010000
    }
  },
  ""identifier"": {
    ""@type"": ""PropertyValue"",
    ""name"": ""JobKorea"",
    ""value"": ""49100013""
  },
  ""url"": ""https://www.jobkorea.co.kr/Recruit/GI_Read/49100013""
}",success,
㈜아리아스튜디오,https://www.jobkorea.co.kr/Recruit/GI_Read/49100014,,"모집요강
모집분야
버추얼 2D 원화가
모집인원
0
명
고용형태
정규직
,
계약직
급여
회사 내규에 따름
근무지주소
대한민국 서울특별시 강남구 역삼로 132, 5층
지도보기

지원자격
경력
경력무관
학력
학력무관

접수기간 · 방법
마감일은 기업의 사정으로 인해 조기 마감 또는 변경될 수 있습니다

기업 정보
기업정보 더보기
사원수
50명 이하
기업구분
중소기업 (비상장)
산업(업종)
일반 영화 및 비디오물 제작업
지도보기
위치
서울 강남구 역삼로 175 (역삼동, 현승빌딩) 5층","{
  ""@context"": ""https://schema.org"",
  ""@type"": ""JobPosting"",
  ""title"": ""[아리아스튜디오] 버추얼 2D원화가 모집"",
  ""description"": ""㈜아리아스튜디오에서 정규직 경력무관 채용을 진행합니다. 근무지는 대한민국 서울특별시 강남구 역삼로 132, 5층이며, 자세한 조건은 공고를 통해 확인할 수 있습니다."",
  ""datePosted"": ""2026-05-08"",
  ""validThrough"": ""2026-07-03T23:59"",
  ""employmentType"": [
    ""FULL_TIME"",
    ""CONTRACTOR""
  ],
  ""experienceRequirements"": ""경력무관"",
  ""educationRequirements"": ""학력무관"",
  ""directApply"": true,
  ""hiringOrganization"": {
    ""@type"": ""Organization"",
    ""name"": ""㈜아리아스튜디오""
  },
  ""jobLocation"": {
    ""@type"": ""Place"",
    ""address"": {
      ""@type"": ""PostalAddress"",
      ""streetAddress"": ""대한민국 서울특별시 강남구 역삼로 132, 5층 ""
    }
  },
  ""identifier"": {
    ""@type"": ""PropertyValue"",
    ""name"": ""JobKorea"",
    ""value"": ""49100014""
  },
  ""url"": ""https://www.jobkorea.co.kr/Recruit/GI_Read/49100014""
}",success,
주식회사이화,https://www.jobkorea.co.kr/Recruit/GI_Read/49100015,"주식회사이화
경리업무 전반 정규직채용
주식회사이화는 1973년에 설립된 회사로 사원수 20명 규모의 중소기업입니다. 경기 파주시 월롱면에 위치하고 있으며, 편지봉투, 서류봉투, 노트, 수첩, 계산서류, 서식류 등 문구 사무용품 제조사업을 하고 있습니다.
포지션 및 자격요건
경리 및 거래처 관리
( 1명 )
담당업무
ㆍ상세내용을 입력하세요
ㆍ상세내용을 입력하세요
자격요건
ㆍ학력 : 고졸이상
ㆍ경력 : 경력
우대사항
ㆍ컴퓨터활용능력 우수자
전형절차
ㆍ서류전형 > 1차면접 > 2차면접 > 임원면접 > 최종합격
ㆍ면접일정은 추후 통보됩니다.
유의사항
ㆍ허위사실이 발견될 경우 채용이 취소될 수 있습니다.","모집요강
모집분야
경리 및 거래처 관리
모집인원
1
명
고용형태
정규직
급여
회사 내규에 따름 (면접 후 결정)
근무시간
주5일(월~금)
09:00 ~ 18:00
근무지주소
경기 파주시 월롱면 누현1길 85
지도보기

지원자격
경력
경력
학력
고졸이상
우대조건
기본우대
컴퓨터활용능력 우수자

접수기간 · 방법
마감일은 기업의 사정으로 인해 조기 마감 또는 변경될 수 있습니다

기업 정보
기업정보 더보기
사원수
50명 이하
기업구분
중소기업 (비상장)
산업(업종)
생활용품·소비재·기타
지도보기
위치
경기 파주시 월롱면 누현1길 85","{
  ""@context"": ""https://schema.org"",
  ""@type"": ""JobPosting"",
  ""title"": ""경리업무 전반 정규직채용"",
  ""description"": ""주식회사이화에서 정규직 경력 채용을 진행합니다. 근무지는 경기 파주시 월롱면이며, 자세한 조건은 공고를 통해 확인할 수 있습니다."",
  ""datePosted"": ""2026-05-04"",
  ""validThrough"": ""2026-06-03T23:59"",
  ""employmentType"": ""FULL_TIME"",
  ""experienceRequirements"": ""경력"",
  ""educationRequirements"": ""고졸 이상"",
  ""directApply"": true,
  ""hiringOrganization"": {
    ""@type"": ""Organization"",
    ""name"": ""주식회사이화""
  },
  ""jobLocation"": {
    ""@type"": ""Place"",
    ""address"": {
      ""@type"": ""PostalAddress"",
      ""streetAddress"": ""경기 파주시 월롱면 누현1길 85""
    }
  },
  ""identifier"": {
    ""@type"": ""PropertyValue"",
    ""name"": ""JobKorea"",
    ""value"": ""49100015""
  },
  ""url"": ""https://www.jobkorea.co.kr/Recruit/GI_Read/49100015""
}",success,
,https://www.jobkorea.co.kr/Recruit/GI_Read/49100016,,,,fail,HTTP status code 404
대현산업,https://www.jobkorea.co.kr/Recruit/GI_Read/49100017,"대현산업
생산/제조 경력무관 정규직 채용
포지션 및 자격요건
생산/제조 경력무관 정규직 채용
( 1명 )
담당업무
ㆍ토이론(pe폼), 에어캡(뽁뽁이) 생산 및 가공
핵심역량
ㆍ
성실성,
협동심,
꼼꼼함, 윤리의식, 적응성
자격요건
ㆍ학력 : 학력무관
ㆍ경력 : 경력무관
전형절차
ㆍ서류전형 > 1차면접 >  최종합격
ㆍ면접일정은 추후 통보됩니다.
유의사항
ㆍ허위사실이 발견될 경우 채용이 취소될 수 있습니다.","모집요강
모집분야
생산/제조 경력무관 정규직 채용
모집인원
1
명
고용형태
정규직
급여
연봉 3,120만원 이상
근무시간
주5일(월~금)
08:00 ~ 18:00
점심 시간 1시간, 근무 시간 내 휴게 시간 있음
근무지주소
경남 김해시 한림면 안곡리 357-2  대현산업
지도보기

지원자격
경력
경력무관
학력
학력무관
핵심역량
성실성
,
협동심
,
꼼꼼함
,
윤리의식
,
적응성

접수기간 · 방법
마감일은 기업의 사정으로 인해 조기 마감 또는 변경될 수 있습니다

기업 정보
기업정보 더보기
사원수
-
기업구분
중소기업 (-)
산업(업종)
금속·재료·자재
지도보기
위치
경남 김해시 한림면 안곡리 357-2  대현산업","{
  ""@context"": ""https://schema.org"",
  ""@type"": ""JobPosting"",
  ""title"": ""생산/제조 경력무관 정규직 채용"",
  ""description"": ""대현산업에서 정규직 경력무관 채용을 진행합니다. 근무지는 경남 김해시 한림면 안곡리이며, 자세한 조건은 공고를 통해 확인할 수 있습니다."",
  ""datePosted"": ""2026-05-04"",
  ""validThrough"": ""2026-06-03T23:59"",
  ""employmentType"": ""FULL_TIME"",
  ""experienceRequirements"": ""경력무관"",
  ""educationRequirements"": ""학력무관"",
  ""directApply"": true,
  ""hiringOrganization"": {
    ""@type"": ""Organization"",
    ""name"": ""대현산업""
  },
  ""jobLocation"": {
    ""@type"": ""Place"",
    ""address"": {
      ""@type"": ""PostalAddress"",
      ""streetAddress"": ""경남 김해시 한림면 안곡리 357-2  대현산업""
    }
  },
  ""baseSalary"": {
    ""@type"": ""MonetaryAmount"",
    ""currency"": ""KRW"",
    ""value"": {
      ""@type"": ""QuantitativeValue"",
      ""value"": 31200000,
      ""unitText"": ""YEAR""
    }
  },
  ""identifier"": {
    ""@type"": ""PropertyValue"",
    ""name"": ""JobKorea"",
    ""value"": ""49100017""
  },
  ""url"": ""https://www.jobkorea.co.kr/Recruit/GI_Read/49100017""
}",success,
셀플러스,https://www.jobkorea.co.kr/Recruit/GI_Read/49100018,"셀플러스
[해외 수출입 ]
채용
셀플러스는 2004년에 설립된 회사로  사원수 50명 규모의 중소기업 입니다. 경기 용인시 처인구 남사면 상동로 106 (완장리)에 위치하고 있으며, 카페음료 파우더를 생산하는 식품제조 전문회사로서 자사생산제품의 해외영업 및 수출입 업무를
담당 할  인재를 모집합니다.
근무지: 영업사무소 -> 경기도 과천시 과천대로7길 33(갈현동, 디테크타워과천) 디테크타워 A동 1202호
자세한 사항은
www.cellplus.kr
확인하세요.
모집분야 및 자격요건
모집분야 및 자격요건
모집분야
담당업무
자격요건
모집인원
해외
수출입 업무
해외
수출입 관련 업무
학력: 대졸이상 (졸업예정자 가능)
경력: 경력무관
[우대조건]
영어가능자
인근거주자
청년층
유관업무 경력자
밝고 진취적인 분
해외여행결격사유없는분
1명
근무조건
근무형태 : 정규직(수습:협의)
근무지 : 경기도 과천시 과천대로7길 33 디테크타워 A동 1202호
근무요일 : 주5일
급여 : 회사내규에 따름(면접 후 결정)
전형절차
서류전형
>
1차면접
>
2차면접
>
임원면접
>
최종합격
※ 면접일정은 추후 통보됩니다.
접수방법
채용시 조기마감
접수방법 : 잡코리아 접수, e-메일
이력서 : 잡코리아이력서
제출서류
이력서, 자기소개서 제출
기타사항
허위사실이 발견될 경우 채용이 취소될 수 있습니다.
셀플러스
취업 준비의 시작은
에서!","모집요강
모집분야
식품제조회사 해외 수출입 및 영업지원 채용
모집인원
1
명
고용형태
정규직
(협의)
직급/직책
급여
회사 내규에 따름 (면접 후 결정)
근무시간
주5일(월~금)
근무지주소
경기 과천시 과천대로7길 33 (갈현동, 디테크타워과천) 디테크타워 A동 1202호
지도보기

지원자격
경력
경력무관
학력
대졸이상
(졸업예정자 가능)
우대조건
기본우대
영어가능자, 인근거주자, 유관업무 경력자

접수기간 · 방법
마감일은 기업의 사정으로 인해 조기 마감 또는 변경될 수 있습니다

기업 정보
기업정보 더보기
사원수
50명 이하
기업구분
중소기업 (비상장)
산업(업종)
차류 가공업
지도보기
위치
경기 용인시 처인구 남사면 상동로 106 (완장리) 셀플러스","{
  ""@context"": ""https://schema.org"",
  ""@type"": ""JobPosting"",
  ""title"": ""식품 제조회사 [해외 수출입 ] 채용"",
  ""description"": ""셀플러스에서 정규직 경력무관 채용을 진행합니다. 근무지는 경기 과천시 과천대로7길 33 (갈현동, 디테크타워과천)이며, 자세한 조건은 공고를 통해 확인할 수 있습니다."",
  ""datePosted"": ""2026-05-04"",
  ""validThrough"": ""2026-06-03T23:59"",
  ""employmentType"": ""FULL_TIME"",
  ""experienceRequirements"": ""경력무관"",
  ""educationRequirements"": ""대졸 이상"",
  ""directApply"": true,
  ""hiringOrganization"": {
    ""@type"": ""Organization"",
    ""name"": ""셀플러스""
  },
  ""jobLocation"": {
    ""@type"": ""Place"",
    ""address"": {
      ""@type"": ""PostalAddress"",
      ""streetAddress"": ""경기 과천시 과천대로7길 33 (갈현동, 디테크타워과천) 디테크타워 A동 1202호""
    }
  },
  ""identifier"": {
    ""@type"": ""PropertyValue"",
    ""name"": ""JobKorea"",
    ""value"": ""49100018""
  },
  ""url"": ""https://www.jobkorea.co.kr/Recruit/GI_Read/49100018""
}",success,
㈜스타럭스,https://www.jobkorea.co.kr/Recruit/GI_Read/49100019,,"모집요강
모집분야
온라인 출고
모집인원
1
명
고용형태
정규직
(수습 3개월)
직급/직책
급여
회사 내규에 따름 (면접 후 결정)
근무시간
주5일(월~금)
09:00 ~ 18:00
근무지주소
서울 강남구 삼성로 561 (삼성동, 삼성동대훈빌딩) 스타럭스 빌딩
지도보기
인근지하철

지원자격
경력
경력
(1년이상)
학력
학력무관
스킬
우대조건
기본우대
컴퓨터활용능력 우수자, 통계분석·리서치 능숙자, 프리젠테이션 능력우수자, 유관업무 경험자(인턴·알바), 보훈대상자, 엑셀 고급능력 보유자, 문서작성 우수자, 관련 학과 전공자, 관련 자격증 보유자, 리더쉽 소유자, 우수사원 수상자, 유관업무 경력자(1년), 즉시출근 가능자, 장기근무 가능자

접수기간 · 방법
마감일은 기업의 사정으로 인해 조기 마감 또는 변경될 수 있습니다

기업 정보
기업정보 더보기
사원수
301 ~ 500명 이하
기업구분
중견기업 (비상장)
산업(업종)
가방 및 보호용 케이스 도매업
지도보기
위치
서울 강남구 삼성로 561 (삼성동, 삼성동대훈빌딩) 스타럭스 빌딩","{
  ""@context"": ""https://schema.org"",
  ""@type"": ""JobPosting"",
  ""title"": ""[패션유통사/스타럭스] 온라인 출고 담당자 (사원급)"",
  ""description"": ""㈜스타럭스에서 정규직 경력 채용을 진행합니다. 근무지는 서울 강남구 삼성로 561 (삼성동, 삼성동대훈빌딩)이며, 자세한 조건은 공고를 통해 확인할 수 있습니다."",
  ""datePosted"": ""2026-05-04"",
  ""validThrough"": ""2026-05-31T23:59"",
  ""employmentType"": ""FULL_TIME"",
  ""experienceRequirements"": ""경력"",
  ""educationRequirements"": ""학력무관"",
  ""directApply"": true,
  ""hiringOrganization"": {
    ""@type"": ""Organization"",
    ""name"": ""㈜스타럭스""
  },
  ""jobLocation"": {
    ""@type"": ""Place"",
    ""address"": {
      ""@type"": ""PostalAddress"",
      ""streetAddress"": ""서울 강남구 삼성로 561 (삼성동, 삼성동대훈빌딩) 스타럭스 빌딩""
    }
  },
  ""identifier"": {
    ""@type"": ""PropertyValue"",
    ""name"": ""JobKorea"",
    ""value"": ""49100019""
  },
  ""url"": ""https://www.jobkorea.co.kr/Recruit/GI_Read/49100019""
}",success,
㈜웹젠,https://www.jobkorea.co.kr/Recruit/GI_Read/49100020,"㈜웹젠
[웹젠크레빅스] 서버(경력)
""디지털 시대의 놀이 문화를 선도하는 기업"" 디지털 엔터테인먼트를 창조하는 기업으로서 ㈜웹젠은 게임의
 작품성을 결정하는 주요 기술인 디자인, 클라이언트, 서버 부문에서 국내 최고를 자랑하고 있습니다. 
㈜웹젠의 기술력은 3D 온라인게임 리더 ‘뮤’의 개발과 퍼블리싱을 통해 입증되었으며, 이러한 기술력과
 마케팅력을 바탕으로 국내 시장을 넘어 세계 시장에서 인정받는 게임회사로의 성장을 목표로 하고 있습니다. 

㈜웹젠이 서비스하고 있는 온라인게임 ‘뮤’, 썬, C9은 기술적으로 한국 온라인게임의 수준을 한 단계 
끌어올렸으며, 해외 온라인게임 시장에서도 강한 주목을 받아 한국 게임소프트웨어 수출 사상 최고의 
대우를 받으며 해외시장에 진출한 바 있습니다.
포지션 및 자격요건
서버
( ○명 )
담당업무
- 신규  MMORPG 서버 개발
- C++ 및 MSSQL 을 사용하여 서버 개발
- 컨텐츠 설계 및 구현
자격요건
- 관련 경력 3년 이상
- C++ 프로그래밍 가능한 분
- 자료 구조에 대한 이해가 있는 분
- 멀티쓰레드 프로그래밍 경험이 있는 분
- 원활한 의사소통이 가능한 분
우대사항
- Modern C++ 경험이 있는 분
- RDBMS 설계 및 사용 경험이 있는 분
- MMORPG 개발 및 서비스 경험이 있는 분
전형절차
ㆍ서류전형 > 실무면접 > 인성검사 > 임원면접 > 최종합격
ㆍ면접일정은 추후 통보됩니다.
기타
- 수시채용은 공고 게시 중에도 전형이 진행되오니 이점 유의하시어 지원 바랍니다.
- 서류전형 통과자에 한하여 개별적으로 일정 안내를 드립니다.
- 장애인, 국가보훈대상자는 관련법규에 의거하여 우대합니다.
- 채용이 완료되거나 채용에 적합한 지원자가 없을 시 공고가 마감될 수 있습니다.
- 전형에 따라 필기 테스트가 진행될 수 있습니다.","모집요강
모집분야
서버
모집인원
○
명
고용형태
정규직
급여
회사 내규에 따름
근무지주소
경기 성남시 분당구 판교로 242 (삼평동) 판교디지털센터 B동
지도보기

지원자격
경력
경력
(3년이상)
학력
학력무관
스킬

접수기간 · 방법
마감일은 기업의 사정으로 인해 조기 마감 또는 변경될 수 있습니다

기업 정보
기업정보 더보기
사원수
501 ~ 1,000명 이하
기업구분
중견기업 (코스닥 상장)
산업(업종)
게임·애니메이션
지도보기
위치
경기 성남시 분당구 판교로 242 (삼평동) 판교디지털센터 B동","{
  ""@context"": ""https://schema.org"",
  ""@type"": ""JobPosting"",
  ""title"": ""[웹젠레드스타/신규 Project G] 서버  개발(경력)"",
  ""description"": ""㈜웹젠에서 정규직 경력 채용을 진행합니다. 근무지는 경기 성남시 분당구 판교로 242 (삼평동)이며, 자세한 조건은 공고를 통해 확인할 수 있습니다."",
  ""datePosted"": ""2026-05-04"",
  ""validThrough"": ""2026-06-30T23:59"",
  ""employmentType"": ""FULL_TIME"",
  ""experienceRequirements"": ""경력"",
  ""educationRequirements"": ""학력무관"",
  ""directApply"": true,
  ""hiringOrganization"": {
    ""@type"": ""Organization"",
    ""name"": ""㈜웹젠""
  },
  ""jobLocation"": {
    ""@type"": ""Place"",
    ""address"": {
      ""@type"": ""PostalAddress"",
      ""streetAddress"": ""경기 성남시 분당구 판교로 242 (삼평동) 판교디지털센터 B동""
    }
  },
  ""identifier"": {
    ""@type"": ""PropertyValue"",
    ""name"": ""JobKorea"",
    ""value"": ""49100020""
  },
  ""url"": ""https://www.jobkorea.co.kr/Recruit/GI_Read/49100020""
}",success,
㈜가온메딕스,https://www.jobkorea.co.kr/Recruit/GI_Read/49100021,"㈜가온메딕스
제품을 함께 키워 갈 주도적인
브랜드 마케터를 찾습니다.
포지션 및 자격요건
포지션
( 1명 )
담당업무
1. 브랜드 전략 및 포지셔닝
- 브랜드 컨셉 및 메시지 기획
- 제품 스토리 및 핵심 가치 정의
- 채널별(병원 / 에스테틱 / 홈케어) 브랜드 전략 수립
2. 메디컬 마케팅 (병원 채널)
- 병원 대상 제품 포지셔닝 전략 수립
- KOL(키닥터) 협업 및 관리
- 라운드테이블 미팅(RTM), Doctor to Doctor(DTD) 기획 및 운영
- 샘플링 및 제품 도입 전환 전략 설계
3. 콘텐츠 및 교육 자료 기획
- 의료진 대상 학술/기전 기반 콘텐츠 기획
- 영업팀 및 병원 교육 자료 제작
- 소비자 대상 콘텐츠 (홈케어 확장 대비)
4. 영업 연계 마케팅
- 영업팀 협업을 통한 매출 전환 전략 설계
- 병원 도입 이후 재구매 및 확장 구조 설계
- KPI 설정 및 성과 분석
5. 홈케어 마케팅(추후, 잠정)
- 퍼포먼스 마케팅 전략 기획 (Meta, Google 등)
- CRM 및 고객 여정 설계
- 자사몰 및 브랜드 확장 전략
자격요건
- 학력:
대학졸업(2,3년)이상
-
경력: 3년 이상 (마케팅 / BM)
우대사항
-
더마코스메틱 / 메디컬 / 병원 유통 경험
-
제약 / 의료기기 마케팅 경험
-
KOL 협업 및 학술 마케팅 경험
-
시술 연계 제품(Pre/Post care) 기획 경험
-
스타트업 또는 신규 브랜드 런칭 경험
이런 분과 함께 일하고 싶어요
-
누가 시켜서가 아니라,
스스로 일을 만들어내는 분
-
주어진 일이 아니라,
해야 할 일을 먼저 정의할 수 있는 분
-
빠르게 실행하고, 부족하면 개선하면서 앞으로 나아가는 분
-
문제를 발견하면 멈추지 않고,
해결까지 밀어붙이는 분
-
혼자 잘하기보다,
팀으로 더 큰 결과를 만드는 걸 즐기는 분
-
브랜드와 매출을 따로 보지 않고,
같이 성장시킬 수 있는 분
-
채널에 따라 말하는 방식과 전략을 유연하게 바꿀 수 있는 분
-
완벽한 조건을 기다리기보다,
지금 가능한 최선의 답을 만드는 분
-
일 자체에서 재미와 몰입을 느끼는 분
전형절차
ㆍ서류전형 > 1차면접 > 2차면접 > 임원면접 > 최종합격
ㆍ면접일정은 추후 통보됩니다.
유의사항
ㆍ허위사실이 발견될 경우 채용이 취소될 수 있습니다.","모집요강
모집분야
브랜드 마케터
모집인원
○
명
고용형태
정규직
직급/직책
급여
회사 내규에 따름 (면접 후 결정)
근무시간
주5일(월~금)
09:00 ~ 18:00
근무지주소
서울 금천구 가산디지털1로 225 (가산동, 에이스가산포휴) 721호
지도보기
인근지하철

지원자격
경력
경력
(3년이상)
학력
초대졸이상
핵심역량
메타인지
,
성장지향성
,
계획성
,
성실성
,
성취지향성
,
꼼꼼함
,
스트레스관리
,
창의성
,
협동심

접수기간 · 방법
마감일은 기업의 사정으로 인해 조기 마감 또는 변경될 수 있습니다

기업 정보
기업정보 더보기
사원수
-
기업구분
중소기업 (-)
산업(업종)
상품 종합 중개업
지도보기
위치
대전 동구 백룡로 75-41 (용운동, 레오파드빌딩) 5층","{
  ""@context"": ""https://schema.org"",
  ""@type"": ""JobPosting"",
  ""title"": ""제품을 함께 키워 갈 주도적인 브랜드 마케터를 찾습니다."",
  ""description"": ""㈜가온메딕스에서 정규직 경력 채용을 진행합니다. 근무지는 서울 금천구 가산디지털1로 225 (가산동, 에이스가산포휴)이며, 자세한 조건은 공고를 통해 확인할 수 있습니다."",
  ""datePosted"": ""2026-05-04"",
  ""validThrough"": ""2026-06-03T23:59"",
  ""employmentType"": ""FULL_TIME"",
  ""experienceRequirements"": ""경력"",
  ""educationRequirements"": ""초대졸 이상"",
  ""directApply"": true,
  ""hiringOrganization"": {
    ""@type"": ""Organization"",
    ""name"": ""㈜가온메딕스""
  },
  ""jobLocation"": {
    ""@type"": ""Place"",
    ""address"": {
      ""@type"": ""PostalAddress"",
      ""streetAddress"": ""서울 금천구 가산디지털1로 225 (가산동, 에이스가산포휴) 721호""
    }
  },
  ""identifier"": {
    ""@type"": ""PropertyValue"",
    ""name"": ""JobKorea"",
    ""value"": ""49100021""
  },
  ""url"": ""https://www.jobkorea.co.kr/Recruit/GI_Read/49100021""
}",success,
㈜엔씨파이낸스대부,https://www.jobkorea.co.kr/Recruit/GI_Read/49100022,"㈜엔씨파이낸스대부
[구디역 인근] 법무팀 경력직 채용
포지션 및 자격요건
포지션
( 1명 )
담당업무
ㆍ채권회수에 관련된 특이 소송 관련 업무
- 사해행위취소 소송, 청구이의 소송, 제 3자 이의 소송, 추완항소 등
ㆍ소송 관련된 일체 업무 (법률 검토 및 준비서면, 답변서 작성)
자격요건
ㆍ경력: 최소 2년 이상
※ 대부업 법무(송무) 경력만 인정
연봉
ㆍ3,420만원
ㆍ매년 인사평가를 통한 급여 인상
근무형태
ㆍ계약직 (계약직 3개월 이후 자체심사를 통한 정규직 전환 가능)
복리후생
ㆍ
패밀리 데이(매주 금요일 17:00 조기 퇴근), 경조사 지원, 장기근속 포상, 매월 회식비 지원, 고급 리조트 지원, 생일자 반차 휴가 지급, 연차수당 별도, 퇴직연금(DC) 적립 별도, 명절 상품권 지급, 분기 별 인센티브 有 (목표 달성 시), 자녀학자금 지원
전형절차
ㆍ서류전형 > 1차면접 >  최종합격
ㆍ면접일정은 추후 통보됩니다.
유의사항
ㆍ입사지원 서류에 허위사실이 발견될 경우, 채용확정 이후라도 채용이 취소될 수 있습니다.
[채용 관련 법률]
대부업 등의 등록 및 금융이용자에 관한법률
제9조의 5
(고용 제한 등)
①
대부업자등은 다음 각 호의 어느 하나에 해당하는 사람을 고용하여서는 아니된다.
1.
「폭력행위 등 처벌에 관한 법률」제4조에 따라 금고 이상의 형을 선고 받고 그집행이 끝나거나
(집행이 끝난 것으로 보는 경우를 포함한다) 면제된 날로부터 5년이 지나지 아니한 사람
2.
제4조 제6호 각 목의 어느 하나에 해당하는 규정을 위한 하여 다음 각 목의 어느하나에 해당하는 사람
가.
금고 이상의 실형을 선고받고 그 집행이 끝나거나(집행이 끝난 것으로 보는 경우를 포함한다) 면제된 날로부터
2년이 지나지 아니한사람
나.
금고 이상의 형의 집행유예 또는 선고유예를 선고받고 그 유예기간 중에 있는 사람
다.
벌금형을 선고받고 2년이 지나지 아니한 사람
②
대부업자등은 제1항 각 호의 어느하나에 해당하는 사람에게 대부업등의 업무를 위임하거나 대리하게 하여서는 아니된다.
제
11
조(채용서류의 반환 등)
①
구인자는 구직자의 채용 여부가 확정된 이후 구직자(확정된 채용대상자는 제외한다)가 채용서류의 반환을 청구하는 경우에는 본인임을
확인한 후 대통령령으로 정하는 바에 따라 반환하여야 한다. 다만, 제7조제1항에 따라 홈페이지 또는 전자우편으로 제출된 경우나
구직자가 구인자의 요구 없이 자발적으로 제출한 경우에는 그러하지 아니하다.
②
제1항에 따른 구직자의 채용서류 반환 청구는 서면 또는 전자적 방법 등 고용노동부령으로 정하는 바에 따라 하여야 한다.
③
구인자는 제1항에 따른 구직자의 반환 청구에 대비하여 대통령령으로 정하는 기간 동안 채용서류를 보관하여야 한다. 다만, 천재지변이나
그 밖에 구인자에게 책임 없는 사유로 채용서류가 멸실된 경우 구인자는 제1항에 따른 채용서류의 반환 의무를 이행한 것으로 본다.
④
구인자는 대통령령으로 정한 반환의 청구기간이 지난 경우 및 채용서류를 반환하지 아니한 경우에는 「개인정보 보호법」에 따라
채용서류를 파기하여야 한다.
⑤
제1항에 따른 채용서류의 반환에 소요되는 비용은 원칙적으로 구인자가 부담한다. 다만, 구인자는 대통령령으로 정하는 범위에서
채용서류의 반환에 소요되는 비용을 구직자에게 부담하게 할 수 있다.
⑥
구인자는 제1항부터 제5항까지의 규정을 채용 여부가 확정되기 전까지 구직자에게 알려야 한다.","모집요강
모집분야
법무팀 경력
모집인원
○
명
고용형태
계약직
(근무기간 3개월, 정규직 전환 가능)
급여
연봉 3,420~3,420만원
근무시간
주5일(월~금)
09:00 ~ 18:00
근무지주소
서울 구로구 디지털로30길 28 (구로동, 마리오타워) 201호
지도보기
인근지하철

지원자격
경력
경력
(2년이상)
학력
학력무관

접수기간 · 방법
마감일은 기업의 사정으로 인해 조기 마감 또는 변경될 수 있습니다

기업 정보
기업정보 더보기
사원수
51 ~ 300명 이하
기업구분
중소기업 (비상장)
산업(업종)
그 외 기타 여신금융업
지도보기
위치
서울 구로구 디지털로30길 28 (구로동, 마리오타워) 210호","{
  ""@context"": ""https://schema.org"",
  ""@type"": ""JobPosting"",
  ""title"": ""[구디역 인근] 법무팀 경력직 채용"",
  ""description"": ""㈜엔씨파이낸스대부에서 계약직 경력 채용을 진행합니다. 근무지는 서울 구로구 디지털로30길 28 (구로동, 마리오타워)이며, 자세한 조건은 공고를 통해 확인할 수 있습니다."",
  ""datePosted"": ""2026-05-04"",
  ""validThrough"": ""2026-06-03T23:59"",
  ""employmentType"": ""CONTRACTOR"",
  ""experienceRequirements"": ""경력"",
  ""educationRequirements"": ""학력무관"",
  ""directApply"": true,
  ""hiringOrganization"": {
    ""@type"": ""Organization"",
    ""name"": ""㈜엔씨파이낸스대부""
  },
  ""jobLocation"": {
    ""@type"": ""Place"",
    ""address"": {
      ""@type"": ""PostalAddress"",
      ""streetAddress"": ""서울 구로구 디지털로30길 28 (구로동, 마리오타워) 201호""
    }
  },
  ""baseSalary"": {
    ""@type"": ""MonetaryAmount"",
    ""currency"": ""KRW"",
    ""value"": {
      ""@type"": ""QuantitativeValue"",
      ""unitText"": ""YEAR"",
      ""minValue"": 34200000,
      ""maxValue"": 34210000
    }
  },
  ""identifier"": {
    ""@type"": ""PropertyValue"",
    ""name"": ""JobKorea"",
    ""value"": ""49100022""
  },
  ""url"": ""https://www.jobkorea.co.kr/Recruit/GI_Read/49100022""
}",success,
㈜비에스엠에프엔비,https://www.jobkorea.co.kr/Recruit/GI_Read/49100023,"㈜비에스엠에프엔비
베이커리&브런치 카페`포틀리에`
베이커리 파트장 (경력)
포지션 및 자격요건
포지션
( 0명 )
담당업무
ㆍ베이커리 생산 및 관리, 식자재 관리/재료 준비
ㆍ베이커리 파트장으로 재고 관리
ㆍ메뉴개발
자격요건
ㆍ학력 무관
ㆍ경력
우대사항
ㆍ관련 학과 졸업 또는 관련 자격증 보유자
ㆍ
다양한 장르의 베이커리를 경험하고 싶은 오픈 마인드와 자세를 가진 분
근무 조건
ㆍ근무형태: 정규직 (수습 기간 3개월)
주 5일, 일 9시간 근무 (주말/공휴일 스케줄 근무, 1시간 휴게 시간 포함)
ㆍ근무장소: 서울 성북구 솔샘로 15 (포틀리에)
ㆍ면접일정은 추후 통보됩니다.
ㆍ연봉은 경력에 따라 협의 가능합니다. (
희망연봉 필히 작성 /
직전 연봉 상향)
전형 절차
ㆍ서류전형 > 1차면접 > 최종합격
ㆍ면접일정은 추후 통보됩니다.
유의사항
ㆍ허위사실이 발견될 경우 채용이 취소될 수 있습니다.","모집요강
모집분야
성북구 베이커리&브런치 카페 조리 파트 정규직
모집인원
1
명
고용형태
정규직
(수습 3개월)
직급/직책
급여
회사 내규에 따름 (면접 후 결정)
근무시간
주 5일, 스케줄 근무 (2시프트 / 8시간)
07:00 ~ 16:00
근무지주소
서울 성북구 솔샘로 15  (정릉동) 1
지도보기
인근지하철

지원자격
경력
경력
학력
학력무관
스킬
핵심역량
성실성
,
협동심
,
성장지향성
,
윤리의식
,
창의성

접수기간 · 방법
마감일은 기업의 사정으로 인해 조기 마감 또는 변경될 수 있습니다

기업 정보
기업정보 더보기
사원수
50명 이하
기업구분
중소기업 (비상장)
산업(업종)
서양식 음식점업
지도보기
위치
서울 성북구 솔샘로 15  (정릉동) 1","{
  ""@context"": ""https://schema.org"",
  ""@type"": ""JobPosting"",
  ""title"": ""성북구 베이커리&브런치카페 베이커리 파트장 모집"",
  ""description"": ""㈜비에스엠에프엔비에서 정규직 경력 채용을 진행합니다. 근무지는 서울 성북구 솔샘로 15  (정릉동)이며, 자세한 조건은 공고를 통해 확인할 수 있습니다."",
  ""datePosted"": ""2026-05-04"",
  ""validThrough"": ""2026-06-03T23:59"",
  ""employmentType"": ""FULL_TIME"",
  ""experienceRequirements"": ""경력"",
  ""educationRequirements"": ""학력무관"",
  ""directApply"": true,
  ""hiringOrganization"": {
    ""@type"": ""Organization"",
    ""name"": ""㈜비에스엠에프엔비""
  },
  ""jobLocation"": {
    ""@type"": ""Place"",
    ""address"": {
      ""@type"": ""PostalAddress"",
      ""streetAddress"": ""서울 성북구 솔샘로 15  (정릉동) 1""
    }
  },
  ""identifier"": {
    ""@type"": ""PropertyValue"",
    ""name"": ""JobKorea"",
    ""value"": ""49100023""
  },
  ""url"": ""https://www.jobkorea.co.kr/Recruit/GI_Read/49100023""
}",success,
멜트어웨이,https://www.jobkorea.co.kr/Recruit/GI_Read/49100024,"멜트어웨이
신동 멜트어웨이 바리스타(경력)정직원 모집합니다.
멜트어웨이는 2017년에 설립된 회사로 사원수 2명 규모의 중소기업입니다. 경기 수원시 영통구 권선로882번길 65-1 (신동)에 위치하고 있으며, 디저트카페사업을 하고 있습니다.
포지션 및 자격요건
바리스타 정직원
( 1명 )
핵심역량
ㆍ
성실성,
꼼꼼함,
협동심,
계획성, 적응성
자격요건
ㆍ학력 : 학력무관
ㆍ경력 : 경력
우대사항
ㆍ유관업무 경력자
ㆍ인근거주자
ㆍ즉시출근 가능자
ㆍ장기근무 가능자
전형절차
ㆍ서류전형 > 1차면접 > 2차면접 > 임원면접 > 최종합격
ㆍ면접일정은 추후 통보됩니다.
유의사항
ㆍ허위사실이 발견될 경우 채용이 취소될 수 있습니다.","모집요강
모집분야
바리스타 정직원
모집인원
1
명
고용형태
정규직
(협의)
급여
월급 240~240만원
근무시간
(월휴무)화수목금토일/(월화휴무)수목금토일 식대포함
08:40 ~ 15:40, 15:30 ~ 22:30
근무지주소
경기 수원시 영통구 권선로882번길 65-1 (신동) 1층 멜트어웨이
지도보기
인근지하철

지원자격
경력
경력
학력
학력무관
핵심역량
협동심
,
꼼꼼함
,
성실성
,
계획성
,
적응성
우대조건
기본우대
인근거주자, 유관업무 경력자, 즉시출근 가능자, 장기근무 가능자

접수기간 · 방법
마감일은 기업의 사정으로 인해 조기 마감 또는 변경될 수 있습니다

기업 정보
기업정보 더보기
사원수
50명 이하
기업구분
중소기업 (비상장)
산업(업종)
음식료·외식·프랜차이즈
지도보기
위치
경기 수원시 영통구 권선로882번길 65-1 (신동) 1층 멜트어웨이","{
  ""@context"": ""https://schema.org"",
  ""@type"": ""JobPosting"",
  ""title"": ""신동 멜트어웨이 바리스타(경력)정직원 모집합니다."",
  ""description"": ""멜트어웨이에서 정규직 경력 채용을 진행합니다. 근무지는 경기 수원시 영통구 권선로882번길 65-1 (신동)이며, 자세한 조건은 공고를 통해 확인할 수 있습니다."",
  ""datePosted"": ""2026-05-04"",
  ""validThrough"": ""2026-06-03T23:59"",
  ""employmentType"": ""FULL_TIME"",
  ""experienceRequirements"": ""경력"",
  ""educationRequirements"": ""학력무관"",
  ""directApply"": true,
  ""hiringOrganization"": {
    ""@type"": ""Organization"",
    ""name"": ""멜트어웨이""
  },
  ""jobLocation"": {
    ""@type"": ""Place"",
    ""address"": {
      ""@type"": ""PostalAddress"",
      ""streetAddress"": ""경기 수원시 영통구 권선로882번길 65-1 (신동) 1층 멜트어웨이""
    }
  },
  ""baseSalary"": {
    ""@type"": ""MonetaryAmount"",
    ""currency"": ""KRW"",
    ""value"": {
      ""@type"": ""QuantitativeValue"",
      ""unitText"": ""MONTH"",
      ""minValue"": 2400000,
      ""maxValue"": 2410000
    }
  },
  ""identifier"": {
    ""@type"": ""PropertyValue"",
    ""name"": ""JobKorea"",
    ""value"": ""49100024""
  },
  ""url"": ""https://www.jobkorea.co.kr/Recruit/GI_Read/49100024""
}",success,
㈜지엔 이노베이션,https://www.jobkorea.co.kr/Recruit/GI_Read/49100025,,"모집요강
모집분야
회계/총무/사무행정
모집인원
1
명
고용형태
계약직
급여
연봉 3,500만원 이상 (면접 후 결정)
근무시간
주5일(월~금)
09:00 ~ 18:00
근무지주소
서울 영등포구 양평로 149 (양평동5가) A동 1408호
지도보기
인근지하철

지원자격
경력
경력
(3년이상)
학력
학력무관
스킬
ERP 유경험자 우대

접수기간 · 방법
마감일은 기업의 사정으로 인해 조기 마감 또는 변경될 수 있습니다

기업 정보
기업정보 더보기
사원수
50명 이하
기업구분
중소기업 (비상장)
산업(업종)
솔루션·SI·CRM·ERP
지도보기
위치
서울 영등포구 양평로 149 (양평동5가) A동 1408호","{
  ""@context"": ""https://schema.org"",
  ""@type"": ""JobPosting"",
  ""title"": ""[경영지원] 담당자모집 (회계/총무/사무행정)"",
  ""description"": ""㈜지엔 이노베이션에서 계약직 경력 채용을 진행합니다. 근무지는 서울 영등포구 양평로 149 (양평동5가)이며, 자세한 조건은 공고를 통해 확인할 수 있습니다."",
  ""datePosted"": ""2026-05-04"",
  ""validThrough"": ""2026-06-03T23:59"",
  ""employmentType"": ""CONTRACTOR"",
  ""experienceRequirements"": ""경력"",
  ""educationRequirements"": ""학력무관"",
  ""directApply"": true,
  ""hiringOrganization"": {
    ""@type"": ""Organization"",
    ""name"": ""㈜지엔 이노베이션""
  },
  ""jobLocation"": {
    ""@type"": ""Place"",
    ""address"": {
      ""@type"": ""PostalAddress"",
      ""streetAddress"": ""서울 영등포구 양평로 149 (양평동5가) A동 1408호""
    }
  },
  ""baseSalary"": {
    ""@type"": ""MonetaryAmount"",
    ""currency"": ""KRW"",
    ""value"": {
      ""@type"": ""QuantitativeValue"",
      ""value"": 35000000,
      ""unitText"": ""YEAR""
    }
  },
  ""identifier"": {
    ""@type"": ""PropertyValue"",
    ""name"": ""JobKorea"",
    ""value"": ""49100025""
  },
  ""url"": ""https://www.jobkorea.co.kr/Recruit/GI_Read/49100025""
}",success,
민컴퍼니,https://www.jobkorea.co.kr/Recruit/GI_Read/49100026,"민컴퍼니
판교 네트워크 보안 운영
민컴퍼니는 2016년에 설립된 회사로 자본금 3억원, 매출액 38억, 사원수 1명 규모의 중소기업입니다. 서울 금천구 가산디지털1로 142 (가산동, 가산더스카이밸리1차)에 위치하고 있으며, 소프트웨어개발및 공급사업을 하고 있습니다.
포지션 및 자격요건
포지션
(3명 )
판교 네트워크 보안 운영
DDOS 방어, 웹방화벽(WAF) , 침입 방지 시스템(IPS), 침입 방지 시스템 (IPS) 등 운영 관리
보안 장비 정책 최적화 및 신규 서비스 적용에 따른 저액 설정 지원
L4 L7 트래픽 분석을 통한 침입 시도 차단 및 침해 사고 대응 지원
국내 SIEM운영 (로그프레소)
설정 백원 및 계정 관리
전형절차
ㆍ서류전형 > 1차면접 > 2차면접 > 임원면접 > 최종합격
ㆍ면접일정은 추후 통보됩니다.
유의사항
ㆍ허위사실이 발견될 경우 채용이 취소될 수 있습니다.","모집요강
모집분야
판교 네트워크 엔지니어 운영
모집인원
1
명
고용형태
프리랜서
급여
회사 내규에 따름
근무시간
주5일(월~금)
09:00 ~ 18:00
근무지주소
경기 성남시 분당구 정자일로 95 (정자동, 네이버1784)
지도보기
인근지하철

지원자격
경력
경력
(6년이상)
학력
학력무관
스킬
DDOS, WAF, SEIM

접수기간 · 방법
마감일은 기업의 사정으로 인해 조기 마감 또는 변경될 수 있습니다

기업 정보
기업정보 더보기
사원수
50명 이하
기업구분
중소기업 (비상장)
산업(업종)
솔루션·SI·CRM·ERP
지도보기
위치
서울 금천구 가산디지털1로 142 (가산동, 가산더스카이밸리1차) 1409","{
  ""@context"": ""https://schema.org"",
  ""@type"": ""JobPosting"",
  ""title"": ""판교 네트워크 보안 운영"",
  ""description"": ""민컴퍼니에서  경력 채용을 진행합니다. 근무지는 경기 성남시 분당구 정자일로 95 (정자동, 네이버1784)이며, 자세한 조건은 공고를 통해 확인할 수 있습니다."",
  ""datePosted"": ""2026-05-04"",
  ""validThrough"": ""2026-06-03T23:59"",
  ""employmentType"": ""CONTRACTOR"",
  ""experienceRequirements"": ""경력"",
  ""educationRequirements"": ""학력무관"",
  ""directApply"": true,
  ""hiringOrganization"": {
    ""@type"": ""Organization"",
    ""name"": ""민컴퍼니""
  },
  ""jobLocation"": {
    ""@type"": ""Place"",
    ""address"": {
      ""@type"": ""PostalAddress"",
      ""streetAddress"": ""경기 성남시 분당구 정자일로 95 (정자동, 네이버1784) ""
    }
  },
  ""identifier"": {
    ""@type"": ""PropertyValue"",
    ""name"": ""JobKorea"",
    ""value"": ""49100026""
  },
  ""url"": ""https://www.jobkorea.co.kr/Recruit/GI_Read/49100026""
}",success,
,https://www.jobkorea.co.kr/Recruit/GI_Read/49100027,,,,fail,HTTP status code 404
,https://www.jobkorea.co.kr/Recruit/GI_Read/49100028,,,,fail,HTTP status code 404
엠엔지㈜,https://www.jobkorea.co.kr/Recruit/GI_Read/49100029,"엠엔지㈜
엠엔지(주) 경기광주 영업자 모집
엠엔지㈜는 1998년에 설립된 회사로 자본금 1억원, 매출액 70억, 사원수 10명 규모의 중소기업입니다.
경기 광주시 도평길 110번길 37-34에 위치하고 있으며, 화장품 부자재 생산  및 납품 사업을 하고 있습니다.
포지션 및 자격요건
엠엔지 광주초월 영업자 모집
( ○○명 )
담당업무
ㆍ기존 거래처 대응 및 관리
ㆍ신규 거래처 발굴 및 영업 활동
ㆍ제품 상담 및 견적서 작성
ㆍ수주 관리 및 납기 일정 조율
자격요건
ㆍ학력 : 학력무관
ㆍ경력 : 경력무관
ㆍ원활한 커뮤니케이션 가능자
ㆍ책임감 있고 성실하신 분
우대사항
ㆍ인근 거주자
ㆍ출퇴근시차량소지자
ㆍ영업/거래처 관리 경험자
ㆍ커뮤니케이션 능력 우수자
전형절차
ㆍ서류전형 > 임원면접  > 최종합격
ㆍ면접일정은 추후 통보됩니다.
유의사항
ㆍ허위사실이 발견될 경우 채용이 취소될 수 있습니다.","모집요강
모집분야
엠엔지 경기광주 영업 직원 모집
모집인원
○○
명
고용형태
정규직
(수습 3개월)
직급/직책
급여
연봉 3,000만원 이상 (면접 후 결정)
근무시간
주5일(월~금)
09:00 ~ 18:00
근무지주소
경기 광주시 초월읍 도평길110번길 37-34
지도보기

지원자격
경력
경력무관
학력
학력무관
우대조건
기본우대
운전가능자, 회계프로그램 능숙자, 출퇴근시차량소지자

접수기간 · 방법
마감일은 기업의 사정으로 인해 조기 마감 또는 변경될 수 있습니다

기업 정보
기업정보 더보기
사원수
50명 이하
기업구분
중소기업 (비상장)
산업(업종)
생활용품·소비재·기타
지도보기
위치
경기 하남시 고골로242번길 193 (항동) 3층","{
  ""@context"": ""https://schema.org"",
  ""@type"": ""JobPosting"",
  ""title"": ""(주)엠엔지 경기광주 영업 담당 (신입 가능)"",
  ""description"": ""엠엔지㈜에서 정규직 경력무관 채용을 진행합니다. 근무지는 경기 광주시 초월읍 도평길110번길 37-34이며, 자세한 조건은 공고를 통해 확인할 수 있습니다."",
  ""datePosted"": ""2026-05-04"",
  ""validThrough"": ""2026-06-03T23:59"",
  ""employmentType"": ""FULL_TIME"",
  ""experienceRequirements"": ""경력무관"",
  ""educationRequirements"": ""학력무관"",
  ""directApply"": true,
  ""hiringOrganization"": {
    ""@type"": ""Organization"",
    ""name"": ""엠엔지㈜""
  },
  ""jobLocation"": {
    ""@type"": ""Place"",
    ""address"": {
      ""@type"": ""PostalAddress"",
      ""streetAddress"": ""경기 광주시 초월읍 도평길110번길 37-34 ""
    }
  },
  ""baseSalary"": {
    ""@type"": ""MonetaryAmount"",
    ""currency"": ""KRW"",
    ""value"": {
      ""@type"": ""QuantitativeValue"",
      ""value"": 30000000,
      ""unitText"": ""YEAR""
    }
  },
  ""identifier"": {
    ""@type"": ""PropertyValue"",
    ""name"": ""JobKorea"",
    ""value"": ""49100029""
  },
  ""url"": ""https://www.jobkorea.co.kr/Recruit/GI_Read/49100029""
}",success,
㈜엔씨파이낸스대부,https://www.jobkorea.co.kr/Recruit/GI_Read/49100030,"[구디역 인근] 법무팀 사무원 신입 모집
포지션 및 자격요건
포지션
( 1명 )
담당업무
ㆍ소송에 필요한 서류 준비 등 소송 지원 업무
ㆍ송무 업무
자격요건
ㆍ고등학교 졸업 이상
ㆍ윤리 도덕적 마인드 우수한 자
ㆍPC 활용 능력이 우수한 자
근무형태
ㆍ정규직 (수습기간 3개월, 수습기간 내 급여 100% 지급)
연봉
ㆍ3,000만원 (2년 근속시 평균 3,420만원)
* 매년 인사평가를 통한 급여 인상
복리후생
ㆍ
패밀리 데이(매주 금요일 17:00 조기 퇴근), 경조사 지원, 장기근속 포상, 매월 회식비 지원, 고급 리조트 지원, 생일자 반차 휴가 지급, 연차수당 별도, 퇴직연금(DC) 적립 별도, 명절 상품권 지급, 분기 별 인센티브 有 (목표 달성 시), 자녀학자금 지원
전형절차
ㆍ서류전형 > 1차면접 >  최종합격
ㆍ면접일정은 추후 통보됩니다.
유의사항
ㆍ입사지원 서류에 허위사실이 발견될 경우, 채용확정 이후라도 채용이 취소될 수 있습니다.
[채용 관련 법률]
대부업 등의 등록 및 금융이용자에 관한법률
제9조의 5
(고용 제한 등)
①
대부업자등은 다음 각 호의 어느 하나에 해당하는 사람을 고용하여서는 아니된다.
1.
「폭력행위 등 처벌에 관한 법률」제4조에 따라 금고 이상의 형을 선고 받고 그집행이 끝나거나
(집행이 끝난 것으로 보는 경우를 포함한다) 면제된 날로부터 5년이 지나지 아니한 사람
2.
제4조 제6호 각 목의 어느 하나에 해당하는 규정을 위한 하여 다음 각 목의 어느하나에 해당하는 사람
가.
금고 이상의 실형을 선고받고 그 집행이 끝나거나(집행이 끝난 것으로 보는 경우를 포함한다) 면제된 날로부터
2년이 지나지 아니한사람
나.
금고 이상의 형의 집행유예 또는 선고유예를 선고받고 그 유예기간 중에 있는 사람
다.
벌금형을 선고받고 2년이 지나지 아니한 사람
②
대부업자등은 제1항 각 호의 어느하나에 해당하는 사람에게 대부업등의 업무를 위임하거나 대리하게 하여서는 아니된다.
제
11
조(채용서류의 반환 등)
①
구인자는 구직자의 채용 여부가 확정된 이후 구직자(확정된 채용대상자는 제외한다)가 채용서류의 반환을 청구하는 경우에는 본인임을
확인한 후 대통령령으로 정하는 바에 따라 반환하여야 한다. 다만, 제7조제1항에 따라 홈페이지 또는 전자우편으로 제출된 경우나
구직자가 구인자의 요구 없이 자발적으로 제출한 경우에는 그러하지 아니하다.
②
제1항에 따른 구직자의 채용서류 반환 청구는 서면 또는 전자적 방법 등 고용노동부령으로 정하는 바에 따라 하여야 한다.
③
구인자는 제1항에 따른 구직자의 반환 청구에 대비하여 대통령령으로 정하는 기간 동안 채용서류를 보관하여야 한다. 다만, 천재지변이나
그 밖에 구인자에게 책임 없는 사유로 채용서류가 멸실된 경우 구인자는 제1항에 따른 채용서류의 반환 의무를 이행한 것으로 본다.
④
구인자는 대통령령으로 정한 반환의 청구기간이 지난 경우 및 채용서류를 반환하지 아니한 경우에는 「개인정보 보호법」에 따라
채용서류를 파기하여야 한다.
⑤
제1항에 따른 채용서류의 반환에 소요되는 비용은 원칙적으로 구인자가 부담한다. 다만, 구인자는 대통령령으로 정하는 범위에서
채용서류의 반환에 소요되는 비용을 구직자에게 부담하게 할 수 있다.
⑥
구인자는 제1항부터 제5항까지의 규정을 채용 여부가 확정되기 전까지 구직자에게 알려야 한다.","모집요강
모집분야
법무팀 신입
모집인원
○
명
고용형태
정규직
(수습 3개월)
급여
연봉 3,000만원 이상
근무시간
주5일(월~금)
09:00 ~ 18:00
근무지주소
서울 구로구 디지털로30길 28 (구로동, 마리오타워) 201호
지도보기
인근지하철

지원자격
경력
신입
학력
고졸이상

접수기간 · 방법
마감일은 기업의 사정으로 인해 조기 마감 또는 변경될 수 있습니다

기업 정보
기업정보 더보기
사원수
51 ~ 300명 이하
기업구분
중소기업 (비상장)
산업(업종)
그 외 기타 여신금융업
지도보기
위치
서울 구로구 디지털로30길 28 (구로동, 마리오타워) 210호","{
  ""@context"": ""https://schema.org"",
  ""@type"": ""JobPosting"",
  ""title"": ""[구디역 인근] 법무팀 사무원 신입 채용"",
  ""description"": ""㈜엔씨파이낸스대부에서 정규직 신입 채용을 진행합니다. 근무지는 서울 구로구 디지털로30길 28 (구로동, 마리오타워)이며, 자세한 조건은 공고를 통해 확인할 수 있습니다."",
  ""datePosted"": ""2026-05-04"",
  ""validThrough"": ""2026-06-03T23:59"",
  ""employmentType"": ""FULL_TIME"",
  ""experienceRequirements"": ""신입"",
  ""educationRequirements"": ""고졸 이상"",
  ""directApply"": true,
  ""hiringOrganization"": {
    ""@type"": ""Organization"",
    ""name"": ""㈜엔씨파이낸스대부""
  },
  ""jobLocation"": {
    ""@type"": ""Place"",
    ""address"": {
      ""@type"": ""PostalAddress"",
      ""streetAddress"": ""서울 구로구 디지털로30길 28 (구로동, 마리오타워) 201호""
    }
  },
  ""baseSalary"": {
    ""@type"": ""MonetaryAmount"",
    ""currency"": ""KRW"",
    ""value"": {
      ""@type"": ""QuantitativeValue"",
      ""value"": 30000000,
      ""unitText"": ""YEAR""
    }
  },
  ""identifier"": {
    ""@type"": ""PropertyValue"",
    ""name"": ""JobKorea"",
    ""value"": ""49100030""
  },
  ""url"": ""https://www.jobkorea.co.kr/Recruit/GI_Read/49100030""
}",success,
㈜결브레드,https://www.jobkorea.co.kr/Recruit/GI_Read/49100031,"㈜결브레드
[브래드결] 태전동 베이커리 카페 바리스타를 구합니다.
브레드 결은 (주)결브레드에서 새롭게 시작하는 베이커리 카페 입니다.
태전동에 위치해 있으며 새롭게 시작하여 바리스타를 구합니다.
월~일 오픈조와 마감조가 나뉘어(8:00~22:00) 스케줄 근무 가능하신 분 많이 지원 바랍니다.
포지션 및 자격요건
바리스타
( ○명 )
담당업무
ㆍ상세내용을 입력하세요
ㆍ상세내용을 입력하세요
스킬
ㆍ바리스타 자격
자격요건
ㆍ학력 : 학력무관
ㆍ경력 : 신입·경력
우대사항
ㆍ인근거주자
ㆍ유관업무 경력자 (1년)
ㆍ즉시출근 가능자
ㆍ장기근무 가능자
ㆍ자격증 : 바리스타 2급
전형절차
ㆍ서류전형 > 1차면접 > 2차면접 > 임원면접 > 최종합격
ㆍ면접일정은 추후 통보됩니다.
유의사항
ㆍ허위사실이 발견될 경우 채용이 취소될 수 있습니다.","모집요강
모집분야
바리스타
모집인원
○
명
고용형태
정규직
(수습 1개월)
급여
월급 250만원 이상 (면접 후 결정)
근무시간
08:00 ~ 22:00
탄력근무제
오전,오후 스케줄근무
근무지주소
경기 광주시 고불로 62-17 (태전동) 브레드결
지도보기

지원자격
경력
신입·경력
학력
학력무관
스킬
우대조건
기본우대
인근거주자, 유관업무 경력자(1년), 즉시출근 가능자, 장기근무 가능자
자격증

접수기간 · 방법
마감일은 기업의 사정으로 인해 조기 마감 또는 변경될 수 있습니다

기업 정보
기업정보 더보기
사원수
50명 이하
기업구분
중소기업 (비상장)
산업(업종)
빵류 제조업
지도보기
위치
경기 성남시 중원구 사기막골로105번길 25 (상대원동, 중앙인더스피아2아파트형공장) 404~405호 결브레드","{
  ""@context"": ""https://schema.org"",
  ""@type"": ""JobPosting"",
  ""title"": ""[브래드결] 태전동 베이커리 카페 바리스타를 구합니다."",
  ""description"": ""㈜결브레드에서 정규직 신입·경력 채용을 진행합니다. 근무지는 경기 광주시 고불로 62-17 (태전동)이며, 자세한 조건은 공고를 통해 확인할 수 있습니다."",
  ""datePosted"": ""2026-05-04"",
  ""validThrough"": ""2026-06-03T23:59"",
  ""employmentType"": ""FULL_TIME"",
  ""experienceRequirements"": ""신입·경력"",
  ""educationRequirements"": ""학력무관"",
  ""directApply"": true,
  ""hiringOrganization"": {
    ""@type"": ""Organization"",
    ""name"": ""㈜결브레드""
  },
  ""jobLocation"": {
    ""@type"": ""Place"",
    ""address"": {
      ""@type"": ""PostalAddress"",
      ""streetAddress"": ""경기 광주시 고불로 62-17 (태전동) 브레드결""
    }
  },
  ""baseSalary"": {
    ""@type"": ""MonetaryAmount"",
    ""currency"": ""KRW"",
    ""value"": {
      ""@type"": ""QuantitativeValue"",
      ""value"": 2500000,
      ""unitText"": ""MONTH""
    }
  },
  ""identifier"": {
    ""@type"": ""PropertyValue"",
    ""name"": ""JobKorea"",
    ""value"": ""49100031""
  },
  ""url"": ""https://www.jobkorea.co.kr/Recruit/GI_Read/49100031""
}",success,
단국대학교병원,https://www.jobkorea.co.kr/Recruit/GI_Read/49100032,,"모집요강
모집분야
시설팀 기술직
모집인원
○
명
고용형태
정규직
급여
회사 내규에 따름 (면접 후 결정)
근무시간
주5일(월~금)
08:00 ~ 17:00
근무지주소
충남 천안시 동남구 망향로 201 (안서동, 단국대학교의과대학부속병원)
지도보기

지원자격
경력
경력
(5년이상)
학력
대졸이상
스킬
우대조건
기본우대
국가유공자, 장애인, 인근거주자, 취업보호대상자, 보훈대상자, CAD/CAM 프로그램 능숙자, 관련 학과 전공자, 관련 자격증 보유자, 유관업무 경력자(5년)

접수기간 · 방법
마감일은 기업의 사정으로 인해 조기 마감 또는 변경될 수 있습니다

기업 정보
기업정보 더보기
사원수
-
기업구분
대기업 (-)
산업(업종)
의료(병원분류별)
지도보기
위치
충남 천안시 동남구 망향로 201 (안서동, 단국대학교의과대학부속병원) -

복리후생
기타 복리후생
진료비 감면혜택","{
  ""@context"": ""https://schema.org"",
  ""@type"": ""JobPosting"",
  ""title"": ""2026학년도 정규직(경력) 기술직 채용 공고"",
  ""description"": ""단국대학교병원에서 정규직 경력 채용을 진행합니다. 근무지는 충남 천안시 동남구 망향로 201 (안서동, 단국대학교의과대학부속병원)이며, 자세한 조건은 공고를 통해 확인할 수 있습니다."",
  ""datePosted"": ""2026-05-04"",
  ""validThrough"": ""2026-05-12T23:50"",
  ""employmentType"": ""FULL_TIME"",
  ""experienceRequirements"": ""경력"",
  ""educationRequirements"": ""대졸 이상"",
  ""directApply"": true,
  ""hiringOrganization"": {
    ""@type"": ""Organization"",
    ""name"": ""단국대학교병원""
  },
  ""jobLocation"": {
    ""@type"": ""Place"",
    ""address"": {
      ""@type"": ""PostalAddress"",
      ""streetAddress"": ""충남 천안시 동남구 망향로 201 (안서동, 단국대학교의과대학부속병원) ""
    }
  },
  ""identifier"": {
    ""@type"": ""PropertyValue"",
    ""name"": ""JobKorea"",
    ""value"": ""49100032""
  },
  ""url"": ""https://www.jobkorea.co.kr/Recruit/GI_Read/49100032""
}",success,
㈜엠제이플렉스,https://www.jobkorea.co.kr/Recruit/GI_Read/49100033,,"모집요강
모집분야
판매원
모집인원
○
명
고용형태
정규직
직급/직책
급여
회사 내규에 따름 (면접 후 결정)
근무시간
주5일(월~금)
10:00 ~ 20:00
근무지주소
인천 미추홀구 연남로 35 (관교동, 인천종합터미널,롯데백화점) 롯데백화점 인천터미널점 2층 골든구스
지도보기
인근지하철

지원자격
경력
경력무관
학력
학력무관
우대조건
기본우대
유관업무 경험자(인턴·알바), 즉시출근 가능자, 장기근무 가능자
우대전공

접수기간 · 방법
마감일은 기업의 사정으로 인해 조기 마감 또는 변경될 수 있습니다

기업 정보
기업정보 더보기
사원수
1,001 ~ 10,000명 이하
기업구분
중소기업 (비상장)
산업(업종)
상용 인력 공급 및 인사관리 서비스업
지도보기
위치
서울 구로구 디지털로26길 43 (구로동) 대륭포스트타워8차 R동 1801호~1804호","{
  ""@context"": ""https://schema.org"",
  ""@type"": ""JobPosting"",
  ""title"": ""[정규직/판매직] 골든구스코리아 롯데백화점 인천점 주니어 채용"",
  ""description"": ""㈜엠제이플렉스에서 정규직 경력무관 채용을 진행합니다. 근무지는 인천 미추홀구 연남로 35 (관교동, 인천종합터미널,롯데백화점)이며, 자세한 조건은 공고를 통해 확인할 수 있습니다."",
  ""datePosted"": ""2026-05-04"",
  ""validThrough"": ""2026-06-03T23:59"",
  ""employmentType"": ""FULL_TIME"",
  ""experienceRequirements"": ""경력무관"",
  ""educationRequirements"": ""학력무관"",
  ""directApply"": true,
  ""hiringOrganization"": {
    ""@type"": ""Organization"",
    ""name"": ""㈜엠제이플렉스""
  },
  ""jobLocation"": {
    ""@type"": ""Place"",
    ""address"": {
      ""@type"": ""PostalAddress"",
      ""streetAddress"": ""인천 미추홀구 연남로 35 (관교동, 인천종합터미널,롯데백화점) 롯데백화점 인천터미널점 2층 골든구스""
    }
  },
  ""identifier"": {
    ""@type"": ""PropertyValue"",
    ""name"": ""JobKorea"",
    ""value"": ""49100033""
  },
  ""url"": ""https://www.jobkorea.co.kr/Recruit/GI_Read/49100033""
}",success,
㈜윤월드푸드코리아,https://www.jobkorea.co.kr/Recruit/GI_Read/49100034,"㈜윤월드푸드코리아
한식다이닝 ≪서울리에≫ 서울역점
홀 서비스팀 모집
포지션 및 자격요건
레스토랑 홀
( ○명 )
담당업무
ㆍ홀 서빙
ㆍ고객응대
ㆍ매장관리, 등
핵심역량
ㆍ
성실성,
협동심, 적응성, 꼼꼼함, 계획성
자격요건
ㆍ학력 : 고졸이상
ㆍ경력 : 경력무관
우대사항
ㆍ즉시 출근 가능한 분
ㆍ장기 근무 가능한 분
전형절차
ㆍ서류전형 > 1차면접 > 최종합격
ㆍ면접일정은 추후 통보됩니다.
유의사항
ㆍ허위사실이 발견될 경우 채용이 취소될 수 있습니다.","모집요강
모집분야
레스토랑 홀
모집인원
○
명
고용형태
정규직
(수습 3개월)
직급/직책
급여
회사 내규에 따름 (면접 후 결정)
근무시간
주 5일 스케줄 근무
10:30 ~ 21:30
근무지주소
서울 용산구 한강대로 405 (동자동, 서울역(철도역)) 4층 서울리에
지도보기
인근지하철

지원자격
경력
경력무관
학력
고졸이상
핵심역량
성실성
,
꼼꼼함
,
적응성
,
협동심
,
계획성

접수기간 · 방법
마감일은 기업의 사정으로 인해 조기 마감 또는 변경될 수 있습니다

기업 정보
기업정보 더보기
사원수
50명 이하
기업구분
중소기업 (비상장)
산업(업종)
경영 컨설팅업
지도보기
위치
경기 고양시 일산동구 호수로 358-25 (백석동, 동문타워II) 309","{
  ""@context"": ""https://schema.org"",
  ""@type"": ""JobPosting"",
  ""title"": ""한식다이닝 서울리에 서울역점 홀 서비스팀 사원 모집"",
  ""description"": ""㈜윤월드푸드코리아에서 정규직 경력무관 채용을 진행합니다. 근무지는 서울 용산구 한강대로 405 (동자동, 서울역(철도역))이며, 자세한 조건은 공고를 통해 확인할 수 있습니다."",
  ""datePosted"": ""2026-05-04"",
  ""validThrough"": ""2026-06-03T23:59"",
  ""employmentType"": ""FULL_TIME"",
  ""experienceRequirements"": ""경력무관"",
  ""educationRequirements"": ""고졸 이상"",
  ""directApply"": true,
  ""hiringOrganization"": {
    ""@type"": ""Organization"",
    ""name"": ""㈜윤월드푸드코리아""
  },
  ""jobLocation"": {
    ""@type"": ""Place"",
    ""address"": {
      ""@type"": ""PostalAddress"",
      ""streetAddress"": ""서울 용산구 한강대로 405 (동자동, 서울역(철도역)) 4층 서울리에""
    }
  },
  ""identifier"": {
    ""@type"": ""PropertyValue"",
    ""name"": ""JobKorea"",
    ""value"": ""49100034""
  },
  ""url"": ""https://www.jobkorea.co.kr/Recruit/GI_Read/49100034""
}",success,
제이에스씨홀딩스,https://www.jobkorea.co.kr/Recruit/GI_Read/49100035,,"모집요강
모집분야
인도네시아 고객 응대 및 온라인 마케팅 업무
모집인원
○
명
고용형태
정규직
(수습 3개월)
직급/직책
급여
회사 내규에 따름 (면접 후 결정)
근무시간
주5일(월~금)
10:00 ~ 19:00
근무지주소
서울 강남구 도산대로 115 (신사동) .
지도보기
인근지하철

지원자격
경력
경력무관
학력
학력무관
스킬
우대조건
기본우대
유관업무 경험자(인턴·알바), 즉시출근 가능자, 장기근무 가능자

접수기간 · 방법
마감일은 기업의 사정으로 인해 조기 마감 또는 변경될 수 있습니다

기업 정보
기업정보 더보기
사원수
50명 이하
기업구분
중소기업 (비상장)
산업(업종)
광고·홍보·전시
지도보기
위치
서울 강남구 도산대로 115 (신사동) .","{
  ""@context"": ""https://schema.org"",
  ""@type"": ""JobPosting"",
  ""title"": ""[디에이성형외과] 인도네시아 고객 응대 및 온라인 마케팅 업무"",
  ""description"": ""제이에스씨홀딩스에서 정규직 경력무관 채용을 진행합니다. 근무지는 서울 강남구 도산대로 115 (신사동)이며, 자세한 조건은 공고를 통해 확인할 수 있습니다."",
  ""datePosted"": ""2026-05-04"",
  ""validThrough"": ""2026-07-03T23:59"",
  ""employmentType"": ""FULL_TIME"",
  ""experienceRequirements"": ""경력무관"",
  ""educationRequirements"": ""학력무관"",
  ""directApply"": true,
  ""hiringOrganization"": {
    ""@type"": ""Organization"",
    ""name"": ""제이에스씨홀딩스""
  },
  ""jobLocation"": {
    ""@type"": ""Place"",
    ""address"": {
      ""@type"": ""PostalAddress"",
      ""streetAddress"": ""서울 강남구 도산대로 115 (신사동) .""
    }
  },
  ""identifier"": {
    ""@type"": ""PropertyValue"",
    ""name"": ""JobKorea"",
    ""value"": ""49100035""
  },
  ""url"": ""https://www.jobkorea.co.kr/Recruit/GI_Read/49100035""
}",success,
㈜스타럭스,https://www.jobkorea.co.kr/Recruit/GI_Read/49100036,,"모집요강
모집분야
상품운영
모집인원
1
명
고용형태
정규직
(수습 3개월)
직급/직책
급여
회사 내규에 따름 (면접 후 결정)
근무시간
주5일(월~금)
09:00 ~ 18:00
근무지주소
서울 강남구 삼성로 561 (삼성동, 삼성동대훈빌딩) 스타럭스 빌딩
지도보기
인근지하철

지원자격
경력
경력
(1년이상)
학력
학력무관
스킬
우대조건
기본우대
컴퓨터활용능력 우수자, 운전가능자, 통계분석·리서치 능숙자, 프리젠테이션 능력우수자, 유관업무 경험자(인턴·알바), 보훈대상자, 엑셀 고급능력 보유자, 문서작성 우수자, 관련 학과 전공자, 관련 자격증 보유자, 리더쉽 소유자, 우수사원 수상자, 유관업무 경력자(1년), 즉시출근 가능자, 장기근무 가능자

접수기간 · 방법
마감일은 기업의 사정으로 인해 조기 마감 또는 변경될 수 있습니다

기업 정보
기업정보 더보기
사원수
301 ~ 500명 이하
기업구분
중견기업 (비상장)
산업(업종)
가방 및 보호용 케이스 도매업
지도보기
위치
서울 강남구 삼성로 561 (삼성동, 삼성동대훈빌딩) 스타럭스 빌딩","{
  ""@context"": ""https://schema.org"",
  ""@type"": ""JobPosting"",
  ""title"": ""[페라가모 외] 시계&주얼리 상품운영 담당자 (사원-주임급)"",
  ""description"": ""㈜스타럭스에서 정규직 경력 채용을 진행합니다. 근무지는 서울 강남구 삼성로 561 (삼성동, 삼성동대훈빌딩)이며, 자세한 조건은 공고를 통해 확인할 수 있습니다."",
  ""datePosted"": ""2026-05-04"",
  ""validThrough"": ""2026-05-31T23:59"",
  ""employmentType"": ""FULL_TIME"",
  ""experienceRequirements"": ""경력"",
  ""educationRequirements"": ""학력무관"",
  ""directApply"": true,
  ""hiringOrganization"": {
    ""@type"": ""Organization"",
    ""name"": ""㈜스타럭스""
  },
  ""jobLocation"": {
    ""@type"": ""Place"",
    ""address"": {
      ""@type"": ""PostalAddress"",
      ""streetAddress"": ""서울 강남구 삼성로 561 (삼성동, 삼성동대훈빌딩) 스타럭스 빌딩""
    }
  },
  ""identifier"": {
    ""@type"": ""PropertyValue"",
    ""name"": ""JobKorea"",
    ""value"": ""49100036""
  },
  ""url"": ""https://www.jobkorea.co.kr/Recruit/GI_Read/49100036""
}",success,
,https://www.jobkorea.co.kr/Recruit/GI_Read/49100037,,,,fail,HTTP status code 404
,https://www.jobkorea.co.kr/Recruit/GI_Read/49100038,,,,fail,HTTP status code 404
,https://www.jobkorea.co.kr/Recruit/GI_Read/49100039,,,,fail,HTTP status code 404
㈜에스이에이치인터내셔널,https://www.jobkorea.co.kr/Recruit/GI_Read/49100040,,"모집요강
모집분야
컨시어지
모집인원
1
명
고용형태
계약직
(근무기간 1년)
급여
월급 225만원 이상
근무시간
주5일(월~금)
12:30 ~ 21:30
휴게 60분 / 주말, 공휴일 휴무, 연차사용 가능
근무지주소
경기 용인시 수지구 진산로 106 (풍덕천동, 훼미리빌딩) 6층 쥬비스 수지구청점
지도보기
인근지하철

지원자격
경력
경력무관
학력
고졸이상

접수기간 · 방법
마감일은 기업의 사정으로 인해 조기 마감 또는 변경될 수 있습니다

기업 정보
기업정보 더보기
사원수
51 ~ 300명 이하
기업구분
중소기업 (비상장)
산업(업종)
상용 인력 공급 및 인사관리 서비스업
지도보기
위치
서울 금천구 가산동 345-4 에이스하이엔드타워8차 406호","{
  ""@context"": ""https://schema.org"",
  ""@type"": ""JobPosting"",
  ""title"": ""[쥬비스 수지구청점] 고객 응대 및 관리 컨시어지 채용 (주5일/평일근무)"",
  ""description"": ""㈜에스이에이치인터내셔널 에서 계약직 경력무관 채용을 진행합니다. 근무지는 경기 용인시 수지구 진산로 106 (풍덕천동, 훼미리빌딩)이며, 자세한 조건은 공고를 통해 확인할 수 있습니다."",
  ""datePosted"": ""2026-05-06"",
  ""validThrough"": ""2026-07-05T23:59"",
  ""employmentType"": ""CONTRACTOR"",
  ""experienceRequirements"": ""경력무관"",
  ""educationRequirements"": ""고졸 이상"",
  ""directApply"": true,
  ""hiringOrganization"": {
    ""@type"": ""Organization"",
    ""name"": ""㈜에스이에이치인터내셔널 ""
  },
  ""jobLocation"": {
    ""@type"": ""Place"",
    ""address"": {
      ""@type"": ""PostalAddress"",
      ""streetAddress"": ""경기 용인시 수지구 진산로 106 (풍덕천동, 훼미리빌딩) 6층 쥬비스 수지구청점""
    }
  },
  ""baseSalary"": {
    ""@type"": ""MonetaryAmount"",
    ""currency"": ""KRW"",
    ""value"": {
      ""@type"": ""QuantitativeValue"",
      ""value"": 2250000,
      ""unitText"": ""MONTH""
    }
  },
  ""identifier"": {
    ""@type"": ""PropertyValue"",
    ""name"": ""JobKorea"",
    ""value"": ""49100040""
  },
  ""url"": ""https://www.jobkorea.co.kr/Recruit/GI_Read/49100040""
}",success,
한국브라스트㈜,https://www.jobkorea.co.kr/Recruit/GI_Read/49100041,"[제관부] 기계용접 경력사원 모집
한국브라스트(주)는 표면처리기계(SAND BLAST M/C)를 설계 제작하는 회사입니다. 당사는 축적된 기술력과 친절한 A/S 정신을 바탕으로 국내 표면처리 시장에 리더의 위치를 확보해 왔습니다.
보다 우수한 성능의 제품을 개발해 냄으로써 글로벌 세계시장을 석권하기 위함은 물론, 더 나아가 인류의 보다 나은 삶을 위해 기여하는 건실한 기업이 되기 위한 최선의 노력을 다하고 있습니다.
모집요강
모집분야
담당업무
자격요건
모집인원
제관부
- 기계용접
- 학력무관
- 경력 : 5년 이상
[우대사항]
-기계용접 경력자, 즉시출근 가능자, 관련학과 전공
0명
전형절차
근무환경
근무형태 : 정규직
근무지 : 경기 시흥시 엠티브이28로 11(정왕동 MTV 1사 907호)
근무요일 :  월~금
근무시간 : 08 : 30 ~ 18 : 40
접수기간 및 방법
마감일 :
채용시 마감
이력서양식 : 잡코리아 온라인 이력서
접수방법 : 잡코리아 온라인 채용시스템, e-메일접수(
blast@koreablast.com
)
제출서류
이력서, 자기소개서 제출
최종합격 후 주민등록등본 외 필요서류 제출
기타 유의사항
허위사실이 발견될 경우 채용이 취소될 수 있습니다.","모집요강
모집분야
기계
모집인원
○
명
고용형태
정규직
직급/직책
급여
회사 내규에 따름 (면접 후 결정)
근무시간
주5일(월~금)
08:30 ~ 18:40
근무지주소
경기 시흥시 엠티브이28로 11 (정왕동) 정왕동 MTV 1사 907호
지도보기

지원자격
경력
경력
(5년이상)
학력
학력무관
우대조건
기본우대
운전가능자, 유관업무 경력자, 즉시출근 가능자

접수기간 · 방법
마감일은 기업의 사정으로 인해 조기 마감 또는 변경될 수 있습니다

기업 정보
기업정보 더보기
사원수
50명 이하
기업구분
중소기업 (비상장)
산업(업종)
기계·기계설비
지도보기
위치
경기 시흥시 엠티브이28로 11 (정왕동) 정왕동 MTV 1사 907호","{
  ""@context"": ""https://schema.org"",
  ""@type"": ""JobPosting"",
  ""title"": ""[제관부] 제관 용접사 경력사원 모집"",
  ""description"": ""한국브라스트㈜에서 정규직 경력 채용을 진행합니다. 근무지는 경기 시흥시 엠티브이28로 11 (정왕동)이며, 자세한 조건은 공고를 통해 확인할 수 있습니다."",
  ""datePosted"": ""2026-05-04"",
  ""validThrough"": ""2026-05-10T23:59"",
  ""employmentType"": ""FULL_TIME"",
  ""experienceRequirements"": ""경력"",
  ""educationRequirements"": ""학력무관"",
  ""directApply"": true,
  ""hiringOrganization"": {
    ""@type"": ""Organization"",
    ""name"": ""한국브라스트㈜""
  },
  ""jobLocation"": {
    ""@type"": ""Place"",
    ""address"": {
      ""@type"": ""PostalAddress"",
      ""streetAddress"": ""경기 시흥시 엠티브이28로 11 (정왕동) 정왕동 MTV 1사 907호""
    }
  },
  ""identifier"": {
    ""@type"": ""PropertyValue"",
    ""name"": ""JobKorea"",
    ""value"": ""49100041""
  },
  ""url"": ""https://www.jobkorea.co.kr/Recruit/GI_Read/49100041""
}",success,
㈜씨앤피물류,https://www.jobkorea.co.kr/Recruit/GI_Read/49100042,"㈜씨앤피물류
외식 프랜차이즈 본부 슈퍼바이저 모집 공고
㈜씨앤피물류는 2016년에 설립된 회사로 자본금 19억 9,000만원, 매출액 139억 5,194만원, 사원수 56명 규모의 중소기업입니다. 경기 의정부시 서광로 135 (산곡동)에 위치하고 있으며, 외식 프랜차이즈사업을 하고 있습니다.
운영브랜드 - 무봉리토종순대국, 하나샤브샤브
포지션 및 자격요건
SV 슈퍼바이저
( 1명 )
매장만 관리하는 사람이 아닙니다.
브랜드의 분위기와 매출을 함께 만드는 사람을 찾습니다.
현장을 이해하고,
가맹점과 함께 움직일 수 있는
진짜 실무형 슈퍼바이저를 모집합니다.
담당업무
ㆍ
가맹점 운영 관리
ㆍ
매출 및 서비스 체크
ㆍ
오픈 지원 및 현장 교육
ㆍ
위생/품질 관리
ㆍ
본사와 매장 간 커뮤니케이션
ㆍ
문제 상황 대응 및 개선
스킬
ㆍ프랜차이즈 경험 우대
핵심역량
ㆍ
성실성,
협동심,
계획성
자격요건
ㆍ학력 : 학력무관
ㆍ경력 : 신입
ㆍ운전면허 필수
우대사항
ㆍ국가유공자
ㆍ유관업무 경력자 (1년)
ㆍ유관업무 경험자(인턴·알바)
근무조건 및 복리후생
ㆍ정규직
ㆍ사대보험,퇴직금,연차제도 운영
ㆍ주 5일 근무
ㆍ차량제공
ㆍ급여 : 협의
이런 분이면 좋습니다
ㆍ
외식업 현장 경험 있는 분
ㆍ
사람과 소통하는 걸 어려워하지 않는 분
ㆍ
책임감 있고 실행력 있는 분
ㆍ
외식업에서 한 단계 성장하고 싶은 분
ㆍ
매장 운영을 제대로 배워보고 싶은 분
ㆍ
브랜드를 키우는 경험을 해보고 싶은 분
전형절차
ㆍ서류전형 > 1차면접 > 2차면접 > 임원면접 > 최종합격
ㆍ면접일정은 추후 통보됩니다.
유의사항
ㆍ허위사실이 발견될 경우 채용이 취소될 수 있습니다.","모집요강
모집분야
SV 슈퍼바이저
모집인원
1
명
고용형태
정규직
(수습 3개월)
직급/직책
급여
회사 내규에 따름 (면접 후 결정)
근무시간
주5일(월~금)
09:00 ~ 18:00
근무지주소
경기 의정부시 서광로 135 (산곡동) 센타프라자 501호
지도보기

지원자격
경력
경력무관
학력
학력무관
스킬
핵심역량
성실성
,
협동심
,
꼼꼼함
,
적응성
,
계획성
우대조건
기본우대
국가유공자, 유관업무 경험자(인턴·알바), 유관업무 경력자(1년)

접수기간 · 방법
마감일은 기업의 사정으로 인해 조기 마감 또는 변경될 수 있습니다

기업 정보
기업정보 더보기
사원수
50명 이하
기업구분
중소기업 (비상장)
산업(업종)
육류 가공식품 도매업
지도보기
위치
경기 의정부시 서광로 135 (산곡동) 센타프라자 501호","{
  ""@context"": ""https://schema.org"",
  ""@type"": ""JobPosting"",
  ""title"": ""외식 프랜차이즈 본부 슈퍼바이저 모집"",
  ""description"": ""㈜씨앤피물류에서 정규직 경력무관 채용을 진행합니다. 근무지는 경기 의정부시 서광로 135 (산곡동)이며, 자세한 조건은 공고를 통해 확인할 수 있습니다."",
  ""datePosted"": ""2026-05-04"",
  ""validThrough"": ""2026-06-03T23:59"",
  ""employmentType"": ""FULL_TIME"",
  ""experienceRequirements"": ""경력무관"",
  ""educationRequirements"": ""학력무관"",
  ""directApply"": true,
  ""hiringOrganization"": {
    ""@type"": ""Organization"",
    ""name"": ""㈜씨앤피물류""
  },
  ""jobLocation"": {
    ""@type"": ""Place"",
    ""address"": {
      ""@type"": ""PostalAddress"",
      ""streetAddress"": ""경기 의정부시 서광로 135 (산곡동) 센타프라자 501호""
    }
  },
  ""identifier"": {
    ""@type"": ""PropertyValue"",
    ""name"": ""JobKorea"",
    ""value"": ""49100042""
  },
  ""url"": ""https://www.jobkorea.co.kr/Recruit/GI_Read/49100042""
}",success,
㈜부릉,https://www.jobkorea.co.kr/Recruit/GI_Read/49100043,"㈜부릉
[부릉] 라스트마일 권역 관리자
정규직 채용
부릉(Vroong) 은 차별화된 기술을 기반으로 고객 맞춤형 배송 서비스를 제공하는 혁신적인 라스트마일 물류 플랫폼입니다.
2025년, 부릉은 3월 300억 원, 8월 100억 원 등 총 400억 원의 투자를 유치하며 더욱 큰 도약을 위한 발판을 마련했습니다.
이를 통해 기술 고도화와 서비스 확장을 가속화하고 있으며, 새로운 도전으로 배달·유통 시장의 혁신을 선도하고자 합니다.
앞으로 부릉은 혁신적인 기술력과 데이터 기반 운영 노하우를 바탕으로 새로운 유통 생태계를 개척하고,
고객에게 차별화된 경험을 제공하는 ‘넥스트 부릉’ 을 만들어 나갈 것입니다.
우리는 단순히 물류 서비스를 제공하는 기업이 아니라, 고객과 파트너가 함께 성장하는 미래 유통 플랫폼을 만들어가는 팀입니다.
운영팀은 LX1팀, LX2팀, LX3팀, LX4팀으로 구성되어 있으며 권역 관리자는 현장에서 이륜 배송 인프라 구축 및 관리, 시장 조사 및 운영 기획, 신규 업체 발굴 등을 진행하는 부릉의 최전선에서 업무를 수행합니다.
포지션 및 자격요건
라스트마일 권역 관리자
( 0명 )
담당업무
1.
인프라 구축
- 시장조사 : 지역별 배달시장 규모를 조사하고 인프라 구축 필요성에 대해 검토 및 경쟁사 운영현황을 파악
- 협력사 구축 : 담당 권역에 배송 협력사를 구축하기 위한 다양한 방법을 모색 및 타겟 정교화 하여 창업자 발굴, 경쟁사 전환/인수, 제휴 활동을 진행
- 운영/관리 : 각 지역의 배송망이 원활하게 운영하기 위해 지역별, 채널별, 지점별 프로모션을 기획, 수립하고 해당 프로모션의 효율 및 효과성을 검증
- 로컬세일즈 : 물량 확대를 통한 매출/이익을 증대하기 위해 영업전략 및 계획을 수립하고, 협력사 성과관리 기반을 통해 영업채널 역량을 강화
2.
수익성 관리
- 실시간 물량 증대를 통한 매출과 이익 증대
- 전사 손익을 개선시키기 위해 협력사의 원가조율, 협의, 액션 등 세부적인 손익증대 활동을 설계, 운영
3.
배송 품질(퀄리티) 관리
- 법인, 로컬, 플랫폼 등 채널별 SLA 조건에 맞춘 배송품질 조건을 달성하기 위해 실시간으로 서비스 퀄리티를 관리
- 고객센터로 인입된 상점주의 배송 컴플레인을 확인하고 이를 해결하기 위해 협력사와 협업을 통해 개선 활동을 진행
4.
대/내외 협업
- 다양한 유관부서와 협력하고, 상점주, 고객, 라이더 VOC 대응을 통해 갈등을 조율하고 신속하게 해결
자격요건
ㆍ
학력: 초대졸 이상 (상응하는 경력 보유일 경우 무관)
ㆍ경력: 무관 (관련 경력자 우대 / 영업 및 영업 관리 경력 우대)
ㆍ원활한 커뮤니케이션으로 협상을 이끌어 낼 수 있는 역량을 갖춘 분
ㆍ문제 해결 역량을 갖춘 분
ㆍ운전면허 소지자 및 운전이 가능하신 분
우대사항
ㆍ
배달대행 산업 이해도 보유 및 경험이 있으신 분
ㆍ스타트업 종사 경험이 있으신 분
ㆍ협력업체 관리 경험이 있으신 분
복지 및 혜택
ㆍ생일자 지원 : 생일 휴가 1일 및 상품권 증정
ㆍ복지 포인트 지원 : 월 10 만원 포인트로 복리후생 목적 용도 사용가능, 체력 단련, 도서 구매 등 (연 120만원)
ㆍ경조휴가 및 경조금 지원 : 경조사 발생 시, 사유에 따라 휴가 및 경조금 지원
ㆍ종합검진 지원 : 본인 100% 및 가족 1 인 50% 지원
ㆍ리프레시 휴가 지원 : 장기 근속년수에 따라 연차 외 별도 휴가 부여
ㆍ반차 및 반반차 제도 운영
ㆍ36개월 미만의 자녀가 있는 분께는 매월 10만 원의 육아수당 지원
ㆍ교육개발 신청 제도 운영 : 개인별로 필요한 역량과 업무 스킬 향상을 위해 교육과 도서 구입 지원
전형절차
ㆍ서류전형 > 1차 면접 > 2차 면접 > 최종합격
ㆍ
서류 검토는 상시 진행되며 적합한 분이 채용 될 시 채용공고가 마감됩니다.
ㆍ
정규직 채용의 경우 급여 및 복지 차별 없는 3개월의 수습 기간이 있습니다
유의사항
ㆍ허위사실이 발견될 경우 채용이 취소될 수 있습니다.","모집요강
모집분야
권역 관리자
모집인원
○
명
고용형태
정규직
(수습 3개월)
급여
회사 내규에 따름 (면접 후 결정)
근무시간
주5일(월~금)
09:00 ~ 18:00
근무지주소
서울 서초구 강남대로 577 (잠원동, HY빌딩) 3층 부릉
지도보기
인근지하철

지원자격
경력
경력무관
학력
초대졸이상
스킬

접수기간 · 방법
마감일은 기업의 사정으로 인해 조기 마감 또는 변경될 수 있습니다

기업 정보
기업정보 더보기
사원수
51 ~ 300명 이하
기업구분
벤처기업 (비상장)
산업(업종)
쇼핑몰·오픈마켓·소셜커머스
지도보기
위치
서울 서초구 강남대로 577 (잠원동, HY빌딩) 3,4층","{
  ""@context"": ""https://schema.org"",
  ""@type"": ""JobPosting"",
  ""title"": ""[부릉] 라스트마일 권역 관리자 정규직 채용 (서울 본사 근무)"",
  ""description"": ""㈜부릉에서 정규직 경력무관 채용을 진행합니다. 근무지는 서울 서초구 강남대로 577 (잠원동, HY빌딩)이며, 자세한 조건은 공고를 통해 확인할 수 있습니다."",
  ""datePosted"": ""2026-05-04"",
  ""validThrough"": ""2026-06-03T23:59"",
  ""employmentType"": ""FULL_TIME"",
  ""experienceRequirements"": ""경력무관"",
  ""educationRequirements"": ""초대졸 이상"",
  ""directApply"": true,
  ""hiringOrganization"": {
    ""@type"": ""Organization"",
    ""name"": ""㈜부릉""
  },
  ""jobLocation"": {
    ""@type"": ""Place"",
    ""address"": {
      ""@type"": ""PostalAddress"",
      ""streetAddress"": ""서울 서초구 강남대로 577 (잠원동, HY빌딩) 3층 부릉""
    }
  },
  ""identifier"": {
    ""@type"": ""PropertyValue"",
    ""name"": ""JobKorea"",
    ""value"": ""49100043""
  },
  ""url"": ""https://www.jobkorea.co.kr/Recruit/GI_Read/49100043""
}",success,
㈜태성축산유통,https://www.jobkorea.co.kr/Recruit/GI_Read/49100044,"모집분야 및 자격요건
채용분야 정보
모집분야
담당업무
자격요건 및 우대사항
모집인원
납품출고
- 한우 거래처 납품 및 배송
- 육류 출고 업무
(도매 육류 출고 및 배송)
*1톤 탑차 운전가능자(필수)
★월~금 /주5일근무★
★연차있음★
자격요건
학력: 고졸이상
경력: 경력1년 이상 영업 경력(필수)
*1톤 탑차 운전가능자(필수)
우대조건
인근거주자
운전가능자
즉시출근 가능자
장기근무 가능자
의사 소통이 원활하신 분
자격증: 자동차운전면허
○명
근무조건
근무형태 : 계약직(3개월
후 업무 평가를 통해, ★정규직 계약 검토
★
)
근무지 : 서울 > 성동구 마장동
근무시간 :
월~금 오전10시00분 ~ 오후7시
급여 : 면접시 협의
복리후생
중식제공
연차
4대보험 가입
★ 정규직 전환시 ★
보너스 협의
퇴직연금
전형절차
서류전형
면접
최종합격
* 면접일정은 추후 통보됩니다.
유의사항
허위사실이 발견될 경우 채용이 취소될 수 있습니다.","모집요강
모집분야
배송업무
모집인원
○
명
고용형태
계약직
(근무기간 3개월, 정규직 전환 가능)
직급/직책
급여
회사 내규에 따름 (면접 후 결정)
근무시간
월~금 : 오전10:00~19:00
10:00 ~ 07:00
근무지주소
서울 성동구 마장로31길 18 (마장동)
지도보기
인근지하철

지원자격
경력
경력
(1년이상)
학력
고졸이상
우대조건
기본우대
인근거주자, 운전가능자, 즉시출근 가능자, 장기근무 가능자
자격증

접수기간 · 방법
마감일은 기업의 사정으로 인해 조기 마감 또는 변경될 수 있습니다

기업 정보
기업정보 더보기
사원수
50명 이하
기업구분
중소기업 (비상장)
산업(업종)
식품가공
지도보기
위치
서울 성동구 마장로31길 18 (마장동) (주)태성축산유통","{
  ""@context"": ""https://schema.org"",
  ""@type"": ""JobPosting"",
  ""title"": ""육가공 회사 한우 거래처 입출고, 배송 담당 구인 - 1톤 탑차 운전필수,주5"",
  ""description"": ""㈜태성축산유통에서 계약직 경력 채용을 진행합니다. 근무지는 서울 성동구 마장로31길 18 (마장동)이며, 자세한 조건은 공고를 통해 확인할 수 있습니다."",
  ""datePosted"": ""2026-05-04"",
  ""validThrough"": ""2026-06-03T23:59"",
  ""employmentType"": ""CONTRACTOR"",
  ""experienceRequirements"": ""경력"",
  ""educationRequirements"": ""고졸 이상"",
  ""directApply"": true,
  ""hiringOrganization"": {
    ""@type"": ""Organization"",
    ""name"": ""㈜태성축산유통""
  },
  ""jobLocation"": {
    ""@type"": ""Place"",
    ""address"": {
      ""@type"": ""PostalAddress"",
      ""streetAddress"": ""서울 성동구 마장로31길 18 (마장동) ""
    }
  },
  ""identifier"": {
    ""@type"": ""PropertyValue"",
    ""name"": ""JobKorea"",
    ""value"": ""49100044""
  },
  ""url"": ""https://www.jobkorea.co.kr/Recruit/GI_Read/49100044""
}",success,
㈜엔씨파이낸스대부,https://www.jobkorea.co.kr/Recruit/GI_Read/49100045,"㈜엔씨파이낸스대부
[구디역 인근] 채권관리팀 정규직 채용
(영업전화X)
포지션 및 자격요건
포지션
( 0명 )
담당업무
ㆍ
채권 관리 업무
ㆍ연체 상담 업무 (
신규 고객 유치 등의 영업 전화 없음)
ㆍ채권 현황 전산 입력
ㆍ송무 신청 업무
우대사항
ㆍ운전 면허 소지자
ㆍ상담 업무에 거부감이 없는 자
고용형태
ㆍ정규직 (수습기간 3개월, 수습기간 내 급여 100% 지급)
연
봉
ㆍ3,000만원 (2년 근속시 평균 3,420만원)
※ 매년 인사평가를 통한 급여 인상
복리후생
ㆍ
패밀리 데이(매주 금요일 17:00 조기 퇴근), 경조사 지원, 장기근속 포상, 매월 회식비 지원, 고급 리조트 지원, 생일자 반차 휴가 지급, 연차수당 별도, 퇴직연금(DC) 적립 별도, 명절 상품권 지급, 분기 별 인센티브 有 (목표 달성 시), 자녀학자금 지원
전형절차
ㆍ서류전형 > 1차면접 >  최종합격
ㆍ면접일정은 추후 통보됩니다.
유의사항
ㆍ입사지원 서류에 허위사실이 발견될 경우, 채용확정 이후라도 채용이 취소될 수 있습니다.
[채용 관련 법률]
대부업 등의 등록 및 금융이용자에 관한법률
제9조의 5
(고용 제한 등)
①
대부업자등은 다음 각 호의 어느 하나에 해당하는 사람을 고용하여서는 아니된다.
1.
「폭력행위 등 처벌에 관한 법률」제4조에 따라 금고 이상의 형을 선고 받고 그집행이 끝나거나
(집행이 끝난 것으로 보는 경우를 포함한다) 면제된 날로부터 5년이 지나지 아니한 사람
2.
제4조 제6호 각 목의 어느 하나에 해당하는 규정을 위한 하여 다음 각 목의 어느하나에 해당하는 사람
가.
금고 이상의 실형을 선고받고 그 집행이 끝나거나(집행이 끝난 것으로 보는 경우를 포함한다) 면제된 날로부터
2년이 지나지 아니한사람
나.
금고 이상의 형의 집행유예 또는 선고유예를 선고받고 그 유예기간 중에 있는 사람
다.
벌금형을 선고받고 2년이 지나지 아니한 사람
②
대부업자등은 제1항 각 호의 어느하나에 해당하는 사람에게 대부업등의 업무를 위임하거나 대리하게 하여서는 아니된다.
제
11
조(채용서류의 반환 등)
①
구인자는 구직자의 채용 여부가 확정된 이후 구직자(확정된 채용대상자는 제외한다)가 채용서류의 반환을 청구하는 경우에는 본인임을
확인한 후 대통령령으로 정하는 바에 따라 반환하여야 한다. 다만, 제7조제1항에 따라 홈페이지 또는 전자우편으로 제출된 경우나
구직자가 구인자의 요구 없이 자발적으로 제출한 경우에는 그러하지 아니하다.
②
제1항에 따른 구직자의 채용서류 반환 청구는 서면 또는 전자적 방법 등 고용노동부령으로 정하는 바에 따라 하여야 한다.
③
구인자는 제1항에 따른 구직자의 반환 청구에 대비하여 대통령령으로 정하는 기간 동안 채용서류를 보관하여야 한다. 다만, 천재지변이나
그 밖에 구인자에게 책임 없는 사유로 채용서류가 멸실된 경우 구인자는 제1항에 따른 채용서류의 반환 의무를 이행한 것으로 본다.
④
구인자는 대통령령으로 정한 반환의 청구기간이 지난 경우 및 채용서류를 반환하지 아니한 경우에는 「개인정보 보호법」에 따라
채용서류를 파기하여야 한다.
⑤
제1항에 따른 채용서류의 반환에 소요되는 비용은 원칙적으로 구인자가 부담한다. 다만, 구인자는 대통령령으로 정하는 범위에서
채용서류의 반환에 소요되는 비용을 구직자에게 부담하게 할 수 있다.
⑥
구인자는 제1항부터 제5항까지의 규정을 채용 여부가 확정되기 전까지 구직자에게 알려야 한다.","모집요강
모집분야
채권관리 신입
모집인원
○
명
고용형태
정규직
(수습 3개월)
급여
연봉 3,000~3,000만원 (면접 후 결정)
근무시간
주5일(월~금)
09:00 ~ 18:00
근무지주소
서울 구로구 디지털로30길 28 (구로동, 마리오타워) 201호
지도보기
인근지하철

지원자격
경력
신입
학력
고졸이상
스킬

접수기간 · 방법
마감일은 기업의 사정으로 인해 조기 마감 또는 변경될 수 있습니다

기업 정보
기업정보 더보기
사원수
51 ~ 300명 이하
기업구분
중소기업 (비상장)
산업(업종)
그 외 기타 여신금융업
지도보기
위치
서울 구로구 디지털로30길 28 (구로동, 마리오타워) 210호","{
  ""@context"": ""https://schema.org"",
  ""@type"": ""JobPosting"",
  ""title"": ""[구디역 인근] 채권관리팀 정규직 채용 (영업전화X)"",
  ""description"": ""㈜엔씨파이낸스대부에서 정규직 신입 채용을 진행합니다. 근무지는 서울 구로구 디지털로30길 28 (구로동, 마리오타워)이며, 자세한 조건은 공고를 통해 확인할 수 있습니다."",
  ""datePosted"": ""2026-05-04"",
  ""validThrough"": ""2026-06-03T23:59"",
  ""employmentType"": ""FULL_TIME"",
  ""experienceRequirements"": ""신입"",
  ""educationRequirements"": ""고졸 이상"",
  ""directApply"": true,
  ""hiringOrganization"": {
    ""@type"": ""Organization"",
    ""name"": ""㈜엔씨파이낸스대부""
  },
  ""jobLocation"": {
    ""@type"": ""Place"",
    ""address"": {
      ""@type"": ""PostalAddress"",
      ""streetAddress"": ""서울 구로구 디지털로30길 28 (구로동, 마리오타워) 201호""
    }
  },
  ""baseSalary"": {
    ""@type"": ""MonetaryAmount"",
    ""currency"": ""KRW"",
    ""value"": {
      ""@type"": ""QuantitativeValue"",
      ""unitText"": ""YEAR"",
      ""minValue"": 30000000,
      ""maxValue"": 30010000
    }
  },
  ""identifier"": {
    ""@type"": ""PropertyValue"",
    ""name"": ""JobKorea"",
    ""value"": ""49100045""
  },
  ""url"": ""https://www.jobkorea.co.kr/Recruit/GI_Read/49100045""
}",success,
㈜참좋은날,https://www.jobkorea.co.kr/Recruit/GI_Read/49100046,"㈜참좋은날
참좋은날 포워딩/수출입 영업팀   중국어 가능 (남,여)  모집합니다
㈜참좋은날은 2021년에 설립된 회사로 자본금 3억원, 매출액 231억 3,676만원, 사원수 20명 규모의 중소기업입니다. 서울 금천구 범안로 1130 (가산동, 디지털엠파이어빌딩)에 위치하고 있으며, 포워딩 해상수출입 항공수출입 특송사업을 하고 있습니다.
포지션 및 자격요건
포워딩
( ○명 )
담당업무
ㆍ상세내용을 입력하세요
ㆍ상세내용을 입력하세요
스킬
ㆍ중국어
핵심역량
ㆍ
성실성,
꼼꼼함,
협동심,
계획성, 적응성
자격요건
ㆍ학력 : 학력무관
ㆍ경력 : 신입·경력
우대사항
ㆍ상세내용을 입력하세요
ㆍ상세내용을 입력하세요
전형절차
ㆍ서류전형 > 1차면접 > 2차면접 > 임원면접 > 최종합격
ㆍ면접일정은 추후 통보됩니다.
유의사항
ㆍ허위사실이 발견될 경우 채용이 취소될 수 있습니다.","모집요강
모집분야
포워딩
모집인원
○
명
고용형태
정규직
(수습 2개월)
직급/직책
급여
회사 내규에 따름 (면접 후 결정)
근무시간
주5일(월~금)
09:00 ~ 18:00
근무지주소
서울 금천구 범안로 1130 (가산동, 디지털엠파이어빌딩) 709호
지도보기
인근지하철

지원자격
경력
신입·경력
학력
학력무관
스킬
핵심역량
성실성
,
꼼꼼함
,
협동심
,
적응성
,
계획성

접수기간 · 방법
마감일은 기업의 사정으로 인해 조기 마감 또는 변경될 수 있습니다

기업 정보
기업정보 더보기
사원수
50명 이하
기업구분
중소기업 (비상장)
산업(업종)
화물운송 중개, 대리 및 관련 서비스업
지도보기
위치
서울 금천구 범안로 1130 (가산동, 디지털엠파이어빌딩) 709호","{
  ""@context"": ""https://schema.org"",
  ""@type"": ""JobPosting"",
  ""title"": ""참좋은날 포워딩/수출입 영업팀   중국어 가능 (남,여)  모집합니다"",
  ""description"": ""㈜참좋은날에서 정규직 신입·경력 채용을 진행합니다. 근무지는 서울 금천구 범안로 1130 (가산동, 디지털엠파이어빌딩)이며, 자세한 조건은 공고를 통해 확인할 수 있습니다."",
  ""datePosted"": ""2026-05-04"",
  ""validThrough"": ""2026-06-03T23:59"",
  ""employmentType"": ""FULL_TIME"",
  ""experienceRequirements"": ""신입·경력"",
  ""educationRequirements"": ""학력무관"",
  ""directApply"": true,
  ""hiringOrganization"": {
    ""@type"": ""Organization"",
    ""name"": ""㈜참좋은날""
  },
  ""jobLocation"": {
    ""@type"": ""Place"",
    ""address"": {
      ""@type"": ""PostalAddress"",
      ""streetAddress"": ""서울 금천구 범안로 1130 (가산동, 디지털엠파이어빌딩) 709호""
    }
  },
  ""identifier"": {
    ""@type"": ""PropertyValue"",
    ""name"": ""JobKorea"",
    ""value"": ""49100046""
  },
  ""url"": ""https://www.jobkorea.co.kr/Recruit/GI_Read/49100046""
}",success,
서운에스엠,https://www.jobkorea.co.kr/Recruit/GI_Read/49100047,"서운에스엠
롯데마트 화정점 시설팀 기계설비 주 모집
서운에스엠은 1994년에 설립된 회사로 자본금 5억원, 매출액 318억 8,642만원, 사원수 705명 규모의 중견기업입니다. 서울 성동구 용답동에 위치하고 있으며, 공동주택관리,전기공사,건물관리및시설관리,청소업등사업을 하고 있습니다.
포지션 및 자격요건
시설관리
( 1명 )
담당업무
ㆍ롯데마트 화정점 시설관리 기계설비
ㆍ기계설비 유지관리자 선임 가능자
자격요건
ㆍ학력 : 학력무관
ㆍ경력 : 경력2년↑
우대사항
ㆍ가스 안전관리 선임 가능자
ㆍ기계설비 선임 가능자
전형절차
ㆍ서류전형 > 1차면접  > 최종합격
ㆍ면접일정은 추후 통보됩니다.
유의사항
ㆍ허위사실이 발견될 경우 채용이 취소될 수 있습니다.","모집요강
모집분야
시설관리
모집인원
1
명
고용형태
계약직
직급/직책
급여
월급 300~300만원
근무시간
주5일(월~금)
09:00 ~ 18:00
탄력근무제
( 2020년 1월 1일 부터 관공서 법정공휴일 휴무(대체휴일))
근무지주소
경기 고양시 덕양구 화중로 66 (화정동, 롯데쇼핑(주)롯데마트화정점) 롯데마트 화정점
지도보기
인근지하철

지원자격
경력
경력
(2년이상)
학력
학력무관
스킬
,
건설기계설비 산업기사, 사용시설안전관리자(양성교육 이수)

접수기간 · 방법
마감일은 기업의 사정으로 인해 조기 마감 또는 변경될 수 있습니다

기업 정보
기업정보 더보기
사원수
501 ~ 1,000명 이하
기업구분
중견기업 (비상장)
산업(업종)
경비 및 경호 서비스업
지도보기
위치
서울 성동구 용답동 228-13 서운빌딩6층","{
  ""@context"": ""https://schema.org"",
  ""@type"": ""JobPosting"",
  ""title"": ""롯데마트 화정점 시설팀 기계설비 주임 모집"",
  ""description"": ""서운에스엠에서 계약직 경력 채용을 진행합니다. 근무지는 경기 고양시 덕양구 화중로 66 (화정동, 롯데쇼핑(주)롯데마트화정점)이며, 자세한 조건은 공고를 통해 확인할 수 있습니다."",
  ""datePosted"": ""2026-05-04"",
  ""validThrough"": ""2026-06-03T23:59"",
  ""employmentType"": ""CONTRACTOR"",
  ""experienceRequirements"": ""경력"",
  ""educationRequirements"": ""학력무관"",
  ""directApply"": true,
  ""hiringOrganization"": {
    ""@type"": ""Organization"",
    ""name"": ""서운에스엠""
  },
  ""jobLocation"": {
    ""@type"": ""Place"",
    ""address"": {
      ""@type"": ""PostalAddress"",
      ""streetAddress"": ""경기 고양시 덕양구 화중로 66 (화정동, 롯데쇼핑(주)롯데마트화정점) 롯데마트 화정점""
    }
  },
  ""baseSalary"": {
    ""@type"": ""MonetaryAmount"",
    ""currency"": ""KRW"",
    ""value"": {
      ""@type"": ""QuantitativeValue"",
      ""unitText"": ""MONTH"",
      ""minValue"": 3000000,
      ""maxValue"": 3010000
    }
  },
  ""identifier"": {
    ""@type"": ""PropertyValue"",
    ""name"": ""JobKorea"",
    ""value"": ""49100047""
  },
  ""url"": ""https://www.jobkorea.co.kr/Recruit/GI_Read/49100047""
}",success,
㈜피에프네이처,https://www.jobkorea.co.kr/Recruit/GI_Read/49100048,"㈜피에프네이처
화장품 자재물류팀 경력자 모집
㈜피에프네이처는 2013년에 설립된 회사로 자본금 3억 9,610만원, 매출액 201억 4,952만원, 사원수 57명 규모의 중소기업입니다. 충북 청주시 흥덕구 오송읍 오송생명9로 199 (정중리)에 위치하고 있으며, [자연환경친화기업]미백제품,주름개선제품,손세정제,아크네제품,자외선차단제품 등의화장품제조업체사업을 하고 있습니다.
포지션 및 자격요건
화장품 자재물류팀 경력자
( 1명 )
담당업무
ㆍ부자재 입출고 관리
ㆍ완제품 입출고 관리 및 재고관리
자격요건
ㆍ학력 : 학력무관
ㆍ경력 : 경력(2년 이하)
ㆍ보유 역량: 해당 직무 근무경험, 지게차 운전 가능자
우대사항
ㆍ인근거주자
ㆍ운전 가능자
전형절차
ㆍ서류전형 > 1차면접 > 최종합격
ㆍ면접일정은 추후 통보됩니다.
유의사항
ㆍ허위사실이 발견될 경우 채용이 취소될 수 있습니다.","모집요강
모집분야
화장품 자재물류팀 신입 및 경력자 모집
모집인원
○
명
고용형태
정규직
(수습 3개월)
급여
회사 내규에 따름 (면접 후 결정)
근무시간
주5일(월~금)
09:00 ~ 18:00
근무지주소
충북 청주시 흥덕구 오송읍 오송생명9로 199 (정중리) 피에프네이처
지도보기

지원자격
경력
경력무관
학력
학력무관

접수기간 · 방법
마감일은 기업의 사정으로 인해 조기 마감 또는 변경될 수 있습니다

기업 정보
기업정보 더보기
사원수
51 ~ 300명 이하
기업구분
중소기업 (비상장)
산업(업종)
생활화학·화장품
지도보기
위치
충북 청주시 흥덕구 오송읍 오송생명9로 199 (정중리) 피에프네이처","{
  ""@context"": ""https://schema.org"",
  ""@type"": ""JobPosting"",
  ""title"": ""화장품 자재물류팀 경력자 모집"",
  ""description"": ""㈜피에프네이처에서 정규직 경력무관 채용을 진행합니다. 근무지는 충북 청주시 흥덕구 오송읍 오송생명9로 199 (정중리)이며, 자세한 조건은 공고를 통해 확인할 수 있습니다."",
  ""datePosted"": ""2026-05-04"",
  ""validThrough"": ""2026-06-03T23:59"",
  ""employmentType"": ""FULL_TIME"",
  ""experienceRequirements"": ""경력무관"",
  ""educationRequirements"": ""학력무관"",
  ""directApply"": true,
  ""hiringOrganization"": {
    ""@type"": ""Organization"",
    ""name"": ""㈜피에프네이처""
  },
  ""jobLocation"": {
    ""@type"": ""Place"",
    ""address"": {
      ""@type"": ""PostalAddress"",
      ""streetAddress"": ""충북 청주시 흥덕구 오송읍 오송생명9로 199 (정중리) 피에프네이처""
    }
  },
  ""identifier"": {
    ""@type"": ""PropertyValue"",
    ""name"": ""JobKorea"",
    ""value"": ""49100048""
  },
  ""url"": ""https://www.jobkorea.co.kr/Recruit/GI_Read/49100048""
}",success,
젠틀맨,https://www.jobkorea.co.kr/Recruit/GI_Read/49100049,"포지션  및 자격요건
채용분야 정보
포지션
담당업무
자격요건 및 우대사항
쇼핑몰 물류 및 포장
ㆍ물류 및 포장업무
자격요건
ㆍ학력 : 학력무관
ㆍ경력 : 경력무관
우대사항
ㆍ인근거주자
ㆍ운전가능자
ㆍ장기근무 가능자
ㆍ업무 특성상 남성분이 적합합니다.
근무조건
근무형태 : 정규직 (수습3개월)
근무시간 : 주5일 / 09:30 ~ 18:30
근무지 : 대구 달서구 성서공단북로69길 32 뉴코리아어패럴
급여 : 신입 월 220만원
복리후생
4대보험
(국민연금, 고용보험,
산재보험, 건강보험)
휴무·휴가·행사
(주5일제, 리프레시휴가,
공휴일휴무)
보상·수당·지원
(퇴직금, 명절선물/상여,
상여금)
편의·여가·건강
(식사지원, 음료/간식제공)
기타
(공기청정기)
전형절차
서류전형
면접전형
최종합격
* 면접 일정은 추후 통보됩니다.
접수기간 및 방법
접수기간 :
채용시조기마감
접수방법 : 잡코리아 접수
유의사항
허위사실이 발견될 경우 채용이 취소될 수 있습니다.","모집요강
모집분야
물류관리
모집인원
○
명
고용형태
정규직
(수습 3개월)
급여
회사 내규에 따름 (면접 후 결정)
근무시간
주5일(월~금)
09:30 ~ 18:30
근무지주소
대구 달서구 성서공단북로69길 32 (갈산동) 뉴코리아어패럴
지도보기
인근지하철

지원자격
경력
경력무관
학력
학력무관

접수기간 · 방법
마감일은 기업의 사정으로 인해 조기 마감 또는 변경될 수 있습니다

기업 정보
기업정보 더보기
사원수
50명 이하
기업구분
중소기업 (비상장)
산업(업종)
전자상거래 소매업
지도보기
위치
대구 달서구 성서공단북로69길 32 (갈산동) 9호","{
  ""@context"": ""https://schema.org"",
  ""@type"": ""JobPosting"",
  ""title"": ""[경력/신입가능] 의류 쇼핑몰 물류관리 추가채용"",
  ""description"": ""젠틀맨에서 정규직 경력무관 채용을 진행합니다. 근무지는 대구 달서구 성서공단북로69길 32 (갈산동)이며, 자세한 조건은 공고를 통해 확인할 수 있습니다."",
  ""datePosted"": ""2026-05-04"",
  ""validThrough"": ""2026-05-06T23:59"",
  ""employmentType"": ""FULL_TIME"",
  ""experienceRequirements"": ""경력무관"",
  ""educationRequirements"": ""학력무관"",
  ""directApply"": true,
  ""hiringOrganization"": {
    ""@type"": ""Organization"",
    ""name"": ""젠틀맨""
  },
  ""jobLocation"": {
    ""@type"": ""Place"",
    ""address"": {
      ""@type"": ""PostalAddress"",
      ""streetAddress"": ""대구 달서구 성서공단북로69길 32 (갈산동) 뉴코리아어패럴""
    }
  },
  ""identifier"": {
    ""@type"": ""PropertyValue"",
    ""name"": ""JobKorea"",
    ""value"": ""49100049""
  },
  ""url"": ""https://www.jobkorea.co.kr/Recruit/GI_Read/49100049""
}",success,
검색,https://www.jobkorea.co.kr/Recruit/GI_Read/49100050,"해외 명품 브랜드 크리스챤디올
전국 매장 경력 및 신입 모집
▶
모집분야 및 자격요건
모집 부문
담당 업무
자격 요건
모집 인원
점장 : 경력 12년 이상
부점장 : 경력 10년 이상
시니어 : 경력 5년 이상
주니어 : 경력 1년 이상
- 상품 포장 및 계산
- 고객 응대
- 제품보관 및 손질
- VIP 관리
- 재고 관리 및 분실방지
- 남, 녀 무관
- 명품업계 판매 경력 필수
- 외국어 가능자 우대
- 명품, 잡화, RTW 판매 경력자 우대
- VIP 관리 잘하시는 분 우대
- 서비스 마인드 보유자
00명
▶근무조건
근 무 시 간
- 주 5일 근무(평일/주말 구분 없음), 일 8시간 교대 근무
- 매장 별 영업일 및 영업시간에 따라 상이함
급 여 조 건
- 기본급(경력별 협의) + 커미션 + 각종 수당
소 속 기 관
- 크리스챤디올꾸뛰르 코리아 소속
복 리 후 생
- 4대보험, 퇴직연금, 건강검진, 연차 , 경조사비, 장기근속 포상 등
▶지원방법
제 출 서 류
- 크리스챤디올 자사 이력서
[
다운로드
]
- 채용사이트 온라인 이력서
제 출 방 법
-
recruit@humanest.co.kr
로 이메일접수 또는 채용사이트 온라인 접수
▶
지원문의
전 화 문 의
- TEL : 02-412-2232
- H.P : 010-9690-9911
이메일 문의
-
recruit@humanest.co.kr
▶
전형절차
서류전형
>
1차면접
>
2차면접
>
최종합격
※ 면접일정은 추후 통보됩니다.
▶
기타사항
허위사실이 발견될 경우 채용이 취소될 수 있습니다.",,,success,
㈜에치에프알,https://www.jobkorea.co.kr/Recruit/GI_Read/49100051,"㈜에치에프알
[HFR] 이동통신 시스템(중계기) 개발 및 설계 검증 신입/경력사원 모집
㈜에치에프알은 2000년에 설립된 회사로 자본금 67억원, 매출액 1,379억, 사원수 204명 규모의 중견기업입니다. 경기 성남시 수정구 금토로80번길 40 (금토동)에 위치하고 있으며, 무선인터넷 품질측정장비 및 유무선 통합 통신시스템 개발사업을 하고 있습니다.
포지션 및 자격요건
HFR 이동통신 시스템
(중계기) 개발 및 설계 검증 신입/경력사원 모집
( 1명 )
담당업무
ㆍ
이동통신 시스템(중계기) 개발 및 설계 검증
ㆍ
이동통신 시스템(중계기) 설계 자료 작성 (회로 및 PCB 등)
ㆍ
무선 시스템 및 구성품 사양(기능)에 따른 시험(검증)
ㆍ
시스템 Integration 및 성능 기능 시험과 데이터 정리
ㆍ
국책과제 개발 추진 및 사업관리시스템 등록 관리 지원
필요경력
ㆍ
이동통신 시스템(중계기) 또는 RF 설계 걔발 경력 (6년 이하)
ㆍ
이동통신 기술(LTE, 5G 등) 지식 보유
ㆍ
무선장비 관련 시스템 설계 및 구성품 개발 경험자
자격요건
ㆍ
학사 이상 / 전자, 통신, 전파 관련 분야 전공
우대사항
ㆍ
이동통신 FDD & TDD 시스템 개발 및 시험 검증
ㆍ
이동통신 기술 및 5G NR 시스템의 이해
ㆍ
계측기를 통한 통신 장비 검증 경력(우대)
복지 및 혜택
ㆍ중식지원비, 통신지원비 제공
ㆍ
선택적 복지제도 운영
전형절차
ㆍ서류전형 > 1차면접 > 2차면접 > 임원면접 > 최종합격
ㆍ면접일정은 추후 통보됩니다.
유의사항
ㆍ허위사실이 발견될 경우 채용이 취소될 수 있습니다.","모집요강
모집분야
HFR 이동 통신 중계기 설계 및 검증 경력
모집인원
1
명
고용형태
정규직
직급/직책
급여
회사 내규에 따름 (면접 후 결정)
근무시간
주5일(월~금)
09:00 ~ 18:00
근무지주소
경기 성남시 수정구 금토로80번길 40 (금토동) C동
지도보기

지원자격
경력
신입·경력
학력
대졸이상
핵심역량
성취지향성
,
적응성
,
성장지향성
,
창의성
,
협동심
,
꼼꼼함
,
계획성
,
성실성
우대조건
기본우대
영어가능자, 컴퓨터활용능력 우수자, 운전가능자, 관련 자격증 보유자
우대전공

접수기간 · 방법
마감일은 기업의 사정으로 인해 조기 마감 또는 변경될 수 있습니다

기업 정보
기업정보 더보기
사원수
51 ~ 300명 이하
기업구분
중견기업 (코스닥 상장)
산업(업종)
네트워크·통신서비스
지도보기
위치
경기 성남시 수정구 금토로80번길 40 (금토동) C동

복리후생
기타 복리후생
노트북, 식비 지원, 4대 보험, 멘토링제도, 우수사원포상","{
  ""@context"": ""https://schema.org"",
  ""@type"": ""JobPosting"",
  ""title"": ""[HFR] 이동 통신 중계기 설계 및 검증 신입/경력 모집"",
  ""description"": ""㈜에치에프알에서 정규직 신입·경력 채용을 진행합니다. 근무지는 경기 성남시 수정구 금토로80번길 40 (금토동)이며, 자세한 조건은 공고를 통해 확인할 수 있습니다."",
  ""datePosted"": ""2026-05-04"",
  ""validThrough"": ""2026-06-03T23:59"",
  ""employmentType"": ""FULL_TIME"",
  ""experienceRequirements"": ""신입·경력"",
  ""educationRequirements"": ""대졸 이상"",
  ""directApply"": true,
  ""hiringOrganization"": {
    ""@type"": ""Organization"",
    ""name"": ""㈜에치에프알""
  },
  ""jobLocation"": {
    ""@type"": ""Place"",
    ""address"": {
      ""@type"": ""PostalAddress"",
      ""streetAddress"": ""경기 성남시 수정구 금토로80번길 40 (금토동) C동""
    }
  },
  ""identifier"": {
    ""@type"": ""PropertyValue"",
    ""name"": ""JobKorea"",
    ""value"": ""49100051""
  },
  ""url"": ""https://www.jobkorea.co.kr/Recruit/GI_Read/49100051""
}",success,
삼광랩트리,https://www.jobkorea.co.kr/Recruit/GI_Read/49100052,,"모집요강
모집분야
영업
모집인원
○
명
고용형태
계약직
(근무기간 6개월, 정규직 전환 가능)
급여
회사 내규에 따름
근무시간
주5일(월~금)
10:00 ~ 19:00
토요일 10:00~15:30 (의료업계 특성 상 반일근무 진행)
근무지주소
충북 청주시 서원구 장전로6번가길 24 (성화동) 2층
지도보기

지원자격
경력
신입
학력
초대졸이상
(졸업예정자 가능)
우대조건
기본우대
인근거주자, 운전가능자, 취업보호대상자, 유관업무 경험자(인턴·알바), 보훈대상자, 관련 학과 전공자, 관련 자격증 보유자
자격증
우대전공

접수기간 · 방법
마감일은 기업의 사정으로 인해 조기 마감 또는 변경될 수 있습니다

기업 정보
기업정보 더보기
사원수
51 ~ 300명 이하
기업구분
중소기업 (비상장)
산업(업종)
제약·보건·바이오
지도보기
위치
서울 서초구 바우뫼로 225 (양재동, 한마음빌딩) 6층 한마음빌딩","{
  ""@context"": ""https://schema.org"",
  ""@type"": ""JobPosting"",
  ""title"": ""[삼광랩트리] 2026년 영업 계약직 수시채용 (청주지점)"",
  ""description"": ""삼광랩트리에서 계약직 신입 채용을 진행합니다. 근무지는 충북 청주시 서원구 장전로6번가길 24 (성화동)이며, 자세한 조건은 공고를 통해 확인할 수 있습니다."",
  ""datePosted"": ""2026-05-04"",
  ""validThrough"": ""2026-06-03T23:59"",
  ""employmentType"": ""CONTRACTOR"",
  ""experienceRequirements"": ""신입"",
  ""educationRequirements"": ""초대졸 이상"",
  ""directApply"": true,
  ""hiringOrganization"": {
    ""@type"": ""Organization"",
    ""name"": ""삼광랩트리""
  },
  ""jobLocation"": {
    ""@type"": ""Place"",
    ""address"": {
      ""@type"": ""PostalAddress"",
      ""streetAddress"": ""충북 청주시 서원구 장전로6번가길 24 (성화동) 2층""
    }
  },
  ""identifier"": {
    ""@type"": ""PropertyValue"",
    ""name"": ""JobKorea"",
    ""value"": ""49100052""
  },
  ""url"": ""https://www.jobkorea.co.kr/Recruit/GI_Read/49100052""
}",success,
하이퍼앰코리아㈜,https://www.jobkorea.co.kr/Recruit/GI_Read/49100053,"하이퍼앰코리아㈜
재무
회계 담당자 (경력 1년 이상)
하이퍼앰코리아(앨리슨하이퍼앰)는 혁신과 창의성을 선도하는 글로벌 PR & 마케팅 커뮤니케이션 에이전시로서 소비자 마케팅, 기업 브랜딩, 테크놀로지 마케팅, 공공 부문 등 다양한 분야에서 서비스를 제공하고 있습니다.
하이퍼앰코리아는 지난 2002년부터 글로벌 기술 기업에서 소비재 브랜드까지, 스타트업에서 유니콘 기업까지, 정책에서 제품까지 다양한 글로벌 고객들과 함께 일하며 PR, 디지털, 통합마케팅 부문에서 그 실력을 입증했습니다. 사람, 시장, 기업이 디지털을 기반으로 소통하는 초연결 시대에서 커뮤니케이션 컨설턴트의 역할이 무엇보다 중요해졌습니다. 하이퍼앰코리아는 디지털 환경에 대한 깊은 이해와 빅데이터 인사이트 추출 노하우를 기반으로 PR/IMC/브랜딩/디지털/프로모션 등 다양한 영역에서 탄탄한 실무 역량을 검증받은 전문 인력이 모여 있는 마케팅 커뮤니케이션 기업입니다.
혁신과 창의성을 중시하는 하이퍼앰코리아는 업무 전반에 걸쳐 RPA(로봇 프로세스 자동화) 시스템을 채택해 업무 효율을 높이고 고부가가치 창출에 집중할 수 있도록 지원하고 있습니다. 특히, 근무환경 자동화와 재택근무제 전면 확대 등 자발적이고 적극적인 근무혁신으로 업무생산성을 향상시키고 일과 생활 균형의 고용 문화를 선도하여 2020년 고용노동부의 ＜근무혁신 우수기업＞으로 선정된 바 있습니다. 2023년에는 글로벌 신뢰경영 평가 기관인 미국 GPTW(Great Place To Work Institute)가 주관하고 GPTW 코리아가 주최하는 `2023 한국에서 가장 일하기 좋은 기업` ‘대한민국 밀레니얼이 가장 일하기 좋은 기업’에 선정되었습니다.
포지션 및 자격요건
재무회계 담당자
경력 1년 이상
( 1명 )
담당업무
ㆍ매출/매입 관리: 세금계산서 발행 및 관리, 매출/매입 내역 관리, 월 정기 보고
ㆍ지출 및 결제 관리: 지출결의서 검토, 법인카드 및 경비 정산 관리
ㆍ청구 및 송금 업무: 인보이스 검토, 외부 구매·조달 플랫폼 송장 등록·관리, 외화 송금, 지급 처리
ㆍ자금 관리: 계좌 관리 및 자금 입출금 모니터링, 자금 현황 보고
ㆍ세무 및 결산 지원: 세무 신고 지원, 월/분기 결산 마감 지원
ㆍ
문서 관리: 재무 관련 문서 및 계약서 관리, 대내외 제출 서류 발급
자격요건
ㆍ경력 : 재무회계 관련 실무 경력 1년↑
ㆍ업무 정확성과 책임감이 높은 분
ㆍ원활한 커뮤니케이션 및 협업 능력 보유자
ㆍMS Office(Excel 등) 및 협업 툴 활용 가능자
우대사항
ㆍ재무회계 관련 전공 또는 자격증 보유
ㆍERP(SAP 등) 또는 구매·조달 포털 시스템(Coupa, SAP Ariba 등) 사용 경험
ㆍ내
·외부 감사 대응 경험
ㆍ데이터 관리 및 자동화(Excel, AI툴 등) 활용 능력
전형절차
ㆍ서류전형 > 1차면접 > 최종합격
ㆍ면접일정은 추후 통보됩니다.
유의사항
ㆍ허위사실이 발견될 경우 채용이 취소될 수 있습니다.","모집요강
모집분야
재무회계 담당자 경력 1년 이상
모집인원
1
명
고용형태
정규직
(수습 3개월)
직급/직책
급여
회사 내규에 따름 (면접 후 결정)
근무시간
주5일(월~금)
08:30 ~ 18:00
근무지주소
서울 강남구 삼성로86길 22 (대치동) 하이퍼앰빌딩 2-5층
지도보기
인근지하철

지원자격
경력
경력
(1년이상)
학력
학력무관
스킬
우대조건
기본우대
유관업무 경험자(인턴·알바), 관련 자격증 보유자, 유관업무 경력자(2년)

접수기간 · 방법
마감일은 기업의 사정으로 인해 조기 마감 또는 변경될 수 있습니다

기업 정보
기업정보 더보기
사원수
51 ~ 300명 이하
기업구분
중소기업 (비상장)
산업(업종)
광고·홍보·전시
지도보기
위치
서울 강남구 삼성로86길 22 (대치동) 하이퍼앰빌딩 2-5층","{
  ""@context"": ""https://schema.org"",
  ""@type"": ""JobPosting"",
  ""title"": ""재무회계 담당자 (경력 1년 이상)"",
  ""description"": ""하이퍼앰코리아㈜에서 정규직 경력 채용을 진행합니다. 근무지는 서울 강남구 삼성로86길 22 (대치동)이며, 자세한 조건은 공고를 통해 확인할 수 있습니다."",
  ""datePosted"": ""2026-05-04"",
  ""validThrough"": ""2026-07-03T23:59"",
  ""employmentType"": ""FULL_TIME"",
  ""experienceRequirements"": ""경력"",
  ""educationRequirements"": ""학력무관"",
  ""directApply"": true,
  ""hiringOrganization"": {
    ""@type"": ""Organization"",
    ""name"": ""하이퍼앰코리아㈜""
  },
  ""jobLocation"": {
    ""@type"": ""Place"",
    ""address"": {
      ""@type"": ""PostalAddress"",
      ""streetAddress"": ""서울 강남구 삼성로86길 22 (대치동) 하이퍼앰빌딩 2-5층""
    }
  },
  ""identifier"": {
    ""@type"": ""PropertyValue"",
    ""name"": ""JobKorea"",
    ""value"": ""49100053""
  },
  ""url"": ""https://www.jobkorea.co.kr/Recruit/GI_Read/49100053""
}",success,
㈜엔씨파이낸스대부,https://www.jobkorea.co.kr/Recruit/GI_Read/49100054,"㈜엔씨파이낸스대부
[상무역 인근] 채권관리팀 정규직 채용
포지션
( 0명 )
담당업무
ㆍ
채권 관리 업무
ㆍ연체 상담 업무 (
신규 고객 유치 등의 영업 전화 없음)
ㆍ채권 현황 전산 입력
ㆍ송무 신청 업무
자격요건
ㆍ고등학교 졸업 이상
우대사항
ㆍ운전 면허 소지자
ㆍ전화 업무에 거부감이 없는 자
고용형태
ㆍ정규직 (수습기간 3개월, 수습기간 내 급여 100% 지급)
연
봉
ㆍ3,000만원 (2년 근속시 평균 3,420만원)
※ 매년 인사평가를 통한 급여 인상
복리후생
ㆍ
패밀리 데이(매주 금요일 17:00 조기 퇴근), 경조사 지원, 장기근속 포상, 매월 회식비 지원, 고급 리조트 지원, 생일자 반차 휴가 지급, 연차수당 별도, 퇴직연금(DC) 적립 별도, 명절 상품권 지급, 분기 별 인센티브 有 (목표 달성 시), 자녀학자금 지원
전형절차
ㆍ서류전형 > 1차면접 >  최종합격
ㆍ면접일정은 추후 통보됩니다.
유의사항
ㆍ입사지원 서류에 허위사실이 발견될 경우, 채용확정 이후라도 채용이 취소될 수 있습니다.
[채용 관련 법률]
대부업 등의 등록 및 금융이용자에 관한법률
제9조의 5
(고용 제한 등)
①
대부업자등은 다음 각 호의 어느 하나에 해당하는 사람을 고용하여서는 아니된다.
1.
「폭력행위 등 처벌에 관한 법률」제4조에 따라 금고 이상의 형을 선고 받고 그집행이 끝나거나
(집행이 끝난 것으로 보는 경우를 포함한다) 면제된 날로부터 5년이 지나지 아니한 사람
2.
제4조 제6호 각 목의 어느 하나에 해당하는 규정을 위한 하여 다음 각 목의 어느하나에 해당하는 사람
가.
금고 이상의 실형을 선고받고 그 집행이 끝나거나(집행이 끝난 것으로 보는 경우를 포함한다) 면제된 날로부터
2년이 지나지 아니한사람
나.
금고 이상의 형의 집행유예 또는 선고유예를 선고받고 그 유예기간 중에 있는 사람
다.
벌금형을 선고받고 2년이 지나지 아니한 사람
②
대부업자등은 제1항 각 호의 어느하나에 해당하는 사람에게 대부업등의 업무를 위임하거나 대리하게 하여서는 아니된다.
제
11
조(채용서류의 반환 등)
①
구인자는 구직자의 채용 여부가 확정된 이후 구직자(확정된 채용대상자는 제외한다)가 채용서류의 반환을 청구하는 경우에는 본인임을
확인한 후 대통령령으로 정하는 바에 따라 반환하여야 한다. 다만, 제7조제1항에 따라 홈페이지 또는 전자우편으로 제출된 경우나
구직자가 구인자의 요구 없이 자발적으로 제출한 경우에는 그러하지 아니하다.
②
제1항에 따른 구직자의 채용서류 반환 청구는 서면 또는 전자적 방법 등 고용노동부령으로 정하는 바에 따라 하여야 한다.
③
구인자는 제1항에 따른 구직자의 반환 청구에 대비하여 대통령령으로 정하는 기간 동안 채용서류를 보관하여야 한다. 다만, 천재지변이나
그 밖에 구인자에게 책임 없는 사유로 채용서류가 멸실된 경우 구인자는 제1항에 따른 채용서류의 반환 의무를 이행한 것으로 본다.
④
구인자는 대통령령으로 정한 반환의 청구기간이 지난 경우 및 채용서류를 반환하지 아니한 경우에는 「개인정보 보호법」에 따라
채용서류를 파기하여야 한다.
⑤
제1항에 따른 채용서류의 반환에 소요되는 비용은 원칙적으로 구인자가 부담한다. 다만, 구인자는 대통령령으로 정하는 범위에서
채용서류의 반환에 소요되는 비용을 구직자에게 부담하게 할 수 있다.
⑥
구인자는 제1항부터 제5항까지의 규정을 채용 여부가 확정되기 전까지 구직자에게 알려야 한다.","모집요강
모집분야
채권관리 신입
모집인원
○
명
고용형태
정규직
(수습 3개월)
급여
연봉 3,000만원 이상
근무시간
주5일(월~금)
09:00 ~ 18:00
근무지주소
광주 서구 상무중앙로 24 (치평동) mc타워 701호 - 광주 1호선 상무역 6번출구에서 200m 이내
지도보기
인근지하철

지원자격
경력
신입
학력
고졸이상

접수기간 · 방법
마감일은 기업의 사정으로 인해 조기 마감 또는 변경될 수 있습니다

기업 정보
기업정보 더보기
사원수
51 ~ 300명 이하
기업구분
중소기업 (비상장)
산업(업종)
그 외 기타 여신금융업
지도보기
위치
서울 구로구 디지털로30길 28 (구로동, 마리오타워) 210호","{
  ""@context"": ""https://schema.org"",
  ""@type"": ""JobPosting"",
  ""title"": ""[상무역 인근] 채권관리팀 정규직 채용"",
  ""description"": ""㈜엔씨파이낸스대부에서 정규직 신입 채용을 진행합니다. 근무지는 광주 서구 상무중앙로 24 (치평동)이며, 자세한 조건은 공고를 통해 확인할 수 있습니다."",
  ""datePosted"": ""2026-05-04"",
  ""validThrough"": ""2026-06-03T23:59"",
  ""employmentType"": ""FULL_TIME"",
  ""experienceRequirements"": ""신입"",
  ""educationRequirements"": ""고졸 이상"",
  ""directApply"": true,
  ""hiringOrganization"": {
    ""@type"": ""Organization"",
    ""name"": ""㈜엔씨파이낸스대부""
  },
  ""jobLocation"": {
    ""@type"": ""Place"",
    ""address"": {
      ""@type"": ""PostalAddress"",
      ""streetAddress"": ""광주 서구 상무중앙로 24 (치평동) mc타워 701호 - 광주 1호선 상무역 6번출구에서 200m 이내""
    }
  },
  ""baseSalary"": {
    ""@type"": ""MonetaryAmount"",
    ""currency"": ""KRW"",
    ""value"": {
      ""@type"": ""QuantitativeValue"",
      ""value"": 30000000,
      ""unitText"": ""YEAR""
    }
  },
  ""identifier"": {
    ""@type"": ""PropertyValue"",
    ""name"": ""JobKorea"",
    ""value"": ""49100054""
  },
  ""url"": ""https://www.jobkorea.co.kr/Recruit/GI_Read/49100054""
}",success,
㈜주노텍,https://www.jobkorea.co.kr/Recruit/GI_Read/49100055,"㈜주노텍
(선박 배전반)생산.품질관리 사무 보조
정규직 채용 공고
㈜주노텍은 2006년에 설립된 회사로 자본금 15억원, 매출액 150억, 사원수 40명 규모의 고용노동부에서 선정한  강소기업입니다.  경남 김해시 생림면 봉림로 128 (봉림리)에 위치하고 있으며, 배전반 (육상용 /선박용) / 공사 (육상 /YARD)사업을 하고 있습니다.
포지션 및 자격요건
사무보조
( 1명 )
담당업무
ㆍ생산.품질 서류 관리
ㆍ출하 서류 관리
ㆍ생산.품질 관련 기타 사무 보조 업무
ㆍ기업 프로그램 이용 및 오피스 프로그램 이용 서류 작업
스킬
ㆍExcel, 워드, Microsoft Office, OA
핵심역량
ㆍ
꼼꼼함,
성실성, 적응성, 협동심, 계획성
자격요건
ㆍ학력 : 고졸이상
ㆍ경력 : 신입
우대사항
ㆍ인근거주자
ㆍ차량소지자
ㆍ유관업무 경험자(인턴·알바)
ㆍ유관업무 경력자
ㆍ즉시출근 가능자
ㆍ장기근무 가능자
전형절차
ㆍ서류전형 > 1차면접 >  최종합격
ㆍ면접일정은 별도 연락
유의사항
ㆍ허위사실이 발견될 경우 채용이 취소될 수 있습니다.","모집요강
모집분야
사무보조
모집인원
1
명
고용형태
정규직
급여
연봉 2,600~2,700만원 (면접 후 결정)
근무시간
주5일(월~금)
08:00 ~ 17:00
근무지주소
경남 김해시 생림면 봉림로 128 (봉림리) 주노텍
지도보기

지원자격
경력
신입
학력
고졸이상
스킬
핵심역량
꼼꼼함
,
적응성
,
협동심
,
계획성
,
성실성
우대조건
기본우대
인근거주자, 차량소지자, 유관업무 경험자(인턴·알바), 유관업무 경력자, 즉시출근 가능자, 장기근무 가능자

접수기간 · 방법
마감일은 기업의 사정으로 인해 조기 마감 또는 변경될 수 있습니다

기업 정보
기업정보 더보기
사원수
50명 이하
기업구분
중소기업 (비상장)
산업(업종)
전기·전자·제어
지도보기
위치
경남 김해시 생림면 봉림로 128 (봉림리) 주노텍

복리후생
기타 복리후생
여름휴가, 사우회(경조사회), 회의실, 사무용품 지급, 산전 후 휴가","{
  ""@context"": ""https://schema.org"",
  ""@type"": ""JobPosting"",
  ""title"": ""(선박 배전반)생산.품질관리 사무 보조 정규직 채용 공고"",
  ""description"": ""㈜주노텍에서 정규직 신입 채용을 진행합니다. 근무지는 경남 김해시 생림면 봉림로 128 (봉림리)이며, 자세한 조건은 공고를 통해 확인할 수 있습니다."",
  ""datePosted"": ""2026-05-04"",
  ""validThrough"": ""2026-06-03T23:59"",
  ""employmentType"": ""FULL_TIME"",
  ""experienceRequirements"": ""신입"",
  ""educationRequirements"": ""고졸 이상"",
  ""directApply"": true,
  ""hiringOrganization"": {
    ""@type"": ""Organization"",
    ""name"": ""㈜주노텍""
  },
  ""jobLocation"": {
    ""@type"": ""Place"",
    ""address"": {
      ""@type"": ""PostalAddress"",
      ""streetAddress"": ""경남 김해시 생림면 봉림로 128 (봉림리) 주노텍""
    }
  },
  ""baseSalary"": {
    ""@type"": ""MonetaryAmount"",
    ""currency"": ""KRW"",
    ""value"": {
      ""@type"": ""QuantitativeValue"",
      ""unitText"": ""YEAR"",
      ""minValue"": 26000000,
      ""maxValue"": 27010000
    }
  },
  ""identifier"": {
    ""@type"": ""PropertyValue"",
    ""name"": ""JobKorea"",
    ""value"": ""49100055""
  },
  ""url"": ""https://www.jobkorea.co.kr/Recruit/GI_Read/49100055""
}",success,
㈜티웍스아이앤씨,https://www.jobkorea.co.kr/Recruit/GI_Read/49100056,"React 개발 경력자를 모십니다.
㈜티웍스아이앤씨는 2009년에 설립된 회사로 사원수 30명 규모의 중소기업입니다.
서울 마포구 합정동에 위치하고 있으며, 소프트웨어 개발 및 SI 사업을 하고 있습니다.
모집분야 및 자격요건
모집분야
담당업무
자격요건
모집인원
일반기업
프로그램 개발
- 경력 :
경력9년↑
- 프로젝트 : 공정관리 시스템
- 필요스킬 : React, Oracle, SpringBoot
-
담당업무 : React 시스템 구축
- 수행기간
: 2026.06.01 ~ 2026.11.30 (6개월)
- 필수조건 : React 개발 유경험자
- 근무위치 :
경기 이천시 부발읍 경충대로 2091
- 제출서류 : 프로젝트 위주의 기술경력서
고급 1 명
서류전형
실무면접
최종합격
- 근무형태 : 정규직 및 계약직
- 근무지
:
(이천) -
경기 이천시 부발읍 경충대로 2091
- 마감일
:
2026.05.31 (충원시 조기 마감)
- 이력서 양식 : 잡코리아 이력서 또는 기술경력서
- 접수방법 : 잡코리아 온라인 접수 또는 메일접수(
bbj@tworksinc.co.kr
)
- 이력서 또는 기술경력서(프로젝트 위주) 제출
- 허위사실이 발견될 경우 채용이 취소될 수 있습니다.
㈜티웍스아이앤씨
취업은 잡코리아에서!","모집요강
모집분야
React
모집인원
○
명
고용형태
정규직
,
계약직
(근무기간 6개월)
,
프리랜서
(근무기간 6개월)
직급/직책
급여
회사 내규에 따름 (면접 후 결정)
근무시간
주5일(월~금)
09:00 ~ 18:00
근무지주소
경기 이천시 부발읍 경충대로 2091 (아미리, 에스케이하이닉스)
지도보기

지원자격
경력
경력
(9년이상)
학력
학력무관
스킬

접수기간 · 방법
마감일은 기업의 사정으로 인해 조기 마감 또는 변경될 수 있습니다

기업 정보
기업정보 더보기
사원수
50명 이하
기업구분
중소기업 (비상장)
산업(업종)
솔루션·SI·CRM·ERP
지도보기
위치
서울 마포구 독막로6길 9 (합정동) 2151호","{
  ""@context"": ""https://schema.org"",
  ""@type"": ""JobPosting"",
  ""title"": ""(이천-SK하이닉스) React 개발 (고급1명)  (2026.06.01 부터 6개월)"",
  ""description"": ""㈜티웍스아이앤씨에서 정규직 경력 채용을 진행합니다. 근무지는 경기 이천시 부발읍 경충대로 2091 (아미리, 에스케이하이닉스)이며, 자세한 조건은 공고를 통해 확인할 수 있습니다."",
  ""datePosted"": ""2026-05-04"",
  ""validThrough"": ""2026-05-31T23:59"",
  ""employmentType"": [
    ""FULL_TIME"",
    ""CONTRACTOR"",
    ""CONTRACTOR""
  ],
  ""experienceRequirements"": ""경력"",
  ""educationRequirements"": ""학력무관"",
  ""directApply"": true,
  ""hiringOrganization"": {
    ""@type"": ""Organization"",
    ""name"": ""㈜티웍스아이앤씨""
  },
  ""jobLocation"": {
    ""@type"": ""Place"",
    ""address"": {
      ""@type"": ""PostalAddress"",
      ""streetAddress"": ""경기 이천시 부발읍 경충대로 2091 (아미리, 에스케이하이닉스) ""
    }
  },
  ""identifier"": {
    ""@type"": ""PropertyValue"",
    ""name"": ""JobKorea"",
    ""value"": ""49100056""
  },
  ""url"": ""https://www.jobkorea.co.kr/Recruit/GI_Read/49100056""
}",success,
,https://www.jobkorea.co.kr/Recruit/GI_Read/49100057,,,,fail,HTTP status code 404
㈜웹젠,https://www.jobkorea.co.kr/Recruit/GI_Read/49100058,,"모집요강
모집분야
게임그래픽
모집인원
○
명
고용형태
정규직
급여
회사 내규에 따름
근무지주소
경기 성남시 분당구 판교로 242 (삼평동) 판교디지털센터 B동
지도보기

지원자격
경력
경력
(2년이상)
학력
학력무관
스킬

접수기간 · 방법
마감일은 기업의 사정으로 인해 조기 마감 또는 변경될 수 있습니다

기업 정보
기업정보 더보기
사원수
501 ~ 1,000명 이하
기업구분
중견기업 (코스닥 상장)
산업(업종)
게임·애니메이션
지도보기
위치
경기 성남시 분당구 판교로 242 (삼평동) 판교디지털센터 B동","{
  ""@context"": ""https://schema.org"",
  ""@type"": ""JobPosting"",
  ""title"": ""2026년 웹젠레드스타 아트 부문 수시채용"",
  ""description"": ""㈜웹젠에서 정규직 경력 채용을 진행합니다. 근무지는 경기 성남시 분당구 판교로 242 (삼평동)이며, 자세한 조건은 공고를 통해 확인할 수 있습니다."",
  ""datePosted"": ""2026-05-04"",
  ""validThrough"": ""2026-06-30T23:59"",
  ""employmentType"": ""FULL_TIME"",
  ""experienceRequirements"": ""경력"",
  ""educationRequirements"": ""학력무관"",
  ""directApply"": true,
  ""hiringOrganization"": {
    ""@type"": ""Organization"",
    ""name"": ""㈜웹젠""
  },
  ""jobLocation"": {
    ""@type"": ""Place"",
    ""address"": {
      ""@type"": ""PostalAddress"",
      ""streetAddress"": ""경기 성남시 분당구 판교로 242 (삼평동) 판교디지털센터 B동""
    }
  },
  ""identifier"": {
    ""@type"": ""PropertyValue"",
    ""name"": ""JobKorea"",
    ""value"": ""49100058""
  },
  ""url"": ""https://www.jobkorea.co.kr/Recruit/GI_Read/49100058""
}",success,
,https://www.jobkorea.co.kr/Recruit/GI_Read/49100059,,,,fail,HTTP status code 404
검색,https://www.jobkorea.co.kr/Recruit/GI_Read/49100060,"해외 명품 브랜드 크리스챤디올
전국 매장 경력 및 신입 모집
▶
모집분야 및 자격요건
모집 부문
담당 업무
자격 요건
모집 인원
점장 : 경력 12년 이상
부점장 : 경력 10년 이상
시니어 : 경력 5년 이상
주니어 : 경력 1년 이상
- 상품 포장 및 계산
- 고객 응대
- 제품보관 및 손질
- VIP 관리
- 재고 관리 및 분실방지
- 남, 녀 무관
- 명품업계 판매 경력 필수
- 외국어 가능자 우대
- 명품, 잡화, RTW 판매 경력자 우대
- VIP 관리 잘하시는 분 우대
- 서비스 마인드 보유자
00명
▶근무조건
근 무 시 간
- 주 5일 근무(평일/주말 구분 없음), 일 8시간 교대 근무
- 매장 별 영업일 및 영업시간에 따라 상이함
급 여 조 건
- 기본급(경력별 협의) + 커미션 + 각종 수당
소 속 기 관
- 크리스챤디올꾸뛰르 코리아 소속
복 리 후 생
- 4대보험, 퇴직연금, 건강검진, 연차 , 경조사비, 장기근속 포상 등
▶지원방법
제 출 서 류
- 크리스챤디올 자사 이력서
[
다운로드
]
- 채용사이트 온라인 이력서
제 출 방 법
-
recruit@humanest.co.kr
로 이메일접수 또는 채용사이트 온라인 접수
▶
지원문의
전 화 문 의
- TEL : 02-412-2232
- H.P : 010-9690-9911
이메일 문의
-
recruit@humanest.co.kr
▶
전형절차
서류전형
>
1차면접
>
2차면접
>
최종합격
※ 면접일정은 추후 통보됩니다.
▶
기타사항
허위사실이 발견될 경우 채용이 취소될 수 있습니다.",,,success,
지앤비아이텍㈜,https://www.jobkorea.co.kr/Recruit/GI_Read/49100061,"한화생명 융자 차세대시스템 구축
≪  한화생명 융자 차세대시스템 구축  ≫
1.  주사업자 : 한화시스템
2. GNB아이텍 : 융자 전체업무 분석/설계/개발
3. 프로젝트 기간 : 2026.01 ~ 17개월
4. 기술 조건 : C, JAVA, ORACLE (C -> JAVA)
5. 필요인력 :
융자 수납업무 유 경험자 개발자
6. 등급 : 중급1명
7. 투입기간 :
2026.06.01
~ 12개월
8. 장소:  여의도 63빌딩
9 단가 : 협의 후 결정","모집요강
모집분야
한화생명 융자 차세대시스템 구축
모집인원
1
명
고용형태
계약직
(근무기간 0년)
,
프리랜서
(근무기간 0개월)
급여
회사 내규에 따름 (면접 후 결정)
근무시간
주5일(월~금)
근무지주소
서울 영등포구 여의도동 더샵아일랜드파크 101동 1015호
지도보기
인근지하철

지원자격
경력
경력
(6년이상)
학력
학력무관
스킬

접수기간 · 방법
마감일은 기업의 사정으로 인해 조기 마감 또는 변경될 수 있습니다

기업 정보
기업정보 더보기
사원수
51 ~ 300명 이하
기업구분
벤처기업 (비상장)
산업(업종)
솔루션·SI·CRM·ERP
지도보기
위치
서울 영등포구 여의도동 더샵아일랜드파크 101동 1015호","{
  ""@context"": ""https://schema.org"",
  ""@type"": ""JobPosting"",
  ""title"": ""한화생명 융자 차세대시스템 구축(수납관리-중급개발자)"",
  ""description"": ""지앤비아이텍㈜에서 계약직 경력 채용을 진행합니다. 근무지는 서울 영등포구 여의도동이며, 자세한 조건은 공고를 통해 확인할 수 있습니다."",
  ""datePosted"": ""2026-05-04"",
  ""validThrough"": ""2026-05-11T23:59"",
  ""employmentType"": [
    ""CONTRACTOR"",
    ""CONTRACTOR""
  ],
  ""experienceRequirements"": ""경력"",
  ""educationRequirements"": ""학력무관"",
  ""directApply"": true,
  ""hiringOrganization"": {
    ""@type"": ""Organization"",
    ""name"": ""지앤비아이텍㈜""
  },
  ""jobLocation"": {
    ""@type"": ""Place"",
    ""address"": {
      ""@type"": ""PostalAddress"",
      ""streetAddress"": ""서울 영등포구 여의도동 더샵아일랜드파크 101동 1015호""
    }
  },
  ""identifier"": {
    ""@type"": ""PropertyValue"",
    ""name"": ""JobKorea"",
    ""value"": ""49100061""
  },
  ""url"": ""https://www.jobkorea.co.kr/Recruit/GI_Read/49100061""
}",success,
,https://www.jobkorea.co.kr/Recruit/GI_Read/49100062,,,,fail,HTTP status code 404
프라임에셋㈜,https://www.jobkorea.co.kr/Recruit/GI_Read/49100063,"프라임에셋
[프라임에셋] DB제공 / 영업동반지원 100% 업계최고급여 보장 기업컨설팅 신입 및 경력사원 모집
프라임에셋은 2009년에 설립된 회사로 자본금 148억 9,574만원, 매출액 2,275억 3,719만원, 사원수 108명 규모의 중견기업입니다. 서울 광진구 아차산로 563 (광장동, 대한제지(주)사옥)에 위치하고 있으며, 보험대리사업을 하고 있습니다.
모집분야 및 자격요건
모집분야 : 손해보험, 생명보험, 자동차보험
학력 : 학력무관
경력 : 경력무관
우대조건 : 없음
모집인원 : 3명
근무조건
전형절차
서류전형
>
1차면접
>
2차면접
>
임원면접
>
최종합격
※ 면접일정은 추후 통보됩니다.
접수방법
2026.05.11 (월) 까지
접수방법 : 잡코리아 접수
이력서 : 잡코리아이력서
제출서류
이력서, 자기소개서 제출
기타사항
허위사실이 발견될 경우 채용이 취소될 수 있습니다.
프라임에셋
취업 준비의 시작은
에서!","모집요강
모집분야
손해보험,생명보험,자동차보험
모집인원
3
명
고용형태
프리랜서
(근무기간 0개월)
직급/직책
급여
월급 500~500만원
근무시간
주5일(월~금)
탄력근무제
아침 9시부터 탄력근무
근무지주소
전남 순천시 봉화로 270 (조례동, 소매점) 3층 프라임에셋
지도보기

지원자격
경력
경력무관
학력
학력무관

접수기간 · 방법
마감일은 기업의 사정으로 인해 조기 마감 또는 변경될 수 있습니다

기업 정보
기업정보 더보기
사원수
51 ~ 300명 이하
기업구분
중견기업 (비상장)
산업(업종)
보험 대리 및 중개업
위치
서울 광진구 아차산로 563 (광장동, 대한제지(주)사옥) 2층","{
  ""@context"": ""https://schema.org"",
  ""@type"": ""JobPosting"",
  ""title"": ""[프라임에셋] 영업직원모집 / DB제공  / 기업컨설팅 신입,경력사원 모집"",
  ""description"": ""프라임에셋㈜에서  경력무관 채용을 진행합니다. 근무지는 전남 순천시 봉화로 270 (조례동, 소매점)이며, 자세한 조건은 공고를 통해 확인할 수 있습니다."",
  ""datePosted"": ""2026-05-04"",
  ""validThrough"": ""2026-05-11T23:59"",
  ""employmentType"": ""CONTRACTOR"",
  ""experienceRequirements"": ""경력무관"",
  ""educationRequirements"": ""학력무관"",
  ""directApply"": true,
  ""hiringOrganization"": {
    ""@type"": ""Organization"",
    ""name"": ""프라임에셋㈜""
  },
  ""jobLocation"": {
    ""@type"": ""Place"",
    ""address"": {
      ""@type"": ""PostalAddress"",
      ""streetAddress"": ""전남 순천시 봉화로 270 (조례동, 소매점) 3층 프라임에셋""
    }
  },
  ""baseSalary"": {
    ""@type"": ""MonetaryAmount"",
    ""currency"": ""KRW"",
    ""value"": {
      ""@type"": ""QuantitativeValue"",
      ""unitText"": ""MONTH"",
      ""minValue"": 5000000,
      ""maxValue"": 5010000
    }
  },
  ""identifier"": {
    ""@type"": ""PropertyValue"",
    ""name"": ""JobKorea"",
    ""value"": ""49100063""
  },
  ""url"": ""https://www.jobkorea.co.kr/Recruit/GI_Read/49100063""
}",success,
아진 파트너스,https://www.jobkorea.co.kr/Recruit/GI_Read/49100064,"아진 파트너스
[주식TM / 코인 TM] 아웃바운드 텔레마케터 채용 (정착지원금/유튜브DB)
[아진파트너스 경영 마인드]
고퀄리티 DB 제공 [방송DB / SNS신청DB] 지급
자체 유튜브 센터를 가지고 있어 업계 최고 감도 자체생산
안정적이고 전문성을 갖춘 전문가
매번 바뀌는 흐름에 따라 업데이트 되는 스크립트
빠르게 성장할 수 있게 1:1 맨투맨 멘토링
아진파트너스는 금융법을 위반하지 않습니다.
금감원 규정 아래에 정직하게 운영 중 이며, 변호사 자문 및 공증을 받아 합법적으로 안전한 영업을 지원합니다.
현재, 아진파트너스의 지사 [장안동 컴퍼니] 에서 레퍼럴 영업을 담당 해 주실 담당자를 기다립니다.
많은 지원 바랍니다.
포지션 및 자격요건
포지션 및 자격요건 정보
포지션
담당업무
자격요건
[장안동 컴퍼니]
주식/코인 레퍼럴 영업
아웃바운드 텔레마케터
고퀄리티 자체 DB 무료체험 유치
코인 레퍼럴
주식/코인 TM 영업
고객 유치 및 고객 관리
자격요건
학력 : 학력무관
경력 : 경력무관
고객 응대를 잘하고 긍정적인 마인드를 가진 분
우대사항
신입/초보 최고 우대
TM 영업 경험자
주식유사투자 영업 경험자
코인 레퍼럴 영업 경험자
즉시 출근 가능 자
팀 단위 지원 우대
근무조건
근무형태 : 정규직
주 5일 근무 (공휴일은 휴무)
근무시간 : AM 09:00~PM 18:00
점심시간 11:30 ~ 13:00
문의처
010-4722-3573(문자)
전형절차
서류전형
1차면접
최종합격
* 면접일정은 추후 통보됩니다
아진파트너스의 복지/혜택
경조금
인센티브, 성과급
장기근속 포상
임직원 교육비, 자기개발 지원
각종 기념일 선물
해외여행 지원
간식 제공
정착지원금 100만원 지원
기타사항
허위사실이 발견될 경우 채용이 취소될 수 있습니다.
홈페이지 바로가기","모집요강
모집분야
[주식TM / 코인TM] 아웃바운드
모집인원
○
명
고용형태
정규직
급여
회사 내규에 따름 (면접 후 결정)
근무시간
주5일(월~금)
09:00 ~ 18:00
* 근무 스케줄 조정 가능
근무지주소
서울 동대문구 장한로 43 (장안동, 광성빌딩) 303호
지도보기
인근지하철

지원자격
경력
경력무관
학력
학력무관
우대조건
기본우대
유관업무 경험자(인턴·알바), 즉시출근 가능자

접수기간 · 방법
마감일은 기업의 사정으로 인해 조기 마감 또는 변경될 수 있습니다

기업 정보
기업정보 더보기
사원수
-
기업구분
중소기업 (-)
산업(업종)
투자 자문업 및 투자 일임업
지도보기
위치
서울 금천구 디지털로 178 (가산동) A동 1923호","{
  ""@context"": ""https://schema.org"",
  ""@type"": ""JobPosting"",
  ""title"": ""[주식TM/ 코인TM] 아웃바운드 텔레마케터 채용(정착지원금/유튜브DB/최고요율)(장안동)"",
  ""description"": ""아진 파트너스에서 정규직 경력무관 채용을 진행합니다. 근무지는 서울 동대문구 장한로 43 (장안동, 광성빌딩)이며, 자세한 조건은 공고를 통해 확인할 수 있습니다."",
  ""datePosted"": ""2026-05-04"",
  ""validThrough"": ""2026-06-04T23:59"",
  ""employmentType"": ""FULL_TIME"",
  ""experienceRequirements"": ""경력무관"",
  ""educationRequirements"": ""학력무관"",
  ""directApply"": true,
  ""hiringOrganization"": {
    ""@type"": ""Organization"",
    ""name"": ""아진 파트너스""
  },
  ""jobLocation"": {
    ""@type"": ""Place"",
    ""address"": {
      ""@type"": ""PostalAddress"",
      ""streetAddress"": ""서울 동대문구 장한로 43 (장안동, 광성빌딩) 303호""
    }
  },
  ""identifier"": {
    ""@type"": ""PropertyValue"",
    ""name"": ""JobKorea"",
    ""value"": ""49100064""
  },
  ""url"": ""https://www.jobkorea.co.kr/Recruit/GI_Read/49100064""
}",success,
㈜코어16,https://www.jobkorea.co.kr/Recruit/GI_Read/49100065,"㈜코어16
[경력]금융 데이터 혁신을 만들어갈
백엔드 개발자 모집
㈜코어16는 2024년에 설립된 회사로 자본금 5억 4,054만원 사원수 10명 규모의 중소기업입니다. 서울 영등포구 의사당대로 83 (여의도동, 오투타워)에 위치하고 있으며, 금융투자 소프트웨어 개발, 자문, 공급 | 경영 컨설팅업사업을 하고 있습니다.
포지션 및 자격요건
포지션
( 1명 )
담당업무
차세대 시스템 설계 : FastAPI 및 GCP 기반의 고가용성 백엔드 아키텍처 설계와 핵심 엔진 로직을 주도합니다.
AI 모델 개발 및 배포 : 금융투자 특화 데이터를 활용한 모델링, 파이프라인 구축 및 실서비스 최적화(Serving)를 담당합니다.
Product Management : 기술 로드맵 수립, 리소스 관리 및 비즈니스 요구사항을 제품 스펙으로 구체화하는 PM 역할을 수행합니다.
성능 극대화 : 마이크로세컨드 단위의 응답 속도와 대규모 트래픽 처리를 위한 DB 최적화 및 분산 처리 시스템을 운영합니다.
자격요건
학력: 학력무관
Python Expert : Python의 내부 동작 원리(GIL, Asyncio, Memory Management 등)에 정통하며, 확장 가능하고 유지보수가 쉬운 클린 코드를 작성하시는 분
경력 및 역량 : 백엔드 개발 실무 7년 이상으로, 시스템 전반을 조망하고 기술적 결정을 내릴 수 있는 분
금융 투자 도메인 : 주식,  퀀트 등 금융 시장 시스템과 시계열 데이터 처리에 대한 깊은 이해가 있으신 분
AI 기반 생산성 : Cursor,  Claude Code 등 AI 도구를 마스터하여 개발 속도를 통상적인 수준보다 수 배 이상 끌어올리시는 분
기술스택
Language : Python (Expert), SQL
Framework : FastAPI, PyTorch
Cloud : Google Cloud Platform (GCP)
Database : PostgreSQL, Cloud SQL, Supabase
Tools : Cursor, GitHub Actions, Docker, Terraform
우대사항
Full-cycle 개발 경험 : 데이터 수집(Scraping)부터 전처리, 모델링, API 서빙, 인프라 배포까지 전체 공정을 혼자서도 완결할 수 있는 분
GCP 마스터 : Cloud Run, Cloud SQL, GCS  등 GCP 에코시스템을 활용한 인프라 구축 경험
문제 해결 및 커뮤니케이션 : 비즈니스적 난제를 기술적으로 돌파하는 능력이 뛰어나며, 팀원들을 논리적으로 설득하고 리딩할 수 있는 분
PM/PO 경험 : 단순 개발을 넘어 제품의 방향성을 설정하고 프로젝트 일정을 주도적으로 관리해 본 경험
AI/ML 전문성 : 최신 논문을 코드로 구현할 수 있고, LLM Fine-tuning이나 RAG 아키텍처, 지식 그래프(Ontology) 기반의 추론 모델 개발 경험이 있으신 분
Java & Spring 전문성: Java 및 Spring Framework(또는 Spring Boot) 핵심 원리에 대한 깊은 이해와 고도화된 백엔드 설계 능력
채용 담당자의 한 마디
우리는 성장을 꿈꾸는 개발자가 아닌, 이미 완성된 실력으로 시장을 개척해 나갈 리더를 찾고 있습니다. 금융과 AI, 그리고 클라우드 기술이 만나는 최전선에서 함께 임팩트를 만드실 분들의 도전을 기다립니다.
원하는 인재상
High Intensity & Ownership : 서비스의 성공을 위해 높은 업무 강도와 몰입을 감당하며, 결과물을 끝까지 책임지는 강한 오너십을 가진 분을 찾습니다.
Agile Problem Solving : 복잡한 디버깅 상황에서 당황하지 않고 원인을 파악하여 즉각적인 해결책을 제시하는 `해결사` 마인드셋을 선호합니다.
전형절차
ㆍ서류전형 > 1차면접 > 2차면접 > 임원면접 > 최종합격
ㆍ면접일정은 추후 통보됩니다.
유의사항
ㆍ허위사실이 발견될 경우 채용이 취소될 수 있습니다.","모집요강
모집분야
Senior Backend Engineer
모집인원
1
명
고용형태
정규직
(수습 3개월)
급여
회사 내규에 따름 (면접 후 결정)
근무시간
주5일(월~금)
09:00 ~ 18:00
근무지주소
서울 영등포구 의사당대로 83 (여의도동, 오투타워) 6층
지도보기
인근지하철

지원자격
경력
경력
(7년이상)
학력
학력무관
스킬

접수기간 · 방법
마감일은 기업의 사정으로 인해 조기 마감 또는 변경될 수 있습니다

기업 정보
기업정보 더보기
사원수
50명 이하
기업구분
중소기업 (비상장)
산업(업종)
응용 소프트웨어 개발 및 공급업
지도보기
위치
서울 영등포구 의사당대로 83 (여의도동, 오투타워) 6층","{
  ""@context"": ""https://schema.org"",
  ""@type"": ""JobPosting"",
  ""title"": ""[경력]금융 데이터 혁신을 만들어갈 백엔드 개발자 모집"",
  ""description"": ""㈜코어16에서 정규직 경력 채용을 진행합니다. 근무지는 서울 영등포구 의사당대로 83 (여의도동, 오투타워)이며, 자세한 조건은 공고를 통해 확인할 수 있습니다."",
  ""datePosted"": ""2026-05-04"",
  ""validThrough"": ""2026-07-03T23:59"",
  ""employmentType"": ""FULL_TIME"",
  ""experienceRequirements"": ""경력"",
  ""educationRequirements"": ""학력무관"",
  ""directApply"": true,
  ""hiringOrganization"": {
    ""@type"": ""Organization"",
    ""name"": ""㈜코어16""
  },
  ""jobLocation"": {
    ""@type"": ""Place"",
    ""address"": {
      ""@type"": ""PostalAddress"",
      ""streetAddress"": ""서울 영등포구 의사당대로 83 (여의도동, 오투타워) 6층""
    }
  },
  ""identifier"": {
    ""@type"": ""PropertyValue"",
    ""name"": ""JobKorea"",
    ""value"": ""49100065""
  },
  ""url"": ""https://www.jobkorea.co.kr/Recruit/GI_Read/49100065""
}",success,
㈜스페이스플래닝,https://www.jobkorea.co.kr/Recruit/GI_Read/49100066,"회사 소개
안녕하세요, 30년 동안 시설 중심으로 발전해오던 숙박업을 경험 중심으로 바꿔가고 있는 스페이스플래닝입니다.
저희는 공간 기획과 브랜딩부터 디자인, 그리고 시공과 오픈 후 마케팅까지 공간의 탄생과 흥행에 필요한 모든 일을 하고 있어요. 설립 이후 4년만에 글로벌 호텔 체인과 협업을 하기도 하고, 2025년에는 아기유니콘 기업에 선정되기도 하였어요. 현재 아늑 시그니처, 루프 서울, 스테이 패스포트를 비롯해 전국에 150개 이상의 숙박 공간을 만들며 빠르게 성장해가고 있습니다. 그뿐만 아니라 테라피, 마사지와 같은 웰니스 사업, 호텔 PB 상품 기획 및 판매 등 다양한 신사업을 전개해나가고 있습니다. 이처럼 사업의 규모와 범위가 확장됨에 따라 능력과 역량을 갖추신 분들을 모시고자 합니다.
한 산업이 오랜 기간 갖고 있던 관성을 깨부수고, 새로운 지평을 열 수 있는 것은 흔치 않은 기회입니다. 그렇게 세상에 내놓은 제품이 사람들로부터 긍정적인 피드백을 받으며 시장에 안착하는 것은 더더욱 쉽지 않고요. 스페이스플래닝에 오시면 이러한 여정을 함께 하고, 유의미한 결과물을 만들어가는 경험을 하실 수 있습니다. 그리고 이 여정 중간중간 뒤를 돌아보시면 이전이 까마득하게 느껴질 정도로 성장해있는 자신을 마주하실 수 있을 거예요!
조직 및 포지션 소개
스페이스플래닝 사업기획본부는 아늑호텔, 스페이스패스포트, 루프서울 등 단순한 '숙박 공간'을 넘어 저마다의 고유한 트렌드와 감성, 스토리를 가진 '브랜드 공간'을 선보입니다. 우리는 우리가 만든 공간의 가치를 소비자에게 가장 매력적인 방식으로 전달하며, 사업의 실질적인 성공을 이끄는 세일즈&마케팅의 핵심 엔진입니다.
특히, 호텔에서의 특별한 경험을 일상으로 확장하는 PB상품의 전략적 성장에 집중하고 있습니다. 브랜드 스토리가 담긴 제품이 고객의 손에 닿기까지, 인지도 확산부터 구매 전환까지의 모든 여정을 설계하며 공간 브랜드의 새로운 지평을 함께 열어갈 동료를 기다립니다.
사업기획본부 마케터는 단순히 주어진 마케팅 업무를 수행하는 역할이 아니라, 아늑 호텔 PB 브랜드 <아늑앳홈>의 성장을 책임지는 ‘브랜드 오너’ 역할입니다. 브랜드의 방향성 정의부터 상품/콘텐츠/미디어까지 전 과정(A to Z)을 유기적으로 설계하고, 데이터 기반으로 성과를 만들어내며, 필요 시 유관 직무 및 팀원을 리딩할 수 있는 미들 레벨 이상의 마케터를 찾습니다.
담당 업무
1. 브랜드 & 커뮤니케이션
아늑앳홈 브랜드의 타겟 정의 및 핵심 메시지 설계
상품/채널/시즌별 커뮤니케이션 방향성 기획 및 일관성 관리
신상품 브랜드 스토리 및 커뮤니케이션 전략 수립
2. 그로스 지표 관리
자사몰(스마트스토어) 매출 및 전환 퍼널 전반 관리
네이버, Meta 등 주요 광고 매체 성과 최적화
데이터 기반 성과 분석 및 지속적인 개선
3. 콘텐츠 마케팅
SNS 및 온드미디어 채널 콘텐츠 전략 수립 및 운영
광고 및 콘텐츠 소재 기획/제작 디렉션
에이전시 및 외부 파트너 협업 및 관리
4. 캠페인 & 확산 마케팅
월/분기 단위 마케팅 캠페인 및 프로모션 기획/운영
인플루언서, 리뷰, 커뮤니티 등 바이럴 마케팅 전략 수립 및 실행
제휴 및 외부 채널 협업 마케팅 기획
자격 요건
관련 직무 경력 4년 이상
인플루언서/바이럴/콘텐츠 중심 마케팅 경험
IMC 전반에 대한 이해와 실행 경험
제품/브랜드의 가치를 소비자 언어로 풀어내는 콘텐츠 기획 및 카피라이팅 역량
데이터 기반의 마케팅 지표 관리 경험
스타트업 또는 커머스 업계 특유의 빠른 호흡에 대한 경험 및 이해
우대 사항
숙박, 호텔, 라이프스타일, 커머스 카테고리 경험
브랜드 론칭부터 성장/안착까지의 사이클을 경험한 분
최신 소셜 미디어 트렌드 및 미디어 커머스 콘텐츠에 대한 높은 민감도
Figma, Adobe 등 디자인/편집 툴 활용 가능
소규모 팀 리딩 또는 에이전시 디렉팅 경험
포트폴리오 제출
혜택 및 복지
훌륭한 팀과 동료: 각 분야 최고 수준의 역량을 갖춘 동료들과 함께 성장하며, 엄청난 속도로 성장하는 조직에서 일할 수 있습니다.
전국 자사 호텔 할인 : 아늑 시그니처, 루프 서울, 스테이 패스포트 등 전국 100개 이상의 직영 운영 호텔을 40% 할인가로 이용할 수 있습니다.
리빙, 생활, 호텔 PB 상품 할인 : 자사 브랜드 '아늑앳홈' 제품을 30% 할인가로 구매할 수 있습니다.
채용 전형
서류 전형 → 1차 면접 (실무 인터뷰) → 2차 면접 (리더십 인터뷰) → 처우 및 입사 협의 → 최종 합격
전형 절차는 포지션에 따라 일부 변경될 수 있습니다.
면접 일정은 추후 통보됩니다.","모집요강
모집분야
호텔 PB 브랜드 마케터
모집인원
0
명
고용형태
정규직
급여
회사 내규에 따름
근무지주소
대한민국 서울특별시 강남구 테헤란로104길 12
지도보기

지원자격
경력
경력
(4년이상)
학력
학력무관

접수기간 · 방법
마감일은 기업의 사정으로 인해 조기 마감 또는 변경될 수 있습니다

기업 정보
기업정보 더보기
사원수
51 ~ 300명 이하
기업구분
중소기업 (비상장)
산업(업종)
사무.상업용 및 공공기관용 건물 건설업
지도보기
위치
서울 강남구 테헤란로104길 12 (대치동) 5층","{
  ""@context"": ""https://schema.org"",
  ""@type"": ""JobPosting"",
  ""title"": ""호텔 PB 상품 마케터 (4년 이상)"",
  ""description"": ""㈜스페이스플래닝에서 정규직 경력 채용을 진행합니다. 근무지는 대한민국 서울특별시 강남구 테헤란로104길 12이며, 자세한 조건은 공고를 통해 확인할 수 있습니다."",
  ""datePosted"": ""2026-05-07"",
  ""validThrough"": ""2026-07-03T23:59"",
  ""employmentType"": ""FULL_TIME"",
  ""experienceRequirements"": ""경력"",
  ""educationRequirements"": ""학력무관"",
  ""directApply"": true,
  ""hiringOrganization"": {
    ""@type"": ""Organization"",
    ""name"": ""㈜스페이스플래닝""
  },
  ""jobLocation"": {
    ""@type"": ""Place"",
    ""address"": {
      ""@type"": ""PostalAddress"",
      ""streetAddress"": ""대한민국 서울특별시 강남구 테헤란로104길 12 ""
    }
  },
  ""identifier"": {
    ""@type"": ""PropertyValue"",
    ""name"": ""JobKorea"",
    ""value"": ""49100066""
  },
  ""url"": ""https://www.jobkorea.co.kr/Recruit/GI_Read/49100066""
}",success,
올거나이즈코리아㈜,https://www.jobkorea.co.kr/Recruit/GI_Read/49100067,"올거나이즈코리아㈜를 소개해요
올거나이즈는 산업 특화 온프레미스 LLM 모델부터 Agent RAG, 노코드 LLM 앱 빌더 및 앱 마켓까지 LLM의 모든 것을 제공하는 LLM 올인원 솔루션 기업입니다.
한국, 일본, 미국에 글로벌 오피스를 두고 있는 올거나이즈는 시리즈 B까지 누적 3,500만 달러(약 468억 원)의 투자를 유치하였고
2024년 기준, 일본 'AI 앱 개발 로우코드·노코드 플랫폼' 부문에서 점유율과 매출 모두 1위를 기록,
2025년에는 과학기술정보통신부 주관 '독자 AI 파운데이션 모델 프로젝트'에 업스테이지와 함께 컨소시엄으로 최종 선정되어
대한민국 AI 기술의 글로벌 경쟁력 확보에 기여하고 있습니다.
현재 한국, 일본, 미국에서 300개 이상의 엔터프라이즈 기업 고객에게 서비스를 제공하고 있습니다.
[대표 고객사]
▷한국 KB증권, 하나은행, 하나증권, NH투자증권, 현대카드, LH공사, SK케미칼, 한화생명, 유한킴벌리, 대구시청, 안성시청, 포천시청, 대우건설, 이노션
▷일본 미쓰이스미토모은행(SMBC)금융그룹, 도쿄 메트로(Tokyo Metro), 가오(KAO), 엔티티 도코모(NTT docomo), 이온(AEON), 니토리(NITORI), 다이와 증권(Daiwa Securities), 에이엔에이(전일본공수·ANA), 일본항공(JAL), 케이디디아이(KDDI)
▷미국 트래블러스, 오클라호마州정부(OKLAHOMA) 등
[직무 개요]
Allganize의 Solutions Architect (FDSE)는 고객 현장에서 문제를 파악하고, 기술을 통해 실질적인 변화를 만들어내는 엔지니어입니다.
현장에서 얻은 인사이트를 프로덕트팀과 공유해 AI 솔루션의 성능과 방향을 함께 발전시켜 나가며, 실제 문제 해결이 제품 개선으로 이어지는 과정을 직접 경험하게 됩니다.
이 경험을 통해 Solutions Architect는 기술과 비즈니스를 연결하는 전문가로 성장할 수 있고, 빠르게 성장하는 AI 분야에서 자신만의 독보적인 커리어를 만들어갈 수 있습니다.
이런 업무를 해요
ㆍ고객과 협력하여 비즈니스 과제를 정의하고, AI 기술을 기반으로 최적의 해결 방안 설계
ㆍ현장에서 도출된 인사이트를 프로덕트팀과 공유하여 제품 기능 및 성능 개선에 기여
ㆍ프로젝트의 전 과정을 주도적으로 관리하며, 고객 요구사항을 기술적 결과물로 구체화
이런 분들을 찾고 있어요
ㆍ학력 : 대졸이상
ㆍAI를 활용한 문제 해결에 관심과 흥미가 있으신 분
ㆍPython언어의 상급 이상 숙련도
ㆍxNIX 환경(LINUX와 같은 UNIX 계열 운영체제)에 x급 이상 숙련도
ㆍAI를 활용해 코드를 작성하고 대규모 code base를 분석해본 경험
ㆍ자율적으로 문제를 해결하고 독립적인 결정을 내릴 수 있는 능력
ㆍ기술 및 비기술 팀 구성원과 협업 가능한 높은 커뮤니케이션 능력
ㆍ외부 고객사 환경에서도 근무가 가능하신 분
이런 분이면 더 좋아요
ㆍ최근 LLM 기술에 대해 관심과 흥미가 있으신 분
ㆍFrontend 기술에 대해 관심과 흥미가 있으신 분
ㆍCloud, k8s, Database, Storage등 소프트웨어 운영/배포에 경험이 있으신 분
[근무형태]
ㆍSolutions Architect (FDSE)는 상황에 따라 고객사에서 업무 지원이 있습니다.
이런 기술이 필요해요
Python
Unix
Linux
xNIX
이런 조건에서 근무할 예정이에요
ㆍ고용 형태 : 정규직
ㆍ근무지 주소 : 서울 강남구 테헤란로20길 5 (역삼동, 삼한빌딩) 4층
지도보기
함께하면 이런 점들이 좋아요
""글로벌 인재로 성장할 수 있는 기회""
ㆍ미국 휴스턴, 실리콘 밸리, 일본 도쿄에 있는 팀과 일할 수 있는 글로벌 업무 환경을 제공해드려요.
ㆍ조직 목표 달성시 글로벌팀이 한자리에 모이는 Global Offsite를 운영합니다. (태국 파타야, 필리핀 세부 등 진행)
""자율적이고 업무 몰입을 돕는 근무 환경""
ㆍ근무시간은 9시 - 6시가 기본이지만 상황에 맞게 유연한 출/퇴근이 가능해요.
ㆍ고사양의 노트북과 모니터를 지원해드려요. 그 외에도 필요한 장비를 적극 지원해드리고 있습니다.
ㆍ점심 식사 비용을 지원하며, 야근 시 저녁 식사 비용도 함께 지원해드립니다. (모바일 식권 이용)
ㆍ당 떨어지는 일 없도록, 사무실에는 항시 간식을 구비하고 있어요.
""그 외에 제공 해드리는 것들""
ㆍ설과 추석에는 명절 선물을 지급해드려요.
ㆍ종합 건강 검진을 지원해드려요.
ㆍ연차 외 유급 병가 제도를 운영 중이에요. (연 최대 6일)
ㆍ연말 약 1주 간의 전사 Off기간을 운영하고 있어요.
합류 여정은 이렇게 진행돼요
ㆍ서류 검토 > 코딩테스트 및 사전 질문 > 1차 비대면 인터뷰 > 2차 비대면 인터뷰 > 합격 통보 및 입사
ㆍ면접일정은 추후 통보됩니다.
지원 시 유의해주세요
허위사실이 발견될 경우 채용이 취소될 수 있습니다.","기업 정보
기업정보 더보기
사원수
50명 이하
기업구분
중소기업 (비상장)
산업(업종)
데이터베이스 및 온라인정보 제공업
지도보기
위치
서울 강남구 테헤란로20길 5 (역삼동, 삼한빌딩) 4, 5층","{
  ""@context"": ""https://schema.org"",
  ""@type"": ""JobPosting"",
  ""title"": ""[KR] 솔루션 Architect (FDSE)"",
  ""description"": ""올거나이즈코리아㈜에서 정규직 경력무관 채용을 진행합니다. 근무지는 서울 강남구 테헤란로20길 5 (역삼동, 삼한빌딩)이며, 자세한 조건은 공고를 통해 확인할 수 있습니다."",
  ""datePosted"": ""2026-05-04"",
  ""validThrough"": ""2026-06-03T23:59"",
  ""employmentType"": ""FULL_TIME"",
  ""experienceRequirements"": ""경력무관"",
  ""educationRequirements"": ""대졸 이상"",
  ""directApply"": true,
  ""hiringOrganization"": {
    ""@type"": ""Organization"",
    ""name"": ""올거나이즈코리아㈜""
  },
  ""jobLocation"": {
    ""@type"": ""Place"",
    ""address"": {
      ""@type"": ""PostalAddress"",
      ""streetAddress"": ""서울 강남구 테헤란로20길 5 (역삼동, 삼한빌딩) 4층""
    }
  },
  ""baseSalary"": {
    ""@type"": ""MonetaryAmount"",
    ""currency"": ""KRW"",
    ""value"": {
      ""@type"": ""QuantitativeValue"",
      ""unitText"": ""YEAR"",
      ""minValue"": 50000000,
      ""maxValue"": 100010000
    }
  },
  ""identifier"": {
    ""@type"": ""PropertyValue"",
    ""name"": ""JobKorea"",
    ""value"": ""49100067""
  },
  ""url"": ""https://www.jobkorea.co.kr/Recruit/GI_Read/49100067""
}",success,
브라더스팩토리㈜,https://www.jobkorea.co.kr/Recruit/GI_Read/49100068,"브라더스팩토리㈜
재무회계 경력직 모집
브라더스팩토리㈜ 는 2018년에 설립된 회사로 자본금 7,917만원, 매출액 210억원, 사원수 13명 규모의 중소기업입니다. 서울 강남구 도산대로34길 22 (논현동, 빌딩모노폴(BuildingMonopole))에 위치하고 있으며, 프랜차이즈 PB제품 제조 및 유통사업을 하고 있습니다.
포지션 및 자격요건
포지션 :  주임대리급
( 1명 )
담당업무
- 전표 입력
- 매출·매입 정산 및 채권관리
- 부가세신고 보조
- 전표 작성 및 계정관리
- 무역거래 회계처리 및 증빙관리
자격요건
- 회계  실무 경험(더존 아이큐브 및 아마란스사용 가능하신분)
- 전표처리 및 계정관리
- 부가세 신고 지원 경험
- 외환거래 회계처리 경험
- 엑셀 활용 및 데이터 정리
- 정확한 문서·증빙 관리 역량
우대사항
- 무역업 회계·정산 경험을 보유하신 분
- 유관부서 협업 커뮤니케이션 능력 있으신 분
- 영업관리 경험 있으신 분
전형절차
ㆍ서류전형 > 1차면접 > 2차면접 > 임원면접 > 최종합격
ㆍ면접일정은 추후 통보됩니다.
유의사항
ㆍ허위사실이 발견될 경우 채용이 취소될 수 있습니다.","모집요강
모집분야
재무회계 주임대리급
모집인원
1
명
고용형태
정규직
직급/직책
급여
연봉 3,400~3,800만원
근무시간
주5일(월~금)
09:00 ~ 18:00
근무지주소
서울 강남구 도산대로34길 22 (논현동, 빌딩모노폴(BuildingMonopole)) 3층
지도보기
인근지하철

지원자격
경력
경력
(3년이상)
학력
학력무관

접수기간 · 방법
마감일은 기업의 사정으로 인해 조기 마감 또는 변경될 수 있습니다

기업 정보
기업정보 더보기
사원수
50명 이하
기업구분
중소기업 (비상장)
산업(업종)
수산동물 건조 및 염장품 제조업
지도보기
위치
서울 강남구 도산대로34길 22 (논현동, 빌딩모노폴(BuildingMonopole)) 3층","{
  ""@context"": ""https://schema.org"",
  ""@type"": ""JobPosting"",
  ""title"": ""재무회계 주임대리급"",
  ""description"": ""브라더스팩토리㈜ 에서 정규직 경력 채용을 진행합니다. 근무지는 서울 강남구 도산대로34길 22 (논현동, 빌딩모노폴(BuildingMonopole))이며, 자세한 조건은 공고를 통해 확인할 수 있습니다."",
  ""datePosted"": ""2026-05-04"",
  ""validThrough"": ""2026-06-03T23:59"",
  ""employmentType"": ""FULL_TIME"",
  ""experienceRequirements"": ""경력"",
  ""educationRequirements"": ""학력무관"",
  ""directApply"": true,
  ""hiringOrganization"": {
    ""@type"": ""Organization"",
    ""name"": ""브라더스팩토리㈜ ""
  },
  ""jobLocation"": {
    ""@type"": ""Place"",
    ""address"": {
      ""@type"": ""PostalAddress"",
      ""streetAddress"": ""서울 강남구 도산대로34길 22 (논현동, 빌딩모노폴(BuildingMonopole)) 3층""
    }
  },
  ""baseSalary"": {
    ""@type"": ""MonetaryAmount"",
    ""currency"": ""KRW"",
    ""value"": {
      ""@type"": ""QuantitativeValue"",
      ""unitText"": ""YEAR"",
      ""minValue"": 34000000,
      ""maxValue"": 38010000
    }
  },
  ""identifier"": {
    ""@type"": ""PropertyValue"",
    ""name"": ""JobKorea"",
    ""value"": ""49100068""
  },
  ""url"": ""https://www.jobkorea.co.kr/Recruit/GI_Read/49100068""
}",success,
검색,https://www.jobkorea.co.kr/Recruit/GI_Read/49100069,"[
포지션]
-
재무/회계 담당(대리 - 과장)
[주요직무]
-별도/연결 재무결산 및 재무제표 작성
- 회계감사 대응
- XBRL 공시
- 종속회사 결산 자문
- 내부 감사 지원
[자격요건]
- 재무결산 업무 4 - 8년
<우대조건>
- 상장사 연결 재무제표 작성 경력
- SAP 사용 경험
- 상장사 XBRL 공시 경험 보유
- 회계학 전공자
[근무지]
- 서울 강남구
[제출서류]
- 국문이력서 및 자기소개서, 경력기술서(국문) 각 1통(MS 워드 파일)
- 이력서 제출시 최종연봉, 희망연봉, 연락처 필수 기재,
- 경력기술서 작성시 보유기술 및 경험직무에 대해서 상세 기술 요망
[접수방법]
- e-mail 접수 :
tony@besthr.co.kr
- 전화문의 : 02-525-2154 / 010-5543-0807(정승환상무)
-
-------------------------------------------------------------------------------
보내주신 이력서는 개인의 동의없이 무분별하게 이용되지 않으며,
철저한 비밀보장을 원칙으로 합니다. 또한 지원자들께는 일체의
비용 청구가 없습니다.
--------------------------------------------------------------------------------",,,success,
신한라이프,https://www.jobkorea.co.kr/Recruit/GI_Read/49100070,"신한라이프
단순 사무업무(주5일근무)
문자,온라인지원요망
포지션 및 자격요건
포지션
( 00명 )
담당업무
- 서류정리 및 문서작성
- 세미나 및 행사 일정 조율
- 비품관리 및 발주 업무
우대사항
고등학교 졸업 이상
초보가능
근무요일
월/화/수/목/금
근무시간
09:00 ~ 16:00(휴게시간 60분)
급여
월250만원
지원방법
문자지원, 온라인지원
마감일
채용시까지
연락처
010-5213-7531
(전화 문의시 ‘알바천국에서 보고 전화드렸어요’ 라고 하시면 문의가 쉽습니다.)
전형절차
ㆍ서류전형 > 1차면접 > 2차면접 > 임원면접 > 최종합격
ㆍ면접일정은 추후 통보됩니다.
유의사항
ㆍ허위사실이 발견될 경우 채용이 취소될 수 있습니다.","모집요강
모집분야
사무보조
모집인원
○○
명
고용형태
계약직
(근무기간 1년, 정규직 전환 가능)
급여
월급 250~250만원 (면접 후 결정)
근무시간
주5일(월~금)
09:00 ~ 17:00
근무지주소
대구 수성구 동대구로 401 (범어동, 삼성화재빌딩,범어3동우체국)
지도보기
인근지하철

지원자격
경력
경력무관
학력
고졸이상
스킬

접수기간 · 방법
마감일은 기업의 사정으로 인해 조기 마감 또는 변경될 수 있습니다

기업 정보
기업정보 더보기
사원수
1,001 ~ 10,000명 이하
기업구분
대기업 (비상장)
산업(업종)
생명 보험업
지도보기
위치
서울특별시 중구 삼일대로 358(을지로2가) 신한라이프생명보험주식회사","{
  ""@context"": ""https://schema.org"",
  ""@type"": ""JobPosting"",
  ""title"": ""단순 사무업무(주5일근무) 문자,온라인지원요망"",
  ""description"": ""신한라이프에서 계약직 경력무관 채용을 진행합니다. 근무지는 대구 수성구 동대구로 401 (범어동, 삼성화재빌딩,범어3동우체국)이며, 자세한 조건은 공고를 통해 확인할 수 있습니다."",
  ""datePosted"": ""2026-05-04"",
  ""validThrough"": ""2026-06-03T23:59"",
  ""employmentType"": ""CONTRACTOR"",
  ""experienceRequirements"": ""경력무관"",
  ""educationRequirements"": ""고졸 이상"",
  ""directApply"": true,
  ""hiringOrganization"": {
    ""@type"": ""Organization"",
    ""name"": ""신한라이프""
  },
  ""jobLocation"": {
    ""@type"": ""Place"",
    ""address"": {
      ""@type"": ""PostalAddress"",
      ""streetAddress"": ""대구 수성구 동대구로 401 (범어동, 삼성화재빌딩,범어3동우체국) ""
    }
  },
  ""baseSalary"": {
    ""@type"": ""MonetaryAmount"",
    ""currency"": ""KRW"",
    ""value"": {
      ""@type"": ""QuantitativeValue"",
      ""unitText"": ""MONTH"",
      ""minValue"": 2500000,
      ""maxValue"": 2510000
    }
  },
  ""identifier"": {
    ""@type"": ""PropertyValue"",
    ""name"": ""JobKorea"",
    ""value"": ""49100070""
  },
  ""url"": ""https://www.jobkorea.co.kr/Recruit/GI_Read/49100070""
}",success,
(주)유베이스,https://www.jobkorea.co.kr/Recruit/GI_Read/49100071,202604200004 / C_43,"모집요강
모집분야
고객센터관리자
모집인원
○○
명
고용형태
정규직
(수습 3개월)
직급/직책
급여
회사 내규에 따름 (면접 후 결정)
근무시간
월~일 스케줄근무
08:00 ~ 17:00
근무지주소
경기 부천시 원미구 부일로 223 (상동, 뉴코아중동백화점) /1호선 송내역 앞
지도보기
인근지하철

지원자격
경력
경력
(1년이상)
학력
학력무관
스킬
우대조건
기본우대
컴퓨터활용능력 우수자, 장기근무 가능자

접수기간 · 방법
마감일은 기업의 사정으로 인해 조기 마감 또는 변경될 수 있습니다

기업 정보
기업정보 더보기
사원수
1,001 ~ 10,000명 이하
기업구분
중견기업 (비상장)
산업(업종)
콜센터·아웃소싱·기타
지도보기
위치
서울 용산구 한강대로38길 37 (용산동5가) 유베이스","{
  ""@context"": ""https://schema.org"",
  ""@type"": ""JobPosting"",
  ""title"": ""반려동물 쇼핑몰 고객센터 관리자(SV)  채용     AR8M"",
  ""description"": ""(주)유베이스에서 정규직 경력 채용을 진행합니다. 근무지는 경기 부천시 원미구 부일로 223 (상동, 뉴코아중동백화점)이며, 자세한 조건은 공고를 통해 확인할 수 있습니다."",
  ""datePosted"": ""2026-05-04"",
  ""validThrough"": ""2026-06-03T23:59"",
  ""employmentType"": ""FULL_TIME"",
  ""experienceRequirements"": ""경력"",
  ""educationRequirements"": ""학력무관"",
  ""directApply"": true,
  ""hiringOrganization"": {
    ""@type"": ""Organization"",
    ""name"": ""(주)유베이스""
  },
  ""jobLocation"": {
    ""@type"": ""Place"",
    ""address"": {
      ""@type"": ""PostalAddress"",
      ""streetAddress"": ""경기 부천시 원미구 부일로 223 (상동, 뉴코아중동백화점) /1호선 송내역 앞""
    }
  },
  ""identifier"": {
    ""@type"": ""PropertyValue"",
    ""name"": ""JobKorea"",
    ""value"": ""49100071""
  },
  ""url"": ""https://www.jobkorea.co.kr/Recruit/GI_Read/49100071""
}",success,
휴먼셀바이오,https://www.jobkorea.co.kr/Recruit/GI_Read/49100072,"(주)휴먼셀바이오
해외파견직 제조관리 채용공고
휴먼셀바이오는 2018년에 설립된 회사로 자본금 38억 2,331만원, 매출액 22억 7천만, 사원수 10명 규모의 벤처기업입니다. 인천 연수구 송도과학로 32 (송도동, 송도테크노파크IT센터)에 위치하고 있으며, 첨단바이오의약품 개발 및 세포분리(보관), 세포 가공 및 배양 용역 수탁사업을 하고 있습니다.
포지션 및 자격요건
해외파견직 제조관리
( ○명 )
담당업무
ㆍ몽골 파견근무
ㆍ면역세포 분리(PBMC)
ㆍ줄기세포 및 면역세포 배양
자격요건
ㆍ학력 : 전문학사 이상
ㆍ경력 : 신입 이상
ㆍ해외파견 근무 가능자 (몽골)
ㆍ생화학, 미생물학, 생명공학, 수의학 관련 전공
우대사항
ㆍ세포치료제 제조 경력자
ㆍGMP 운영 경험자
ㆍ영어 회화 가능자
전형절차 및 제출서류
ㆍ서류전형 > 1차 서류심사 > 2차 면접 > 최종합격
ㆍ면접일정은 추후 통보됩니다.
ㆍ추가 제출서류: 이력서, 경력기술서, 졸업증명서, 학위논문, 재직/경력증명서
유의사항
ㆍ지원 시 이력서 상단에 지원 직무를 반드시 기재해 주시기 바랍니다.
ㆍ
허위사실이 발견될 경우 채용이 취소될 수 있습니다.","모집요강
모집분야
해외파견직 제조관리
모집인원
○
명
고용형태
정규직
(수습 3개월)
직급/직책
급여
회사 내규에 따름 (면접 후 결정)
근무시간
주5일(월~금)
08:00 ~ 17:00
""가정의 날"" 매월 1째주, 3째주 수요일 오후 3시 조기퇴근
근무지주소
인천 연수구 송도과학로 32 (송도동, 송도테크노파크IT센터) M동 1402호
지도보기
인근지하철

지원자격
경력
신입
학력
초대졸이상
우대조건
기본우대
영어가능자, 유관업무 경험자(인턴·알바), 유관업무 경력자

접수기간 · 방법
마감일은 기업의 사정으로 인해 조기 마감 또는 변경될 수 있습니다

기업 정보
기업정보 더보기
사원수
50명 이하
기업구분
벤처기업 (비상장)
산업(업종)
제약·보건·바이오
지도보기
위치
인천 연수구 송도과학로 32 (송도동, 송도테크노파크IT센터) M동 1402호, 1501호

복리후생
기타 복리후생
""가정의 날"" 매월 1째 주, 3째 주 수요일 오후 3시 조기퇴근","{
  ""@context"": ""https://schema.org"",
  ""@type"": ""JobPosting"",
  ""title"": ""㈜휴먼셀바이오 해외파견직 제조관리 채용공고"",
  ""description"": ""휴먼셀바이오에서 정규직 신입 채용을 진행합니다. 근무지는 인천 연수구 송도과학로 32 (송도동, 송도테크노파크IT센터)이며, 자세한 조건은 공고를 통해 확인할 수 있습니다."",
  ""datePosted"": ""2026-05-04"",
  ""validThrough"": ""2026-06-03T23:59"",
  ""employmentType"": ""FULL_TIME"",
  ""experienceRequirements"": ""신입"",
  ""educationRequirements"": ""초대졸 이상"",
  ""directApply"": true,
  ""hiringOrganization"": {
    ""@type"": ""Organization"",
    ""name"": ""휴먼셀바이오""
  },
  ""jobLocation"": {
    ""@type"": ""Place"",
    ""address"": {
      ""@type"": ""PostalAddress"",
      ""streetAddress"": ""인천 연수구 송도과학로 32 (송도동, 송도테크노파크IT센터) M동 1402호""
    }
  },
  ""identifier"": {
    ""@type"": ""PropertyValue"",
    ""name"": ""JobKorea"",
    ""value"": ""49100072""
  },
  ""url"": ""https://www.jobkorea.co.kr/Recruit/GI_Read/49100072""
}",success,
,https://www.jobkorea.co.kr/Recruit/GI_Read/49100073,,,,fail,HTTP status code 404
㈜웹젠,https://www.jobkorea.co.kr/Recruit/GI_Read/49100074,,"모집요강
모집분야
게임기획
모집인원
○
명
고용형태
정규직
급여
회사 내규에 따름
근무지주소
경기 성남시 분당구 판교로 242 (삼평동) 판교디지털센터 B동
지도보기

지원자격
경력
경력
(1년이상)
학력
학력무관

접수기간 · 방법
마감일은 기업의 사정으로 인해 조기 마감 또는 변경될 수 있습니다

기업 정보
기업정보 더보기
사원수
501 ~ 1,000명 이하
기업구분
중견기업 (코스닥 상장)
산업(업종)
게임·애니메이션
지도보기
위치
경기 성남시 분당구 판교로 242 (삼평동) 판교디지털센터 B동","{
  ""@context"": ""https://schema.org"",
  ""@type"": ""JobPosting"",
  ""title"": ""2026년 웹젠레드스타 게임기획 부문 수시채용"",
  ""description"": ""㈜웹젠에서 정규직 경력 채용을 진행합니다. 근무지는 경기 성남시 분당구 판교로 242 (삼평동)이며, 자세한 조건은 공고를 통해 확인할 수 있습니다."",
  ""datePosted"": ""2026-05-04"",
  ""validThrough"": ""2026-06-30T23:59"",
  ""employmentType"": ""FULL_TIME"",
  ""experienceRequirements"": ""경력"",
  ""educationRequirements"": ""학력무관"",
  ""directApply"": true,
  ""hiringOrganization"": {
    ""@type"": ""Organization"",
    ""name"": ""㈜웹젠""
  },
  ""jobLocation"": {
    ""@type"": ""Place"",
    ""address"": {
      ""@type"": ""PostalAddress"",
      ""streetAddress"": ""경기 성남시 분당구 판교로 242 (삼평동) 판교디지털센터 B동""
    }
  },
  ""identifier"": {
    ""@type"": ""PropertyValue"",
    ""name"": ""JobKorea"",
    ""value"": ""49100074""
  },
  ""url"": ""https://www.jobkorea.co.kr/Recruit/GI_Read/49100074""
}",success,
㈜케이티씨에스,https://www.jobkorea.co.kr/Recruit/GI_Read/49100075,"모집부문 및 자격요건
모집부문
담당업무
자격요건
상담사
ㆍ월패드(주방tv/로비폰/도어락) A/S접수 인바운드 상담
ㆍ기타 부대업무
ㆍ나이, 성별, 학력 무관
ㆍ컴퓨터 활용 가능자
ㆍ장기근무 가능한 성실한 자
근무조건
구분
상세 내용
근무조건
ㆍ고용형태 : kt cs 정규직 (수습기간 2개월 : 급여동일
)
ㆍ근무장소 : 경기도 성남시 중원구 사기막골로 105번길 27, 중앙인더스피아 3차 4층
ㆍ대중교통
-
8호선 단대오거리역 3번출구
(구)종점정류장 승차 340, 33, 382, 남한산성 입구역 55
-
분당선 모란역 12번 출구
340, 33, 382중원보건소 및 우림라이온스벨리5차 정류장 하차 도보 5분
ㆍ근무일정 : 월 ~ 금 09:00 ~ 18:00 고정근무, 주 40시간
급여조건
ㆍ한달 만근 시 227만원 + 등급수당 최대 13만원
#설, 추석, 명절 등 복리후생
추가 지급
복리후생
전형절차
구분
전형일정
기타
서류접수
수시
제출서류: 이력서, 자기소개서
서류발표
수시
서류합격자에 한해 개별연락
*채용시 조기마감 될 수 있음
면접전형
6/1(월) ~
서류합격자에 한해 개별연락
대면면접
교육일정
평일 5일 예정
(추후 개별안내)
교육시간  09:00 ~18:00 /
교육비 일 4만원 지급
입사일자
교육수료 후 입사
교육이수 및 평가에 따라 입사여부 결정
(※ 각 전형일정은 당사 사정에의해 변경될수 있음)
접수기간 및 방법
구비서류 : 이력서, 자기소개서
지원방법 : 온라인 지원
채용문의 : 010-4228-2755
유의사항
최종 합격자 발표 후 30일 이내 지원자의 요청시 제출서류 반환이 가능하며,
반환 청구기간 이후에는 개인정보 보호법에 의거하여 자동 폐기 합니다.
제출된 서류에 허위 사실이 있는 경우 채용이 취소될 수 있습니다.
본 공고는 합격자는 ㈜kt cs 소속으로 근무함을 공지합니다.","모집요강
모집분야
상담사
모집인원
○
명
고용형태
정규직
(수습 2개월)
직급/직책
급여
회사 내규에 따름
근무시간
주5일(월~금)
09:00 ~ 18:00
근무지주소
경기 성남시 중원구 사기막골로105번길 27 (상대원동, 중앙인더스피아3) 3차 4층
지도보기

지원자격
경력
신입·경력
학력
학력무관
우대조건
기본우대
인근거주자, 컴퓨터활용능력 우수자, 유관업무 경험자(인턴·알바), 문서작성 우수자, 관련 자격증 보유자, 유관업무 경력자, 즉시출근 가능자, 장기근무 가능자

접수기간 · 방법
마감일은 기업의 사정으로 인해 조기 마감 또는 변경될 수 있습니다

기업 정보
기업정보 더보기
사원수
1,001 ~ 10,000명 이하
기업구분
대기업 (코스피)
산업(업종)
네트워크·통신서비스
지도보기
위치
대전 서구 갈마로 160 (괴정동, KT인재개발원) .","{
  ""@context"": ""https://schema.org"",
  ""@type"": ""JobPosting"",
  ""title"": ""[kt cs정규직/대기업] 현대HT 고객센터 인바운드 상담사 채용"",
  ""description"": ""㈜케이티씨에스에서 정규직 신입·경력 채용을 진행합니다. 근무지는 경기 성남시 중원구 사기막골로105번길 27 (상대원동, 중앙인더스피아3)이며, 자세한 조건은 공고를 통해 확인할 수 있습니다."",
  ""datePosted"": ""2026-05-04"",
  ""validThrough"": ""2026-06-05T23:59"",
  ""employmentType"": ""FULL_TIME"",
  ""experienceRequirements"": ""신입·경력"",
  ""educationRequirements"": ""학력무관"",
  ""directApply"": true,
  ""hiringOrganization"": {
    ""@type"": ""Organization"",
    ""name"": ""㈜케이티씨에스""
  },
  ""jobLocation"": {
    ""@type"": ""Place"",
    ""address"": {
      ""@type"": ""PostalAddress"",
      ""streetAddress"": ""경기 성남시 중원구 사기막골로105번길 27 (상대원동, 중앙인더스피아3) 3차 4층""
    }
  },
  ""identifier"": {
    ""@type"": ""PropertyValue"",
    ""name"": ""JobKorea"",
    ""value"": ""49100075""
  },
  ""url"": ""https://www.jobkorea.co.kr/Recruit/GI_Read/49100075""
}",success,
파스쿠찌 영등포병원점,https://www.jobkorea.co.kr/Recruit/GI_Read/49100076,"파스쿠찌 영등포병원점
[파스쿠찌 영등포구청점] 카페 정직원 구합니다.
파스쿠찌 영등포병원점은 2021년에 설립된 회사로 사원수 5명 규모의 중소기업입니다. 서울 영등포구 당산로31길 10 (당산동3가, 영등포병원)에 위치하고 있으며, 휴게음식점업(카페)사업을 하고 있습니다.
포지션 및 자격요건
바리스타
( 1명 )
담당업무
ㆍ커피제조, 매장관리 등 사원급 업무
ㆍ근무
수목금 12:00~21:00 (휴게 1H포함)
토일 9:00~18:00
(휴게 1H포함}
핵심역량
ㆍ
꼼꼼함, 청결함, 성장지향적
자격요건
ㆍ
학력 : 학력무관
ㆍ경력 : 경력무관
ㆍ성별 : 성별무관
우대사항
ㆍ복리후생 : 유니폼지급, 식대지급, 4대보험,
연차, 월차, 연월차수당, 퇴직금, 연장근로수당, 공휴일 근무시 대체휴무 지급
ㆍ저희는 업무만 능숙해지면 연차, 반차 자유로운 사용을 권장합니다!!
부담느끼지 마시고 많은 지원 부탁드립니다!
전형절차
ㆍ서류전형 > 1차면접 >트라이얼(기간 약 1주)> 최종합격
ㆍ면접일정은 추후 통보됩니다.
유의사항
ㆍ허위사실이 발견될 경우 채용이 취소될 수 있습니다.","모집요강
모집분야
바리스타
모집인원
1
명
고용형태
정규직
직급/직책
급여
월급 230~230만원
근무시간
주5일(수~일)
12:00 ~ 21:00
토일(09:00~18:00)
근무지주소
서울 영등포구 당산로31길 10 (당산동3가, 영등포병원) 영도빌딩 1층
지도보기
인근지하철

지원자격
경력
경력무관
학력
학력무관
핵심역량
꼼꼼함
,
적응성
,
메타인지
,
성장지향성
,
성실성
,
성취지향성

접수기간 · 방법
마감일은 기업의 사정으로 인해 조기 마감 또는 변경될 수 있습니다

기업 정보
기업정보 더보기
사원수
50명 이하
기업구분
중소기업 (비상장)
산업(업종)
음식료·외식·프랜차이즈
지도보기
위치
서울 영등포구 당산로31길 10 (당산동3가, 영등포병원) 영도빌딩 1층","{
  ""@context"": ""https://schema.org"",
  ""@type"": ""JobPosting"",
  ""title"": ""파스쿠찌 영등포병원점 카페 정직원(계약직x정규직O) 구합니다."",
  ""description"": ""파스쿠찌 영등포병원점에서 정규직 경력무관 채용을 진행합니다. 근무지는 서울 영등포구 당산로31길 10 (당산동3가, 영등포병원)이며, 자세한 조건은 공고를 통해 확인할 수 있습니다."",
  ""datePosted"": ""2026-05-04"",
  ""validThrough"": ""2026-06-03T23:59"",
  ""employmentType"": ""FULL_TIME"",
  ""experienceRequirements"": ""경력무관"",
  ""educationRequirements"": ""학력무관"",
  ""directApply"": true,
  ""hiringOrganization"": {
    ""@type"": ""Organization"",
    ""name"": ""파스쿠찌 영등포병원점""
  },
  ""jobLocation"": {
    ""@type"": ""Place"",
    ""address"": {
      ""@type"": ""PostalAddress"",
      ""streetAddress"": ""서울 영등포구 당산로31길 10 (당산동3가, 영등포병원) 영도빌딩 1층""
    }
  },
  ""baseSalary"": {
    ""@type"": ""MonetaryAmount"",
    ""currency"": ""KRW"",
    ""value"": {
      ""@type"": ""QuantitativeValue"",
      ""unitText"": ""MONTH"",
      ""minValue"": 2300000,
      ""maxValue"": 2310000
    }
  },
  ""identifier"": {
    ""@type"": ""PropertyValue"",
    ""name"": ""JobKorea"",
    ""value"": ""49100076""
  },
  ""url"": ""https://www.jobkorea.co.kr/Recruit/GI_Read/49100076""
}",success,
크릭컴퍼니,https://www.jobkorea.co.kr/Recruit/GI_Read/49100077,"크릭컴퍼니
화장품 용기 제조 생산관리 신입/경력 사원모집
크릭컴퍼니는 2017년에 설립된 회사로 자본금 2억원, 매출액 150억, 사원수 15명 규모의 중소기업입니다. 경기 성남시 중원구 사기막골로 124 (상대원동, SKn테크노파크)에 위치하고 있으며, 화장품 패드, 크림, 브로우, 튜브 등 다양한 용기를 개발 및 제조 생산사업을 하고 있습니다.
포지션 및 자격요건
생산관리
(남자 1명 )
담당업무
ㆍ생산계획 수립 및 관리
ㆍ납품계획 및 일정관리
스킬
ㆍ컴퓨터활용능력, 운전가능자
핵심역량
ㆍ
성실성,
성장지향성,
꼼꼼함, 스트레스 관리, 윤리의식
자격요건
ㆍ학력 : 고졸이상 (졸업예정자 가능)
ㆍ경력 : 신입·경력1년↑
우대사항
ㆍ해당직무 근무경험자
전형절차
ㆍ서류전형 > 1차면접 > 최종합격
ㆍ면접일정은 추후 통보됩니다.
유의사항
ㆍ허위사실이 발견될 경우 채용이 취소될 수 있습니다.","모집요강
모집분야
생산관리 - 남자
모집인원
1
명
고용형태
정규직
(수습 3개월)
급여
회사 내규에 따름 (면접 후 결정)
근무시간
주5일(월~금)
09:00 ~ 18:00
탄력근무제
근무지주소
경기 성남시 중원구 사기막골로 124 (상대원동, SKn테크노파크)
지도보기
인근지하철

지원자격
경력
신입·경력
(1년이상)
학력
고졸이상
(졸업예정자 가능)
스킬
,
운전가능자
핵심역량
성실성
,
성장지향성
,
꼼꼼함
,
스트레스관리
,
윤리의식

접수기간 · 방법
마감일은 기업의 사정으로 인해 조기 마감 또는 변경될 수 있습니다

기업 정보
기업정보 더보기
사원수
50명 이하
기업구분
중소기업 (비상장)
산업(업종)
생활화학·화장품
지도보기
위치
경기 성남시 중원구 사기막골로 124 (상대원동, SKn테크노파크) 테크동 2층 203호

복리후생
기타 복리후생
탄력근무제, 4대보험, 회의실","{
  ""@context"": ""https://schema.org"",
  ""@type"": ""JobPosting"",
  ""title"": ""화장품 용기 제조 생산관리 신입/경력 사원모집"",
  ""description"": ""크릭컴퍼니에서 정규직 신입·경력 채용을 진행합니다. 근무지는 경기 성남시 중원구 사기막골로 124 (상대원동, SKn테크노파크)이며, 자세한 조건은 공고를 통해 확인할 수 있습니다."",
  ""datePosted"": ""2026-05-04"",
  ""validThrough"": ""2026-06-03T23:59"",
  ""employmentType"": ""FULL_TIME"",
  ""experienceRequirements"": ""신입·경력"",
  ""educationRequirements"": ""고졸 이상"",
  ""directApply"": true,
  ""hiringOrganization"": {
    ""@type"": ""Organization"",
    ""name"": ""크릭컴퍼니""
  },
  ""jobLocation"": {
    ""@type"": ""Place"",
    ""address"": {
      ""@type"": ""PostalAddress"",
      ""streetAddress"": ""경기 성남시 중원구 사기막골로 124 (상대원동, SKn테크노파크) ""
    }
  },
  ""identifier"": {
    ""@type"": ""PropertyValue"",
    ""name"": ""JobKorea"",
    ""value"": ""49100077""
  },
  ""url"": ""https://www.jobkorea.co.kr/Recruit/GI_Read/49100077""
}",success,
㈜아트브릭,https://www.jobkorea.co.kr/Recruit/GI_Read/49100078,"㈜아트브릭
[(주)아트브릭]인테리어 공무 파트
(5년이상/10년 이하) 경력 정규직 모집
㈜아트브릭은 2019년에 설립되어 사원수 30명 규모로 성장한 디자인/시공 전문 기업입니다.
다양한 분야의 인테리어를 진행하며 함께 성장하실 인재를 모십니다.
포지션 및 자격요건
인테리어 공무
( 1명 )
담당업무
ㆍ인테리어 공무
ㆍ견적 및 서류 작업
스킬
ㆍAutoCAD, 실내건축기사 자격, 실내건축산업기사 자격
자격요건
ㆍ학력 : 대졸이상
ㆍ경력 : 경력5년~10년(1인)
우대사항
ㆍ차량소지자
ㆍCAD/CAM 프로그램 능숙자
ㆍ관련 자격증 보유자
ㆍ유관업무 경력자
전형절차
ㆍ서류전형 > 면접 > 최종합격
ㆍ면접일정은 서류전형 합격자에 한해 추후 개별 통보됩니다.
유의사항
ㆍ허위사실이 발견될 경우 채용이 취소될 수 있습니다.","모집요강
모집분야
인테리어 공무
모집인원
1
명
고용형태
정규직
(수습 1개월)
직급/직책
급여
회사 내규에 따름 (면접 후 결정)
근무시간
주5일(월~금)
09:00 ~ 18:00
근무지주소
서울 강서구 양천로 551-24 (가양동, 한화비즈메트로2차) 1408,1409호
지도보기
인근지하철

지원자격
경력
경력
(5년이상)
학력
초대졸이상
스킬
우대조건
기본우대
차량소지자, CAD/CAM 프로그램 능숙자, 관련 자격증 보유자, 유관업무 경력자

접수기간 · 방법
마감일은 기업의 사정으로 인해 조기 마감 또는 변경될 수 있습니다

기업 정보
기업정보 더보기
사원수
50명 이하
기업구분
중소기업 (비상장)
산업(업종)
도배, 실내장식 및 내장 목공사업
지도보기
위치
부산 수영구 광남로213번길 43 (민락동) (주) 아트브릭","{
  ""@context"": ""https://schema.org"",
  ""@type"": ""JobPosting"",
  ""title"": ""[(주)아트브릭]인테리어 공무 파트(5년이상/10년 이하) 경력 정규직 모집"",
  ""description"": ""㈜아트브릭에서 정규직 경력 채용을 진행합니다. 근무지는 서울 강서구 양천로 551-24 (가양동, 한화비즈메트로2차)이며, 자세한 조건은 공고를 통해 확인할 수 있습니다."",
  ""datePosted"": ""2026-05-04"",
  ""validThrough"": ""2026-06-03T23:59"",
  ""employmentType"": ""FULL_TIME"",
  ""experienceRequirements"": ""경력"",
  ""educationRequirements"": ""초대졸 이상"",
  ""directApply"": true,
  ""hiringOrganization"": {
    ""@type"": ""Organization"",
    ""name"": ""㈜아트브릭""
  },
  ""jobLocation"": {
    ""@type"": ""Place"",
    ""address"": {
      ""@type"": ""PostalAddress"",
      ""streetAddress"": ""서울 강서구 양천로 551-24 (가양동, 한화비즈메트로2차) 1408,1409호""
    }
  },
  ""identifier"": {
    ""@type"": ""PropertyValue"",
    ""name"": ""JobKorea"",
    ""value"": ""49100078""
  },
  ""url"": ""https://www.jobkorea.co.kr/Recruit/GI_Read/49100078""
}",success,
,https://www.jobkorea.co.kr/Recruit/GI_Read/49100079,,,,fail,HTTP status code 404
프라임에셋㈜,https://www.jobkorea.co.kr/Recruit/GI_Read/49100080,"프라임에셋㈜
[프라임에셋] 2026년 상반기 법인기업
컨설팅 및 기업보험 설계사 모집
전형절차
ㆍ서류전형 > 1차면접 > 임원면접 > 최종합격
ㆍ면접일정은 추후 통보됩니다.
접수방법
2026.05.11 (월) 까지
ㆍ
접수방법 : 잡코리아 접수
ㆍ
이력서 : 잡코리아이력서
유의사항
ㆍ허위사실이 발견 될 경우 채용이 취소될 수 있습니다.","모집요강
모집분야
손해보험,생명보험,자동차보험,법인영업
모집인원
3
명
고용형태
정규직
,
프리랜서
(근무기간 0개월)
급여
월급 500~500만원
근무시간
주5일(월~금)
09:00 ~ 18:00
근무지주소
전남 순천시 봉화로 270 (조례동, 소매점) 2층 프라임에셋
지도보기

지원자격
경력
경력무관
학력
학력무관

접수기간 · 방법
마감일은 기업의 사정으로 인해 조기 마감 또는 변경될 수 있습니다

기업 정보
기업정보 더보기
사원수
51 ~ 300명 이하
기업구분
중견기업 (-)
산업(업종)
보험 대리 및 중개업
지도보기
위치
서울 광진구 아차산로 563 (광장동, 대한제지(주)사옥) 2층","{
  ""@context"": ""https://schema.org"",
  ""@type"": ""JobPosting"",
  ""title"": ""[프라임에셋] 2026년 상반기 법인기업 컨설팅 및 기업보험 설계사 모집"",
  ""description"": ""프라임에셋㈜에서 정규직 경력무관 채용을 진행합니다. 근무지는 전남 순천시 봉화로 270 (조례동, 소매점)이며, 자세한 조건은 공고를 통해 확인할 수 있습니다."",
  ""datePosted"": ""2026-05-04"",
  ""validThrough"": ""2026-05-11T23:59"",
  ""employmentType"": [
    ""FULL_TIME"",
    ""CONTRACTOR""
  ],
  ""experienceRequirements"": ""경력무관"",
  ""educationRequirements"": ""학력무관"",
  ""directApply"": true,
  ""hiringOrganization"": {
    ""@type"": ""Organization"",
    ""name"": ""프라임에셋㈜""
  },
  ""jobLocation"": {
    ""@type"": ""Place"",
    ""address"": {
      ""@type"": ""PostalAddress"",
      ""streetAddress"": ""전남 순천시 봉화로 270 (조례동, 소매점) 2층 프라임에셋""
    }
  },
  ""baseSalary"": {
    ""@type"": ""MonetaryAmount"",
    ""currency"": ""KRW"",
    ""value"": {
      ""@type"": ""QuantitativeValue"",
      ""unitText"": ""MONTH"",
      ""minValue"": 5000000,
      ""maxValue"": 5010000
    }
  },
  ""identifier"": {
    ""@type"": ""PropertyValue"",
    ""name"": ""JobKorea"",
    ""value"": ""49100080""
  },
  ""url"": ""https://www.jobkorea.co.kr/Recruit/GI_Read/49100080""
}",success,
스크린라이트㈜,https://www.jobkorea.co.kr/Recruit/GI_Read/49100081,"스크린라이트㈜
홈쇼핑 방송조명 팀원모집
스크린라이트㈜는 2004년에 설립된 회사로 자본금 1억원, 매출액 13억 7,125만원, 사원수 25명 규모의 중소기업입니다.
경기 안양시 동안구 관양2동에 위치하고 있으며, 방송조명,행사,이벤트외사업을 하고 있습니다.
모집분야 및 자격요건
조명기사
( ○명 )
홈쇼핑 조명부
담당업무
ㆍ홈쇼핑 방송조명 기사, 감독 (경력자 선호)
마포구 상암동, 강서구 마곡동 출퇴근 용이한 지원자 구인
자격요건
ㆍ학력 : 학력무관
ㆍ경력 : 경력우대
우대사항
조명 일 경험자
새벽 출퇴근 가능자
오전조, 오후조 번갈아 근무
오전 : 05시~ 11시 40분
오후 : 17시~ 01시 (18시~02시)
강서구 마곡동 홈쇼핑 조명부 직원도 모집하고 있습니다.
스크린라이트 회사 위치: 경기도 안양시 동안구 인덕원동 860-4
전형절차
ㆍ서류 > 면접
유의사항
마포구 상암동, 강서구 마곡동 홈쇼핑 방송 조명 기사, 감독을 모집하고 있습니다.
본사 직원도 구인 중 입니다.  (위치: 경기도 안양시 동안구 인덕원동 860-4)
방송세트, 무대 디자이너 모집 중
4호선 남태령역 인근 홈쇼핑 방송조명 오퍼레이터 구인","모집요강
모집분야
방송조명부
모집인원
○
명
고용형태
정규직
(수습 1개월)
직급/직책
급여
회사 내규에 따름 (면접 후 결정)
근무시간
주중 및 주말 근무가 모두 가능해야함. 로테이션 교대근무
05:00 ~ 12:00, 11:00 ~ 18:00, 17:30 ~ 01:00
오전, 오후, 상근조 돌아가며 근무
근무지주소
서울 마포구 상암산로 34 (상암동) 공영홈쇼핑
지도보기
인근지하철

지원자격
경력
경력
학력
학력무관

접수기간 · 방법
마감일은 기업의 사정으로 인해 조기 마감 또는 변경될 수 있습니다

기업 정보
기업정보 더보기
사원수
50명 이하
기업구분
중소기업 (비상장)
산업(업종)
전시, 컨벤션 및 행사 대행업
지도보기
위치
경기 안양시 동안구 벌말로102번길 61-21 (관양동) 단독건물","{
  ""@context"": ""https://schema.org"",
  ""@type"": ""JobPosting"",
  ""title"": ""마곡동, 상암동 홈쇼핑 방송조명 팀원 모집"",
  ""description"": ""스크린라이트㈜에서 정규직 경력 채용을 진행합니다. 근무지는 서울 마포구 상암산로 34 (상암동)이며, 자세한 조건은 공고를 통해 확인할 수 있습니다."",
  ""datePosted"": ""2026-05-04"",
  ""validThrough"": ""2026-05-10T23:59"",
  ""employmentType"": ""FULL_TIME"",
  ""experienceRequirements"": ""경력"",
  ""educationRequirements"": ""학력무관"",
  ""directApply"": true,
  ""hiringOrganization"": {
    ""@type"": ""Organization"",
    ""name"": ""스크린라이트㈜""
  },
  ""jobLocation"": {
    ""@type"": ""Place"",
    ""address"": {
      ""@type"": ""PostalAddress"",
      ""streetAddress"": ""서울 마포구 상암산로 34 (상암동) 공영홈쇼핑""
    }
  },
  ""identifier"": {
    ""@type"": ""PropertyValue"",
    ""name"": ""JobKorea"",
    ""value"": ""49100081""
  },
  ""url"": ""https://www.jobkorea.co.kr/Recruit/GI_Read/49100081""
}",success,
㈜웹젠,https://www.jobkorea.co.kr/Recruit/GI_Read/49100082,,"모집요강
모집분야
게임기획
모집인원
○
명
고용형태
정규직
,
인턴
(근무기간 6개월, 정규직 전환 가능)
급여
회사 내규에 따름
근무지주소
경기 성남시 분당구 판교로 242 (삼평동) 판교디지털센터 B동
지도보기

지원자격
경력
신입·경력
(2년이상)
학력
학력무관

접수기간 · 방법
마감일은 기업의 사정으로 인해 조기 마감 또는 변경될 수 있습니다

기업 정보
기업정보 더보기
사원수
501 ~ 1,000명 이하
기업구분
중견기업 (코스닥 상장)
산업(업종)
게임·애니메이션
지도보기
위치
경기 성남시 분당구 판교로 242 (삼평동) 판교디지털센터 B동","{
  ""@context"": ""https://schema.org"",
  ""@type"": ""JobPosting"",
  ""title"": ""2026년 웹젠노바 게임기획 부문 수시채용"",
  ""description"": ""㈜웹젠에서 정규직 신입·경력 채용을 진행합니다. 근무지는 경기 성남시 분당구 판교로 242 (삼평동)이며, 자세한 조건은 공고를 통해 확인할 수 있습니다."",
  ""datePosted"": ""2026-05-04"",
  ""validThrough"": ""2026-06-30T23:59"",
  ""employmentType"": [
    ""FULL_TIME"",
    ""INTERN""
  ],
  ""experienceRequirements"": ""신입·경력"",
  ""educationRequirements"": ""학력무관"",
  ""directApply"": true,
  ""hiringOrganization"": {
    ""@type"": ""Organization"",
    ""name"": ""㈜웹젠""
  },
  ""jobLocation"": {
    ""@type"": ""Place"",
    ""address"": {
      ""@type"": ""PostalAddress"",
      ""streetAddress"": ""경기 성남시 분당구 판교로 242 (삼평동) 판교디지털센터 B동""
    }
  },
  ""identifier"": {
    ""@type"": ""PropertyValue"",
    ""name"": ""JobKorea"",
    ""value"": ""49100082""
  },
  ""url"": ""https://www.jobkorea.co.kr/Recruit/GI_Read/49100082""
}",success,
(주)리더스,https://www.jobkorea.co.kr/Recruit/GI_Read/49100083,"(주)리더스
보험대리점 총무 채용
(주)리더스는 2023년에 설립된 회사로 자본금 5,000만원, 매출액 11억 1,230만원, 사원수 9명 규모의 중소기업입니다. 강원 강릉시 사임당로175번길 1-14 (유천동)에 위치하고 있으며, 보험대리점 보험영업사업을 하고 있습니다.
포지션 및 자격요건
보험대리점 총무 채용
( 1명 )
담당업무
보험사무원, GA대리점 업무 총괄
근로자 인사 업무, 재무관리
설계사 위해촉 업무, 수수료계산, 신계약수납, 보험계약관리, 유지관리 등
보험회사 전반에 걸친 다양한 업무 수행
스킬
ㆍ컴퓨터활용능력
자격요건
ㆍ학력 : 학력무관
ㆍ경력 : 경력1년↑ 필수
전형절차
ㆍ서류전형 > 면접 >최종합격
ㆍ면접일정은 추후 통보됩니다.
유의사항
ㆍ허위사실이 발견될 경우 채용이 취소될 수 있습니다.","모집요강
모집분야
보험대리점 총무 채용
모집인원
1
명
고용형태
정규직
(수습 3개월)
급여
월급 240만원 이상
근무시간
주5일(월~금)
09:00 ~ 18:00
근무지주소
강원 강릉시 사임당로175번길 1-14 (유천동) 4층
지도보기

지원자격
경력
경력
(1년이상)
학력
학력무관
스킬
핵심역량
성실성
,
꼼꼼함
,
적응성
,
성장지향성
,
계획성

접수기간 · 방법
마감일은 기업의 사정으로 인해 조기 마감 또는 변경될 수 있습니다

기업 정보
기업정보 더보기
사원수
50명 이하
기업구분
중소기업 (비상장)
산업(업종)
보험 대리 및 중개업
지도보기
위치
강원 강릉시 사임당로175번길 1-14 (유천동) 4층","{
  ""@context"": ""https://schema.org"",
  ""@type"": ""JobPosting"",
  ""title"": ""보험대리점 총무 채용"",
  ""description"": ""(주)리더스에서 정규직 경력 채용을 진행합니다. 근무지는 강원 강릉시 사임당로175번길 1-14 (유천동)이며, 자세한 조건은 공고를 통해 확인할 수 있습니다."",
  ""datePosted"": ""2026-05-04"",
  ""validThrough"": ""2027-05-03T15:00"",
  ""employmentType"": ""FULL_TIME"",
  ""experienceRequirements"": ""경력"",
  ""educationRequirements"": ""학력무관"",
  ""directApply"": true,
  ""hiringOrganization"": {
    ""@type"": ""Organization"",
    ""name"": ""(주)리더스""
  },
  ""jobLocation"": {
    ""@type"": ""Place"",
    ""address"": {
      ""@type"": ""PostalAddress"",
      ""streetAddress"": ""강원 강릉시 사임당로175번길 1-14 (유천동) 4층""
    }
  },
  ""baseSalary"": {
    ""@type"": ""MonetaryAmount"",
    ""currency"": ""KRW"",
    ""value"": {
      ""@type"": ""QuantitativeValue"",
      ""value"": 2400000,
      ""unitText"": ""MONTH""
    }
  },
  ""identifier"": {
    ""@type"": ""PropertyValue"",
    ""name"": ""JobKorea"",
    ""value"": ""49100083""
  },
  ""url"": ""https://www.jobkorea.co.kr/Recruit/GI_Read/49100083""
}",success,
,https://www.jobkorea.co.kr/Recruit/GI_Read/49100084,,,,fail,HTTP status code 404
㈜에스이에이치인터내셔널,https://www.jobkorea.co.kr/Recruit/GI_Read/49100085,,"모집요강
모집분야
조리사, 홀직원
모집인원
○
명
고용형태
정규직
(수습 3개월)
,
계약직
(협의, 정규직 전환 가능)
직급/직책
급여
월급 300~300만원
근무시간
주5일 (월, 화, 수, 토, 일)
10:00 ~ 21:00
일 10시간 근무 + 1시간 휴게
근무지주소
서울 마포구 동교로38길 33-21 (연남동) 2층 미쁘동
지도보기
인근지하철

지원자격
경력
경력무관
학력
학력무관
우대조건
기본우대
인근거주자, 관련 학과 전공자, 관련 자격증 보유자, 즉시출근 가능자, 장기근무 가능자

접수기간 · 방법
마감일은 기업의 사정으로 인해 조기 마감 또는 변경될 수 있습니다

기업 정보
기업정보 더보기
사원수
51 ~ 300명 이하
기업구분
중소기업 (비상장)
산업(업종)
상용 인력 공급 및 인사관리 서비스업
지도보기
위치
서울 금천구 가산동 345-4 에이스하이엔드타워8차 406호","{
  ""@context"": ""https://schema.org"",
  ""@type"": ""JobPosting"",
  ""title"": ""[미쁘동 연남점] 주방, 홀 정직원 채용합니다. (주5일/스케줄근무)"",
  ""description"": ""㈜에스이에이치인터내셔널 에서 정규직 경력무관 채용을 진행합니다. 근무지는 서울 마포구 동교로38길 33-21 (연남동)이며, 자세한 조건은 공고를 통해 확인할 수 있습니다."",
  ""datePosted"": ""2026-05-06"",
  ""validThrough"": ""2026-07-05T23:59"",
  ""employmentType"": [
    ""FULL_TIME"",
    ""CONTRACTOR""
  ],
  ""experienceRequirements"": ""경력무관"",
  ""educationRequirements"": ""학력무관"",
  ""directApply"": true,
  ""hiringOrganization"": {
    ""@type"": ""Organization"",
    ""name"": ""㈜에스이에이치인터내셔널 ""
  },
  ""jobLocation"": {
    ""@type"": ""Place"",
    ""address"": {
      ""@type"": ""PostalAddress"",
      ""streetAddress"": ""서울 마포구 동교로38길 33-21 (연남동) 2층 미쁘동""
    }
  },
  ""baseSalary"": {
    ""@type"": ""MonetaryAmount"",
    ""currency"": ""KRW"",
    ""value"": {
      ""@type"": ""QuantitativeValue"",
      ""unitText"": ""MONTH"",
      ""minValue"": 3000000,
      ""maxValue"": 3010000
    }
  },
  ""identifier"": {
    ""@type"": ""PropertyValue"",
    ""name"": ""JobKorea"",
    ""value"": ""49100085""
  },
  ""url"": ""https://www.jobkorea.co.kr/Recruit/GI_Read/49100085""
}",success,
아이라이크어학원,https://www.jobkorea.co.kr/Recruit/GI_Read/49100086,"아이라이크어학원
영어 어학원에서 초,중등부
강사님을
소중하게 모십니다.
(바이링구얼 우대)
안녕하세요
다산 신도시에 위치하고 있는
아이라이크 어학원
입니다.
개원 이후에 지속적으로 확장하고 있는
초/중등 영어 전문 어학원
으로
지역에서 가장 좋은 근무조건을 강사선생님들께 제공하고 있다고 자부합니다.^^
함께 성장해 나갈수 있는 열정을 가지신 바이링구얼 선생님들을 모십니다.
-----------------------------------------------------------------------------------------------------------------------------------------
아이라이크 어학원은 영어원서 및 스피킹 수업을 메인으로 하고 있는 어학원으로
원서수업, 스피킹 수업, 렙실(도서관에서 프로그램 수업 관리) 수업 등
각 분야별로 교육을 통해 전문 분야를 강의할 수 있도록 하고 있습니다.
여름, 겨울 방학 각 휴가가 있고, 휴가, 명절 선물, 주차비 지원 등 최대한 복지를 제공해드리고자 하고 있습니다.
모집분야 및 자격요건
초,중등부 전임
( 1명 )
담당업무
ㆍ 초,중등부 영어 강의
영어원서, 스피킹, 엑티비티, 놀이영어 포함
ㆍ렙실 학생 관리 및 지도
ㆍ근무시간 월-금 12:30-20:00 (수업준비 시간 포함)
ㆍ주말출근 없음
자격요건
ㆍ학력 : 초대졸이상 (졸업예정자 가능)
ㆍ경력 : 경력1년 혹은 열정있는 신입
ㆍ
바이링구얼 우대, 영어 100% 수업 가능자
우대사항
ㆍ영어 가능자 필수
ㆍ영어 발음 좋고, 유창하신분 우대
ㆍ동종 경력자 우대
ㆍ컴퓨터활용능력 우수자
ㆍ관련 자격증 보유자
ㆍ전공 : 영미어·문학
근무조건
ㆍ근무형태 : 계약직, 전임
ㆍ근무조건 :
연봉 3600-3600만원 이상, (경력 및 스펙에 따라 연봉 우대)
ㆍ근무일시 :
전임 =
월-금 12:30-20:00 (수업준비 시간 포함)
ㆍ기타사항 : 정기휴가,
경조사비
전형절차
ㆍ서류전형 > 1차면접 > 최종합격
ㆍ면접일정은 추후 통보됩니다.
유의사항
ㆍ허위사실이 발견될 경우 채용이 취소될 수 있습니다.","모집요강
모집분야
영어 어학원 초,중등부 강사
모집인원
1
명
고용형태
계약직
(협의)
직급/직책
급여
연봉 3,600~3,600만원 (면접 후 결정)
근무시간
주5일(월~금)
12:30 ~ 20:00
근무지주소
경기 남양주시 다산순환로 350 (다산동, 다산진건지구상업2-7-1,2) 602호
지도보기

지원자격
경력
경력무관
학력
초대졸이상
(졸업예정자 가능)
스킬
핵심역량
성실성
,
윤리의식
,
적응성
,
성취지향성
,
꼼꼼함
,
계획성
우대조건
기본우대
영어가능자, 인근거주자, 컴퓨터활용능력 우수자, 영어능통자(원어민수준), 유관업무 경험자(인턴·알바), 영어권 거주자, 관련 자격증 보유자, 유관업무 경력자(1년), 즉시출근 가능자
우대전공

접수기간 · 방법
마감일은 기업의 사정으로 인해 조기 마감 또는 변경될 수 있습니다

기업 정보
기업정보 더보기
사원수
-
기업구분
중소기업 (-)
산업(업종)
학원·어학원·교육원
지도보기
위치
경기 남양주시 다산순환로 350 (다산동, 다산진건지구상업2-7-1,2) 602호","{
  ""@context"": ""https://schema.org"",
  ""@type"": ""JobPosting"",
  ""title"": ""영어어학원 초,중등 전임 강사님을 모십니다.(바이링구얼 우대)"",
  ""description"": ""아이라이크어학원에서 계약직 경력무관 채용을 진행합니다. 근무지는 경기 남양주시 다산순환로 350 (다산동, 다산진건지구상업2-7-1,2)이며, 자세한 조건은 공고를 통해 확인할 수 있습니다."",
  ""datePosted"": ""2026-05-04"",
  ""validThrough"": ""2026-06-03T23:59"",
  ""employmentType"": ""CONTRACTOR"",
  ""experienceRequirements"": ""경력무관"",
  ""educationRequirements"": ""초대졸 이상"",
  ""directApply"": true,
  ""hiringOrganization"": {
    ""@type"": ""Organization"",
    ""name"": ""아이라이크어학원""
  },
  ""jobLocation"": {
    ""@type"": ""Place"",
    ""address"": {
      ""@type"": ""PostalAddress"",
      ""streetAddress"": ""경기 남양주시 다산순환로 350 (다산동, 다산진건지구상업2-7-1,2) 602호""
    }
  },
  ""baseSalary"": {
    ""@type"": ""MonetaryAmount"",
    ""currency"": ""KRW"",
    ""value"": {
      ""@type"": ""QuantitativeValue"",
      ""unitText"": ""YEAR"",
      ""minValue"": 36000000,
      ""maxValue"": 36010000
    }
  },
  ""identifier"": {
    ""@type"": ""PropertyValue"",
    ""name"": ""JobKorea"",
    ""value"": ""49100086""
  },
  ""url"": ""https://www.jobkorea.co.kr/Recruit/GI_Read/49100086""
}",success,
제일엠앤이㈜,https://www.jobkorea.co.kr/Recruit/GI_Read/49100087,"제일엠앤이㈜
건물관리 본사 근무(안전담당 주임)
제일엠앤이㈜는 2010년에 설립된 회사로 자본금 5억원, 매출액 310억 191만원, 사원수 386명 규모의 중소기업입니다. 서울 강남구 역삼동에 위치하고 있으며, 건물 시설물 운영 및 유지관리사업을 하고 있습니다.
포지션 및 자격요건
포지션
( 1명 )
담당업무
ㆍFM사업 안전관리
-사업장 안전점검 및 용품 구입, 안전관련 서류 관리
-건강검진 및 특수검진 진행
ㆍ본사 행정업무 수행
-문서 작성 및 관리
ㆍ근무 : 주5일(08:00~17:00)
ㆍ급여 : 연봉 - 회사 내규에 따름(면접 후 결정)
자격요건
ㆍ학력 : 학력무관
우대사항
ㆍ인근거주자, 즉시출근가능자
ㆍ건물관리 관련 자격증 소지자
전형절차
ㆍ서류전형 > 담당자 면접 > 임원 면접 > 최종합격
ㆍ면접일정은 추후 통보됩니다.
유의사항
ㆍ허위사실이 발견될 경우 채용이 취소될 수 있습니다.","모집요강
모집분야
시설관리
모집인원
1
명
고용형태
정규직
직급/직책
급여
회사 내규에 따름 (면접 후 결정)
근무시간
주5일(월~금)
08:00 ~ 17:00
근무지주소
서울 강남구 테헤란로 309 (역삼동, 삼성제일빌딩) 1619호
지도보기
인근지하철

지원자격
경력
경력
(3년이상)
학력
학력무관
스킬
핵심역량
계획성
,
성실성
,
협동심
,
꼼꼼함
,
윤리의식
우대조건
기본우대
인근거주자, 컴퓨터활용능력 우수자, 야간근무 가능자, 문서작성 우수자, 즉시출근 가능자, 장기근무 가능자

접수기간 · 방법
마감일은 기업의 사정으로 인해 조기 마감 또는 변경될 수 있습니다

기업 정보
기업정보 더보기
사원수
301 ~ 500명 이하
기업구분
중소기업 (비상장)
산업(업종)
사업시설 유지.관리 서비스업
지도보기
위치
서울 강남구 역삼동 702-2번지 삼성제일빌딩 1618호","{
  ""@context"": ""https://schema.org"",
  ""@type"": ""JobPosting"",
  ""title"": ""건물관리 본사 근무(안전담당 주임)"",
  ""description"": ""제일엠앤이㈜에서 정규직 경력 채용을 진행합니다. 근무지는 서울 강남구 테헤란로 309 (역삼동, 삼성제일빌딩)이며, 자세한 조건은 공고를 통해 확인할 수 있습니다."",
  ""datePosted"": ""2026-05-04"",
  ""validThrough"": ""2026-05-27T16:00"",
  ""employmentType"": ""FULL_TIME"",
  ""experienceRequirements"": ""경력"",
  ""educationRequirements"": ""학력무관"",
  ""directApply"": true,
  ""hiringOrganization"": {
    ""@type"": ""Organization"",
    ""name"": ""제일엠앤이㈜""
  },
  ""jobLocation"": {
    ""@type"": ""Place"",
    ""address"": {
      ""@type"": ""PostalAddress"",
      ""streetAddress"": ""서울 강남구 테헤란로 309 (역삼동, 삼성제일빌딩) 1619호""
    }
  },
  ""identifier"": {
    ""@type"": ""PropertyValue"",
    ""name"": ""JobKorea"",
    ""value"": ""49100087""
  },
  ""url"": ""https://www.jobkorea.co.kr/Recruit/GI_Read/49100087""
}",success,
㈜에이스웍스코리아,https://www.jobkorea.co.kr/Recruit/GI_Read/49100088,"㈜에이스웍스코리아를 소개해요
미래모빌리티 솔루션 기업 ACEWORKS!
* 채용 관련 정보: https://aceworks.career.greetinghr.com/apply
에이스웍스코리아는 EV(전기차) 검증장비 분야 국내 1위 기업 CONTROLWORKS와 자율주행 토털 솔루션 전문기업 ACELAB이 합병해 탄생한 미래 모빌리티 전문 솔루션 엔지니어링 기업입니다.
전체 임직원의 80% 이상이 연구인력으로 구성된 연구개발 중심 기업으로, 다년간 축적한 임베디드 하드웨어·소프트웨어, 모델링 기술, 자율주행 풀스택(Full Stack) 기술을 기반으로 EV 및 자율주행 분야의 300여 개 기업, 3,000여 명의 고객에게 맞춤형 솔루션을 제공하며 매년 빠르게 성장하고 있습니다.
또한 독일 Vector, 중국 Robosense 등 글로벌 기업과의 긴밀한 파트너십을 이어오고 있으며, 2023년에는 미국 LA에 현지 사무소를 개소하며 본격적으로 해외 시장에도 진출하고 있습니다.
직원들이 꼽는 에이스웍스의 키워드는
‘수평적인 조직문화’, ‘자율적인 분위기’, ‘실력 있고 열정적인 친절한 동료들’, ‘역량을 마음껏 키울 수 있는 곳’
입니다.
에이스웍스코리아는
[벤처기업] [기술혁신형 중소기업] [고용노동부 강소기업] [서울형 강소기업] [하이서울기업] 등 다양한 인증을 획득한 일하기 좋은 기업이며,
병역특례 지정업체로 석사 이상은 전문연구요원으로 복무할 수 있습니다.
*에이스웍스 기업소개영상
https://www.youtube.com/watch?v=S4shujCuU8g
*에이스웍스-한양대-LG유플러스 자율주차 공개 시연
https://www.youtube.com/watch?v=PZ2YTFGdEH8
http://aceworks.ai
이런 업무를 해요
ㆍ연구개발 목적 차량 개조: 일반 차량을 자율주행 연구용 차량으로 개조하는 전반적인 하드웨어 작업
ㆍ자율주행 모듈 설치: 자율주행에 필요한 각종 센서(LiDAR, Camera 등)와 제어 장치(Actuator), 컴퓨팅 모듈 등 설치
ㆍ전장 배선 작업: 차량 내부의 전원 공급 및 신호 전달을 위한 배선 작업(Harnessing)
ㆍ차량 시험 지원: 개조된 차량의 하드웨어 상태 점검, 시험 운행 시 필요한 하드웨어 지원 및 결과 보고서 작성
이런 분들을 찾고 있어요
ㆍ학력 : 학력무관
ㆍ자동차/기계/전장 관렵 업무 경험자
ㆍ차량 구조 및 전기배선에 대한 이해
ㆍ자차 출퇴근 가능자
이런 분이면 더 좋아요
ㆍ전장 하네스 제작 또는 배선 작업 경험
ㆍ3D 설계 툴(SOLIDWORKS, CATIA 등) 활용 경험
ㆍ특수 차량 개조 관련 프로젝트 경험
ㆍ자작자동차 제작 경험
ㆍ전장 하네스 제작 또는 배선 작업 경험
ㆍ협업 및 현장 대응 능력
이런 기술이 필요해요
운전면허
이런 조건에서 근무할 예정이에요
ㆍ고용 형태 : 정규직(수습 3개월)
ㆍ근무지 주소 : 경기 용인시 처인구 모현읍 초부로106번길 13-5 (초부리)
지도보기
함께하면 이런 점들이 좋아요
[쾌적한 근무환경]
ㆍ유연근무제 (출퇴근시간 선택)
ㆍ강남권 : 역삼역-선릉역
ㆍ원두커피와 과자, 음료수 등 간식 무제한 제공
ㆍ라운지, 수면실, 샤워실, 옥상쉼터 등 편안한 휴식공간
ㆍ외부주차장 월정기권 지원
ㆍ전동킥보드 월정기권 지원
[건강/가족지원]
ㆍ전직원 종합건강검진 지원
ㆍ직원 상해보험 가입
ㆍ매월 의료인 건강상담
ㆍ경조사 지원 (휴가, 화환, 경조금)
ㆍ명절(설, 추석) 선물
ㆍ어버이날 직원 부모님께 선물
[휴가 지원]
ㆍ회사 리조트 지원 (마리나베이호텔)
ㆍ휴가비 지원(근로자 휴가지원 사업 참여)
ㆍ여기어때 비즈니스 회원
ㆍ자유로운 연차사용
ㆍ리프레쉬 휴가
[자기계발 지원]
ㆍ직무능력향상을 위한 교육 전액 지원
ㆍ해외세미나 참가 지원
ㆍ직무관련 도서비 전액 지원
ㆍ특허 출원 및 등록 시 포상금
ㆍ신입사원 1:1 멘토링 제도 운영
ㆍ운전면허 취득 시 학원비 지원
[기타 복지]
ㆍ장기근속자 포상 (리프레쉬 휴가, 포상금)
ㆍ생일에 축하금과 간식비
ㆍ인재 추천 시 푸짐한 포상금
ㆍ업무에 자차사용시 유류비 지원
합류 여정은 이렇게 진행돼요
ㆍ 서류전형 →  실무·임원면접 → 채용검진 → 최종합격    (상황에 따라 실무면접이 별도로 진행될 수 있습니다.)
ㆍ면접일정은 추후 통보됩니다.
지원 시 유의해주세요
허위사실이 발견될 경우 채용이 취소될 수 있습니다.","기업 정보
기업정보 더보기
사원수
51 ~ 300명 이하
기업구분
중소기업 (비상장)
산업(업종)
전기·전자·제어
지도보기
위치
서울 강남구 언주로81길 13 (역삼동) 진일빌딩 5층","{
  ""@context"": ""https://schema.org"",
  ""@type"": ""JobPosting"",
  ""title"": ""자율주행차 개조 엔지니어 (용인 근무)"",
  ""description"": ""㈜에이스웍스코리아 에서 정규직 경력무관 채용을 진행합니다. 근무지는 경기 용인시 처인구 모현읍 초부로106번길 13-5 (초부리)이며, 자세한 조건은 공고를 통해 확인할 수 있습니다."",
  ""datePosted"": ""2026-05-04"",
  ""validThrough"": ""2026-05-31T23:59"",
  ""employmentType"": ""FULL_TIME"",
  ""experienceRequirements"": ""경력무관"",
  ""educationRequirements"": ""학력무관"",
  ""directApply"": true,
  ""hiringOrganization"": {
    ""@type"": ""Organization"",
    ""name"": ""㈜에이스웍스코리아 ""
  },
  ""jobLocation"": {
    ""@type"": ""Place"",
    ""address"": {
      ""@type"": ""PostalAddress"",
      ""streetAddress"": ""경기 용인시 처인구 모현읍 초부로106번길 13-5 (초부리) ""
    }
  },
  ""baseSalary"": {
    ""@type"": ""MonetaryAmount"",
    ""currency"": ""KRW"",
    ""value"": {
      ""@type"": ""QuantitativeValue"",
      ""unitText"": ""YEAR"",
      ""minValue"": 35000000,
      ""maxValue"": 80010000
    }
  },
  ""identifier"": {
    ""@type"": ""PropertyValue"",
    ""name"": ""JobKorea"",
    ""value"": ""49100088""
  },
  ""url"": ""https://www.jobkorea.co.kr/Recruit/GI_Read/49100088""
}",success,
,https://www.jobkorea.co.kr/Recruit/GI_Read/49100089,,,,fail,HTTP status code 404
㈜잇올,https://www.jobkorea.co.kr/Recruit/GI_Read/49100090,"Web/App 서비스 기획자
이런 일을 해요
- 잇올 전사의 핵심 인프라인 LMS 시스템과 패밀리 웹/앱 서비스를 운영 및 고도화하며, 사용자 트래픽 분석을 통해 디지털 환경의 질적 성장을 리딩합니다.
- 잇올의 미래 먹거리가 될 IT 신사업의 서비스 모델링부터 상세 기획(PRD, 스토리보드)까지 프로젝트 전반을 주도하고, 기획/디자인/개발 등 직무별 담당자들과 유기적으로 협력합니다.
- 비즈니스 요구사항을 논리적인 기획 문서로 구조화하여 이사진 보고 및 의사결정을 지원하며, Slack 및 Jira와 같은 협업 툴을 활용해 프로젝트의 일관성을 유지합니다.
이런 분이 Fit해요
- 6년~12년 내외의 서비스 기획 경력을 보유하신 분으로, 특히 디지털 프로덕트에 대한 깊은 이해를 바탕으로 UX 디자인 설계 및 UX Writing을 통한 인터페이스 최적화 역량을 갖추신 분을 찾습니다.
- 다양한 이해관계자 사이에서 감정적이지 않고 논리적인 근거로 상대방을 설득할 수 있으며, 온화하면서도 유연한 커뮤니케이션으로 프로젝트를 조율할 수 있는 분이어야 합니다.
- 운영, 마케팅, 개발 등 타 부서와 원활한 협의를 위해 IT 프로젝트 제반 지식을 갖추고 있으며, 복잡한 정책을 명확한 문서로 정의할 수 있는 탄탄한 실무력을 보유하신 분을 선호합니다.
이런 분이면 더욱 좋아요
- 에듀테크 도메인 경험자로서 LMS, 회원관리 어플리케이션 등 다중 트래픽 플랫폼 비즈니스를 성공적으로 운영하거나 디벨롭해 본 경험이 있으신 분은 더욱 환영합니다.
- 교육학, 디자인학, 산업공학, UX/HCI 또는 컴퓨터공학 등 관련 전공자로서 잇올의 고객 또는 프로젝트에 대해 제반 이해를 갖추신 분을 우대하며, 팀 내 중간 관리자 이상의 역할을 수행하며 멤버 리딩 및 프로세스 개선을 주도해 본 경험이 있으신 분을 우대합니다.
- PMP, ADsP, SQLD 등 프로젝트 관리 및 데이터 분석 자격을 보유하여, 지표에 기반한 의사결정과 체계적인 프로젝트 매니지먼트가 가능하신 분을 기대합니다.
근무조건
- 정규직 채용 건이며 3개월간 수습기간이 있어요(수습기간에도 급여는 100%지급 됩니다)
- 급여는 면접 시 협의되며, 잇올은 항상 열린 마음으로 급여 협상에 임하고 있어요
- 근무시간은 월~금 09:00~18:00시 이며, 상황에 따라 유연 근무제도 가능해요
- 근무장소는 강남역 인근 잇올 본사에서 근무를 합니다(서울시 서초구 사임당로 143)
채용 프로세스
* 지원서 및 제출서류를 허위로 기재하는 경우, 합격이 취소됩니다.
재지원 가능!
잇올은 지원자 분들이 보내 주시는 무한 관심에
언제든지 열려 있습니다.
문의사항 :
recruit@itall.com","모집요강
모집분야
Web/App 서비스 기획자
모집인원
○○
명
고용형태
정규직
(수습 3개월)
급여
회사 내규에 따름 (면접 후 결정)
근무시간
주5일(월~금)
09:00 ~ 18:00
근무지주소
서울 서초구 사임당로 143 (서초동, Cross143) 5층 (주)잇올
지도보기
인근지하철

지원자격
경력
경력
(6년이상)
학력
대졸이상
우대조건
기본우대
유관업무 경력자, 대기업 근무 경험자

접수기간 · 방법
마감일은 기업의 사정으로 인해 조기 마감 또는 변경될 수 있습니다

기업 정보
기업정보 더보기
사원수
301 ~ 500명 이하
기업구분
중소기업 (비상장)
산업(업종)
-
지도보기
위치
서울 서초구 사임당로 143 (서초동, Cross143) 5층 (주)잇올","{
  ""@context"": ""https://schema.org"",
  ""@type"": ""JobPosting"",
  ""title"": ""[잇올 본사] Web/App 서비스 기획자 채용"",
  ""description"": ""㈜잇올에서 정규직 경력 채용을 진행합니다. 근무지는 서울 서초구 사임당로 143 (서초동, Cross143)이며, 자세한 조건은 공고를 통해 확인할 수 있습니다."",
  ""datePosted"": ""2026-05-04"",
  ""validThrough"": ""2026-06-03T23:59"",
  ""employmentType"": ""FULL_TIME"",
  ""experienceRequirements"": ""경력"",
  ""educationRequirements"": ""대졸 이상"",
  ""directApply"": true,
  ""hiringOrganization"": {
    ""@type"": ""Organization"",
    ""name"": ""㈜잇올""
  },
  ""jobLocation"": {
    ""@type"": ""Place"",
    ""address"": {
      ""@type"": ""PostalAddress"",
      ""streetAddress"": ""서울 서초구 사임당로 143 (서초동, Cross143) 5층 (주)잇올""
    }
  },
  ""identifier"": {
    ""@type"": ""PropertyValue"",
    ""name"": ""JobKorea"",
    ""value"": ""49100090""
  },
  ""url"": ""https://www.jobkorea.co.kr/Recruit/GI_Read/49100090""
}",success,
㈜엠케이스페스,https://www.jobkorea.co.kr/Recruit/GI_Read/49100091,"㈜엠케이스페스
온라인 AMD 채용
(주)엠케이스페스는 2008년에 설립된 회사로서 매출액 40억원, 임직원 30여명의 규모의 중소기업입니다. 저희의 브랜드는 미니스피어싱이며, 악세사리 제조 및 유통사업을 진행하고 있습니다.
포지션 및 자격요건
브랜드 마케터 경력자 채용
( 1명 )
담당업무
1. 자사몰 운영 지원
- 카페24, 쇼피파이 상품 등록 및 재고관리, 진열관리
2. 자사몰 및 직영매장 SNS 운영 및 관리
- SNS 광고 기획 및 운영
- 온오프 이벤트, 프로모션 기획
3.광고기획
- 온오프라인 광고 컨텐츠 기획
- 검색 최적화(SEO/GEO) 분석
- 네이버 / 구글 광고 기획 및 운영
- 광고 성과분석
핵심역량
ㆍ
계획성,
성실성, 꼼꼼함, 협동심, 성장지향성
자격요건
- 학력 : 초대졸이상
- 경력 : 2년이상
- 오피스 중급이상 (엑셀, 한글 등)
우대사항
- 마케팅 트랜드 민감하며, 책임감 있고 능동적이며, 소통이 원할하신 분
- 마케팅 운영을 위한 툴, 데이터분석툴
-.퍠션, 쥬얼리 악세사리 관련 경력
- 영어 및 일본어 능통자
ㆍ컴퓨터활용능력 우수자
ㆍ포토샵 능숙자
ㆍ유관업무 경력자 (3년~)
전형절차
ㆍ서류전형 > 1차면접 > 2차면접 > 임원면접 > 최종합격
ㆍ면접일정은 추후 통보됩니다.
유의사항
ㆍ허위사실이 발견될 경우 채용이 취소될 수 있습니다.","모집요강
모집분야
브랜드 마케팅,SNS,AMD경력자
모집인원
1
명
고용형태
정규직
(수습 3개월)
,
인턴
급여
회사 내규에 따름 (면접 후 결정)
근무시간
주5일(월~금)
09:00 ~ 18:00
근무지주소
경기 안양시 동안구 시민대로 401 (관양동, 대륭테크노타운15차) 1803
지도보기
인근지하철

지원자격
경력
신입·경력
학력
초대졸이상
핵심역량
계획성
,
성실성
,
꼼꼼함
,
협동심
,
성장지향성
우대조건
기본우대
영어가능자, 일본어가능자, 컴퓨터활용능력 우수자, 포토샵 능숙자, 유관업무 경력자(5년)

접수기간 · 방법
마감일은 기업의 사정으로 인해 조기 마감 또는 변경될 수 있습니다

기업 정보
기업정보 더보기
사원수
50명 이하
기업구분
중소기업 (비상장)
산업(업종)
통신.방송장비 및 부품 도매업
지도보기
위치
경기 안양시 동안구 시민대로 401 (관양동, 대륭테크노타운15차) 1803","{
  ""@context"": ""https://schema.org"",
  ""@type"": ""JobPosting"",
  ""title"": ""온라인 AMD 채용합니다"",
  ""description"": ""㈜엠케이스페스에서 정규직 신입·경력 채용을 진행합니다. 근무지는 경기 안양시 동안구 시민대로 401 (관양동, 대륭테크노타운15차)이며, 자세한 조건은 공고를 통해 확인할 수 있습니다."",
  ""datePosted"": ""2026-05-04"",
  ""validThrough"": ""2026-05-11T23:59"",
  ""employmentType"": [
    ""FULL_TIME"",
    ""INTERN""
  ],
  ""experienceRequirements"": ""신입·경력"",
  ""educationRequirements"": ""초대졸 이상"",
  ""directApply"": true,
  ""hiringOrganization"": {
    ""@type"": ""Organization"",
    ""name"": ""㈜엠케이스페스""
  },
  ""jobLocation"": {
    ""@type"": ""Place"",
    ""address"": {
      ""@type"": ""PostalAddress"",
      ""streetAddress"": ""경기 안양시 동안구 시민대로 401 (관양동, 대륭테크노타운15차) 1803""
    }
  },
  ""identifier"": {
    ""@type"": ""PropertyValue"",
    ""name"": ""JobKorea"",
    ""value"": ""49100091""
  },
  ""url"": ""https://www.jobkorea.co.kr/Recruit/GI_Read/49100091""
}",success,
하나증권㈜,https://www.jobkorea.co.kr/Recruit/GI_Read/49100092,"하나증권㈜
Private Equity실 경력직 채용
포지션 및 자격요건
PE 투자 운용
(시니어)
담당업무
ㆍ기존 블라인드 펀드 신규 투자 딜소싱 및 투자검토
ㆍ기존 블라인드 펀드 투자기업 사후관리
ㆍ신규 블라인드/프로젝트 펀드 결성
ㆍ출자자 관리
기본사항
ㆍ4년제 학사 학위 이상 보유자
ㆍPE/IB/회계법인 등에서 다수의 딜 경험 보유자(합산 경력 10년 이상, PE 경력 3년 이상)
ㆍ본인 주도로 딜소싱, 투자검토 및 집행, 사후관리 및 회수 경험 보유자
ㆍ관련 규정상, 채용결격 사유 없는 자
우대사항
ㆍKDB, 한국성장금융, 국민연금 등 주요출자자 참여 블라인드 펀드 결성 경험
ㆍ국내 출자자와 좋은 네트워크 보유
ㆍ CPA, CFA 등 전문 자격증 보유
기타사항
ㆍ접수기간 :
2026. 04. 30 ~ 2026. 05. 13 23:59
ㆍ접수방법 :
당사 채용 홈페이지 지원
ㆍ자세한 상세요강은 반드시 채용 홈페이지에서 직접 확인해 주시기 바랍니다.
기업 채용 홈페이지 바로가기 click","모집요강
모집분야
PE 투자 운용
모집인원
○
명
고용형태
계약직
급여
회사 내규에 따름
근무지주소
서울특별시 영등포구 의사당대로 82  (여의도동)
지도보기

지원자격
경력
경력
학력
대졸이상

접수기간 · 방법
마감일은 기업의 사정으로 인해 조기 마감 또는 변경될 수 있습니다

기업 정보
기업정보 더보기
사원수
1,001 ~ 10,000명 이하
기업구분
대기업 (-)
산업(업종)
증권 중개업
위치
서울 영등포구 의사당대로 82 (여의도동, 하나금융투 -","{
  ""@context"": ""https://schema.org"",
  ""@type"": ""JobPosting"",
  ""title"": ""Private Equity실 경력직 채용"",
  ""description"": ""하나증권㈜에서 계약직 경력 채용을 진행합니다. 근무지는 서울특별시 영등포구 의사당대로 82  (여의도동)이며, 자세한 조건은 공고를 통해 확인할 수 있습니다."",
  ""datePosted"": ""2026-04-30"",
  ""validThrough"": ""2026-05-13T23:59"",
  ""employmentType"": ""CONTRACTOR"",
  ""experienceRequirements"": ""경력"",
  ""educationRequirements"": ""대졸 이상"",
  ""directApply"": true,
  ""hiringOrganization"": {
    ""@type"": ""Organization"",
    ""name"": ""하나증권㈜""
  },
  ""jobLocation"": {
    ""@type"": ""Place"",
    ""address"": {
      ""@type"": ""PostalAddress"",
      ""streetAddress"": ""서울특별시 영등포구 의사당대로 82  (여의도동) ""
    }
  },
  ""identifier"": {
    ""@type"": ""PropertyValue"",
    ""name"": ""JobKorea"",
    ""value"": ""49100092""
  },
  ""url"": ""https://www.jobkorea.co.kr/Recruit/GI_Read/49100092""
}",success,
㈜네오티스,https://www.jobkorea.co.kr/Recruit/GI_Read/49100093,"㈜네오티스
(주)네오티스 서버엔지니어
㈜네오티스는 1992년에 설립된 회사로 자본금 10억 6,500만원, 매출액 239억, 사원수 50명 규모의 중소기업입니다. 경기 하남시 미사대로 520 (덕풍동)에 위치하고 있으며, AI 헬스뷰어 시스템, 보안관제, 클라우드 보안, 보안컨설팅, CTI, 교환기외사업을 하고 있습니다.
포지션 및 자격요건
서버 엔지니어
( 1명 )
담당업무
ㆍ
Window, Linux 시스템 관리 및 모니터링
스킬
ㆍWindow, Linux
자격요건
ㆍ학력 : 학력무관
ㆍ경력 : 경력
우대사항
ㆍ중급이상
전형절차
ㆍ서류전형 > 1차면접 > 2차면접 > 임원면접 > 최종합격
ㆍ면접일정은 추후 통보됩니다.
유의사항
ㆍ허위사실이 발견될 경우 채용이 취소될 수 있습니다.","모집요강
모집분야
서버 엔지니어
모집인원
1
명
고용형태
정규직
급여
회사 내규에 따름
근무시간
주5일(월~금)
09:00 ~ 18:00
근무지주소
서울 관악구 조원중앙로1길 26 (신림동, KT구로지사)
지도보기
인근지하철

지원자격
경력
경력
학력
학력무관
스킬

접수기간 · 방법
마감일은 기업의 사정으로 인해 조기 마감 또는 변경될 수 있습니다

기업 정보
기업정보 더보기
사원수
50명 이하
기업구분
중소기업 (비상장)
산업(업종)
솔루션·SI·CRM·ERP
지도보기
위치
서울 송파구 법원로 127 (문정동, 문정대명벨리온) 308호","{
  ""@context"": ""https://schema.org"",
  ""@type"": ""JobPosting"",
  ""title"": ""(주)네오티스 서버엔지니어"",
  ""description"": ""㈜네오티스에서 정규직 경력 채용을 진행합니다. 근무지는 서울 관악구 조원중앙로1길 26 (신림동, KT구로지사)이며, 자세한 조건은 공고를 통해 확인할 수 있습니다."",
  ""datePosted"": ""2026-05-04"",
  ""validThrough"": ""2026-06-03T23:59"",
  ""employmentType"": ""FULL_TIME"",
  ""experienceRequirements"": ""경력"",
  ""educationRequirements"": ""학력무관"",
  ""directApply"": true,
  ""hiringOrganization"": {
    ""@type"": ""Organization"",
    ""name"": ""㈜네오티스""
  },
  ""jobLocation"": {
    ""@type"": ""Place"",
    ""address"": {
      ""@type"": ""PostalAddress"",
      ""streetAddress"": ""서울 관악구 조원중앙로1길 26 (신림동, KT구로지사) ""
    }
  },
  ""identifier"": {
    ""@type"": ""PropertyValue"",
    ""name"": ""JobKorea"",
    ""value"": ""49100093""
  },
  ""url"": ""https://www.jobkorea.co.kr/Recruit/GI_Read/49100093""
}",success,
검색,https://www.jobkorea.co.kr/Recruit/GI_Read/49100094,"** 업력 30년 된 안정된 제조 중견 기업
[모집분야] 인사 총괄 임원
[주요업무]
- 인사 전략 고도화
- 글로벌 HR
- 인사 및 노무 리스크 대응
- 공시, IR 관리
[지원자격]
- 4년제 학사 이상
- 관련 경력 18년 이상
- 제조업 상장사 인사 기획 경험
- 조직 재설계 주도 경험
[계약직] 임원
[근무지] 서울
-----------
지원시, 채용사 추천용 이력서 양식을 지원자분들의 이메일 주소로 송부 드리겠습니다.
급여수준 : 면접 후 협의",,,success,
㈜리드아이디,https://www.jobkorea.co.kr/Recruit/GI_Read/49100095,"㈜리드아이디
인테리어 설계 정규직 채용
㈜리드아이디는 2011년에 설립된 회사로 중소기업입니다. 서울 송파구 석촌동에 위치하고 있으며, 코오롱LSI, 아워홈, KFC, CJ프레시웨이,현대그린푸드, 풀무원F&C, 할리스커피,사업을 하고 있습니다.
포지션 및 자격요건
인테리어 설계
( 1명 )
담당업무
ㆍ상세내용을 입력하세요
ㆍ상세내용을 입력하세요
자격요건
ㆍ학력 : 초대졸이상
ㆍ경력 : 경력
우대사항
ㆍ상세내용을 입력하세요
ㆍ상세내용을 입력하세요
전형절차
ㆍ서류전형 > 1차면접 > 2차면접 > 임원면접 > 최종합격
ㆍ면접일정은 추후 통보됩니다.
유의사항
ㆍ허위사실이 발견될 경우 채용이 취소될 수 있습니다.","모집요강
모집분야
인테리어 설계
모집인원
○
명
고용형태
정규직
급여
회사 내규에 따름 (면접 후 결정)
근무시간
주5일(월~금)
09:00 ~ 18:00
근무지주소
서울 송파구 석촌동 291-20 트레비타워 1,2층
지도보기
인근지하철

지원자격
경력
경력
학력
초대졸이상

접수기간 · 방법
마감일은 기업의 사정으로 인해 조기 마감 또는 변경될 수 있습니다

기업 정보
기업정보 더보기
사원수
50명 이하
기업구분
중소기업 (비상장)
산업(업종)
인테리어·자재
지도보기
위치
서울 송파구 석촌동 291-20 트레비타워 1,2층","{
  ""@context"": ""https://schema.org"",
  ""@type"": ""JobPosting"",
  ""title"": ""인테리어 설계 정규직 채용"",
  ""description"": ""㈜리드아이디에서 정규직 경력 채용을 진행합니다. 근무지는 서울 송파구 석촌동이며, 자세한 조건은 공고를 통해 확인할 수 있습니다."",
  ""datePosted"": ""2026-05-04"",
  ""validThrough"": ""2026-05-15T23:59"",
  ""employmentType"": ""FULL_TIME"",
  ""experienceRequirements"": ""경력"",
  ""educationRequirements"": ""초대졸 이상"",
  ""directApply"": true,
  ""hiringOrganization"": {
    ""@type"": ""Organization"",
    ""name"": ""㈜리드아이디""
  },
  ""jobLocation"": {
    ""@type"": ""Place"",
    ""address"": {
      ""@type"": ""PostalAddress"",
      ""streetAddress"": ""서울 송파구 석촌동 291-20 트레비타워 1,2층""
    }
  },
  ""identifier"": {
    ""@type"": ""PropertyValue"",
    ""name"": ""JobKorea"",
    ""value"": ""49100095""
  },
  ""url"": ""https://www.jobkorea.co.kr/Recruit/GI_Read/49100095""
}",success,
하우투디자인,https://www.jobkorea.co.kr/Recruit/GI_Read/49100096,"하우투디자인
[하우투디자인]
실내 인테리어 디자이너 정규직 채용
안녕하세요. (주)하우투디자인입니다.
본사는 동작구 상도동에 위치해 있으며, 사세 확장으로 인한 디자인팀을 추가 채용합니다.
우리나라 주거 디자인을 위한 하우투디자인에서 나만의 디자인을 펼쳐보실 분을 모집합니다.
하우투디자인의 디자인팀은 오랜 연차와 장기근속년수로 함께 배우며 성장하고 있으며,
고객 만족도가 매우 높으며 직원 상호간 존중하는 회사 문화를 갖고 있습니다.
숙련된 현장팀과의 협업으로 고급 마감 디테일을 진행 할 수 있으며
서로 존중하며 재밌고 밝게 일하는 사무실 분위기로 항상 즐겁게 근무하고 있습니다.
체계적인 시스템에서 디자이너 개인의 능력을 펼칠 수 있도록 아낌없이 지원하고 있으니
많은 지원 부탁드립니다.
모집분야 및 자격요건
인테리어디자인
( ○명 )
담당업무
ㆍ실내 인테리어 디자인 작업
ㆍ클라이언트 미팅 및 디자인 제안
ㆍ주거인테리어에 관심이 있고 열의가 있으신분
자격요건
ㆍ학력 : 초대졸이상
ㆍ경력 : 경력1년↑
우대사항
ㆍ관련학과 우대, 유관업무 경력 우대
ㆍ스케치업, 일러스트, 포토샵 능숙자
ㆍ자격증 : 실내건축기능사, 실내건축기사
전형절차
ㆍ서류전형 > 1차면접 > 2차면접 > 임원면접 > 최종합격
ㆍ면접일정은 추후 통보됩니다.
유의사항
ㆍ허위사실이 발견될 경우 채용이 취소될 수 있습니다.","모집요강
모집분야
인테리어 디자이너
모집인원
○
명
고용형태
정규직
(수습 3개월)
급여
회사 내규에 따름 (면접 후 결정)
근무시간
주5일(월~금)
09:00 ~ 18:00
근무지주소
서울 동작구 상도로 338 (상도동, 영화빌딩) 1층 하우투디자인
지도보기
인근지하철

지원자격
경력
경력
(1년이상)
학력
초대졸이상
우대조건
기본우대
인근거주자, 운전가능자, 유관업무 경험자(인턴·알바), 관련 자격증 보유자

접수기간 · 방법
마감일은 기업의 사정으로 인해 조기 마감 또는 변경될 수 있습니다

기업 정보
기업정보 더보기
사원수
50명 이하
기업구분
중소기업 (비상장)
산업(업종)
인테리어·자재
지도보기
위치
서울 동작구 상도로 338 (상도동, 영화빌딩) 1층 하우투디자인","{
  ""@context"": ""https://schema.org"",
  ""@type"": ""JobPosting"",
  ""title"": ""[(주)하우투디자인] 실내 인테리어 디자이너 정규직 채용"",
  ""description"": ""하우투디자인에서 정규직 경력 채용을 진행합니다. 근무지는 서울 동작구 상도로 338 (상도동, 영화빌딩)이며, 자세한 조건은 공고를 통해 확인할 수 있습니다."",
  ""datePosted"": ""2026-05-04"",
  ""validThrough"": ""2026-06-03T23:59"",
  ""employmentType"": ""FULL_TIME"",
  ""experienceRequirements"": ""경력"",
  ""educationRequirements"": ""초대졸 이상"",
  ""directApply"": true,
  ""hiringOrganization"": {
    ""@type"": ""Organization"",
    ""name"": ""하우투디자인""
  },
  ""jobLocation"": {
    ""@type"": ""Place"",
    ""address"": {
      ""@type"": ""PostalAddress"",
      ""streetAddress"": ""서울 동작구 상도로 338 (상도동, 영화빌딩) 1층 하우투디자인""
    }
  },
  ""identifier"": {
    ""@type"": ""PropertyValue"",
    ""name"": ""JobKorea"",
    ""value"": ""49100096""
  },
  ""url"": ""https://www.jobkorea.co.kr/Recruit/GI_Read/49100096""
}",success,
㈜스탠다드브릿지,https://www.jobkorea.co.kr/Recruit/GI_Read/49100097,"19년 연
속 업계 1위 달성 기업!!!
㈜스탠다드브릿지
프랜차이즈 가맹상담 /
영업 /
점포개발  /
브랜드기획
의
열정있으신분 모십니다.
-
㈜스탠다드브릿지는 2019년 설립된 회사로,
프랜차이즈 인큐베이팅 부분 18년 연속 업계 1위 달성기업!!!!
서울 강남구 논현로2길 39
(개포동)에 위치하고 있으며,
프랜차이즈 인큐베이팅 전문 사업을 하고 있습니다.
-
1. 프랜차이즈 인큐베이팅 18년 연속 1등 기
업
2. 직원 80%이상 억대 연봉
자
3. 학력무관, 경력무
관, 성별무관
4. 브랜드기획, 마케팅, 영업등 내 손으로 브랜드를 만들어 나갈
연봉10억대에
도전할  창의적인 인재를 찾습니다.
모집분야 및 자격요건
모집분야 및 자격요건
모집분야
담당업무
자격요건
모집인원
프랜차이즈
가맹사업부
가맹개설
가맹상담
가맹계약서작성
점포개발
프랜차이즈 기획
학력: 학력무관
경력: 경력무관
*
차량소지자 *
[우대조건]
유관업무 경력자
프랜차이즈에 열정과 영업에 자신 있는분
2명
근무조건
근무형태 :  프리랜서(근무기간:협의)
근무지 : 서울 > 강남구 | 서울 > 서초구
근무요일 : 주5일
급여 : 기본-연봉4,000만원~1억5,000만원회사내규에 따름(면접 후 결정)
전형절차
서류전형
>
1차면접
>
최종합격
※ 면접일정은 추후 통보됩니다.
접수방법
접수방법 : 잡코리아 접수
이력서 : 잡코리아이력서
제출서류
이력서, 자기소개서 제출
기타사항
허위사실이 발견될 경우 채용이 취소될 수 있습니다.
㈜스탠다드브릿지
취업 준비의 시작은
에서!","모집요강
모집분야
프랜차이즈 개발
모집인원
○
명
고용형태
프리랜서
직급/직책
급여
연봉 4,000~15,000만원 (면접 후 결정)
근무시간
주5일(월~금)
근무지주소
서울 강남구 논현로2길 39 (개포동) 2층
지도보기

지원자격
경력
경력무관
학력
학력무관
우대조건
기본우대
차량소지자, 유관업무 경력자, 프랜차이즈에 열정과 영업에 자신 있는분

접수기간 · 방법
마감일은 기업의 사정으로 인해 조기 마감 또는 변경될 수 있습니다

기업 정보
기업정보 더보기
사원수
50명 이하
기업구분
중소기업 (비상장)
산업(업종)
음식료·외식·프랜차이즈
지도보기
위치
서울 강남구 논현로2길 39 (개포동) 2층","{
  ""@context"": ""https://schema.org"",
  ""@type"": ""JobPosting"",
  ""title"": ""프랜차이즈 가맹영업 / 점포개발"",
  ""description"": ""㈜스탠다드브릿지에서  경력무관 채용을 진행합니다. 근무지는 서울 강남구 논현로2길 39 (개포동)이며, 자세한 조건은 공고를 통해 확인할 수 있습니다."",
  ""datePosted"": ""2026-05-04"",
  ""validThrough"": ""2026-06-03T23:59"",
  ""employmentType"": ""CONTRACTOR"",
  ""experienceRequirements"": ""경력무관"",
  ""educationRequirements"": ""학력무관"",
  ""directApply"": true,
  ""hiringOrganization"": {
    ""@type"": ""Organization"",
    ""name"": ""㈜스탠다드브릿지""
  },
  ""jobLocation"": {
    ""@type"": ""Place"",
    ""address"": {
      ""@type"": ""PostalAddress"",
      ""streetAddress"": ""서울 강남구 논현로2길 39 (개포동) 2층""
    }
  },
  ""baseSalary"": {
    ""@type"": ""MonetaryAmount"",
    ""currency"": ""KRW"",
    ""value"": {
      ""@type"": ""QuantitativeValue"",
      ""unitText"": ""YEAR"",
      ""minValue"": 40000000,
      ""maxValue"": 150010000
    }
  },
  ""identifier"": {
    ""@type"": ""PropertyValue"",
    ""name"": ""JobKorea"",
    ""value"": ""49100097""
  },
  ""url"": ""https://www.jobkorea.co.kr/Recruit/GI_Read/49100097""
}",success,
오니트㈜,https://www.jobkorea.co.kr/Recruit/GI_Read/49100098,오니트㈜,"모집요강
모집분야
문화기획
모집인원
○
명
고용형태
정규직
급여
회사 내규에 따름 (면접 후 결정)
근무시간
주5일(월~금)
10:00 ~ 19:00
탄력근무제
근무지주소
서울 마포구 와우산로30길 18 (창전동) 경계의 꽃 빌딩 2층
지도보기
인근지하철

지원자격
경력
신입·경력
(3년이상)
학력
학력무관

접수기간 · 방법
마감일은 기업의 사정으로 인해 조기 마감 또는 변경될 수 있습니다

기업 정보
기업정보 더보기
사원수
50명 이하
기업구분
중소기업 (비상장)
산업(업종)
광고·홍보·전시
지도보기
위치
서울 마포구 와우산로30길 18 (창전동) 포스트비주얼 빌딩 2층","{
  ""@context"": ""https://schema.org"",
  ""@type"": ""JobPosting"",
  ""title"": ""오니트에서 신입 및 경력(3년이상) 문화기획/운영 담당자를 모집합니다."",
  ""description"": ""오니트㈜에서 정규직 신입·경력 채용을 진행합니다. 근무지는 서울 마포구 와우산로30길 18 (창전동)이며, 자세한 조건은 공고를 통해 확인할 수 있습니다."",
  ""datePosted"": ""2026-05-04"",
  ""validThrough"": ""2026-06-03T23:59"",
  ""employmentType"": ""FULL_TIME"",
  ""experienceRequirements"": ""신입·경력"",
  ""educationRequirements"": ""학력무관"",
  ""directApply"": true,
  ""hiringOrganization"": {
    ""@type"": ""Organization"",
    ""name"": ""오니트㈜""
  },
  ""jobLocation"": {
    ""@type"": ""Place"",
    ""address"": {
      ""@type"": ""PostalAddress"",
      ""streetAddress"": ""서울 마포구 와우산로30길 18 (창전동) 경계의 꽃 빌딩 2층""
    }
  },
  ""identifier"": {
    ""@type"": ""PropertyValue"",
    ""name"": ""JobKorea"",
    ""value"": ""49100098""
  },
  ""url"": ""https://www.jobkorea.co.kr/Recruit/GI_Read/49100098""
}",success,
유한회사 바이오파마코리아,https://www.jobkorea.co.kr/Recruit/GI_Read/49100099,"유한회사 바이오파마코리아
의료기기 GMP 제조소 담당자 구인
유한회사 바이오파마코리아는 2015년에 설립된 회사로 자본금 10억원, 매출액 230억, 사원수 15명 규모의 중소기업입니다. 서울 강남구 봉은사로68길 11 (삼성동)에 위치하고 있으며, 의약품, 의료기기, 화장품 도소매 및 무역사업을 하고 있습니다.
포지션 및 자격요건
의료기기 GMP 제조소 담당자
( 2명 )
공무 담당자(1명)
담당업무
ㆍ유틸리티(전기, 보일러, 공조기, 용수) 운영 및 유지 보수
ㆍ소방, 방충방서 및 외주 관리
ㆍ생산 장비 유지 보수
ㆍGMP 문서 제개정
품질 담당자(1명)
담당업무
ㆍPQ setting 및 유지 관리
ㆍ원/부자재 품질(미생물, 이화학) 관리
ㆍ제품 생산 및 품질 이슈 대응
ㆍISO 13485 및 GMP 문서 관리
스킬
ㆍGMP, 운전면허
핵심역량
ㆍ
성실성,
꼼꼼함,
계획성, 성취지향성, 협동심
자격요건
ㆍ학력 : 초대졸이상
ㆍ경력 : 경력3년↑
우대사항
ㆍ관련 자격증 소지자(전기, 소방, 환경 등)
ㆍ관련 학과 전공자
ㆍ유관업무 경력자 (3년)
ㆍ인근거주자
ㆍ즉시출근 가능자
ㆍ장기근무 가능자
ㆍ기숙사 생활가능자
ㆍ지방근무 가능자
전형절차
ㆍ서류전형 > 1차면접 >  최종합격
ㆍ면접일정은 추후 통보됩니다.
유의사항
ㆍ허위사실이 발견될 경우 채용이 취소될 수 있습니다.","모집요강
모집분야
의료기기 GMP 제조소 담당자
모집인원
2
명
고용형태
정규직
(수습 3개월)
급여
회사 내규에 따름 (면접 후 결정)
근무시간
주5일(월~금)
09:30 ~ 18:30
근무지주소
충북 제천시 제2바이오밸리로2길 39 (왕암동)
지도보기

지원자격
경력
경력
(3년이상)
학력
초대졸이상
스킬
핵심역량
성실성
,
꼼꼼함
,
협동심
,
성취지향성
,
계획성
우대조건
기본우대
인근거주자, 지방근무 가능자, 관련 학과 전공자, 유관업무 경력자(3년), 기숙사 생활가능자, 즉시출근 가능자, 장기근무 가능자

접수기간 · 방법
마감일은 기업의 사정으로 인해 조기 마감 또는 변경될 수 있습니다

기업 정보
기업정보 더보기
사원수
50명 이하
기업구분
중소기업 (비상장)
산업(업종)
제약·보건·바이오
지도보기
위치
서울 강남구 봉은사로68길 11 (삼성동) 3층","{
  ""@context"": ""https://schema.org"",
  ""@type"": ""JobPosting"",
  ""title"": ""의료기기 GMP 제조소 담당자 구인"",
  ""description"": ""유한회사 바이오파마코리아에서 정규직 경력 채용을 진행합니다. 근무지는 충북 제천시 제2바이오밸리로2길 39 (왕암동)이며, 자세한 조건은 공고를 통해 확인할 수 있습니다."",
  ""datePosted"": ""2026-05-04"",
  ""validThrough"": ""2026-06-03T23:59"",
  ""employmentType"": ""FULL_TIME"",
  ""experienceRequirements"": ""경력"",
  ""educationRequirements"": ""초대졸 이상"",
  ""directApply"": true,
  ""hiringOrganization"": {
    ""@type"": ""Organization"",
    ""name"": ""유한회사 바이오파마코리아""
  },
  ""jobLocation"": {
    ""@type"": ""Place"",
    ""address"": {
      ""@type"": ""PostalAddress"",
      ""streetAddress"": ""충북 제천시 제2바이오밸리로2길 39 (왕암동) ""
    }
  },
  ""identifier"": {
    ""@type"": ""PropertyValue"",
    ""name"": ""JobKorea"",
    ""value"": ""49100099""
  },
  ""url"": ""https://www.jobkorea.co.kr/Recruit/GI_Read/49100099""
}",success,
㈜나노신소재,https://www.jobkorea.co.kr/Recruit/GI_Read/49100100,,"모집요강
모집분야
국내 및 중화권 첨단소재 기술영업
모집인원
1
명
고용형태
정규직
(수습 3개월)
직급/직책
급여
회사 내규에 따름 (면접 후 결정)
근무시간
주5일(월~금)
근무지주소
대전 유성구 테크노중앙로 243-2 (탑립동, (주)나노신소재)
지도보기

지원자격
경력
신입·경력
(1년이상)
학력
대졸이상
스킬
핵심역량
계획성
,
성실성
,
꼼꼼함
,
협동심
,
성장지향성
우대조건
기본우대
영어가능자

접수기간 · 방법
마감일은 기업의 사정으로 인해 조기 마감 또는 변경될 수 있습니다

기업 정보
기업정보 더보기
사원수
301 ~ 500명 이하
기업구분
중소기업 (코스닥)
산업(업종)
그 외 기타 분류 안된 화학제품 제조업
지도보기
위치
세종   부강면 금호리 244

복리후생
기타 복리후생
회의실, 야근강요 안함, 사원증, 콘도/리조트 이용권, 회식강요 안함, 사무용품 지급, 산전 후 휴가, 사택제공","{
  ""@context"": ""https://schema.org"",
  ""@type"": ""JobPosting"",
  ""title"": ""(주)나노신소재 국내 및 중화권 첨단소재 기술영업 채용"",
  ""description"": ""㈜나노신소재에서 정규직 신입·경력 채용을 진행합니다. 근무지는 대전 유성구 테크노중앙로 243-2 (탑립동, (주)나노신소재)이며, 자세한 조건은 공고를 통해 확인할 수 있습니다."",
  ""datePosted"": ""2026-05-04"",
  ""validThrough"": ""2026-06-03T23:59"",
  ""employmentType"": ""FULL_TIME"",
  ""experienceRequirements"": ""신입·경력"",
  ""educationRequirements"": ""대졸 이상"",
  ""directApply"": true,
  ""hiringOrganization"": {
    ""@type"": ""Organization"",
    ""name"": ""㈜나노신소재""
  },
  ""jobLocation"": {
    ""@type"": ""Place"",
    ""address"": {
      ""@type"": ""PostalAddress"",
      ""streetAddress"": ""대전 유성구 테크노중앙로 243-2 (탑립동, (주)나노신소재) ""
    }
  },
  ""identifier"": {
    ""@type"": ""PropertyValue"",
    ""name"": ""JobKorea"",
    ""value"": ""49100100""
  },
  ""url"": ""https://www.jobkorea.co.kr/Recruit/GI_Read/49100100""
}",success,
㈜아이피시,https://www.jobkorea.co.kr/Recruit/GI_Read/49100101,"신촌세브란스병원
암병원 항암약물치료센터 외래 사원 모집
세브란스병원은 1885년 알렌((Dr. H.N. Allen)이 세운 우리나라 최초의 서양식 병원인 광혜원(제중원)으로 창립된 이래 우리나라 의료계를 선도하는 병원으로서 국민 건강 증진에 힘써왔습니다.
세브란스병원은 국내 최초로 진료의 전문화를 통한 의료의 질 향상을 추구하여 재활병원, 심장혈관병원, 안과병원, 어린이병원과 응급진료센터, 국제진료센터 등 전문센터와 암클리닉을 운영하고 있습니다.
또한 환자 권리장전 선포(1993), 국제의료기관평가(JCI) 인증 등 의료서비스 향상에 힘쓰고 있습니다.
우리나라 의료계의 빛이었던 세브란스병원은 창립정신인 하나님의 사랑을 실천하며, 첨단진료분야의 집중 육성으로 국제 경쟁력을 확보하고 끊임없는 교육과 연구로 의학기술 선도와 첨단
의료서비스 제공을 통한 고객 만족을 실현으로 인간사랑을 실천하고 있습니다.
모집부문 및 자격요건
모집부문
업무내용
지원자격
우대조건
업무지원
- 외래 접수 지원 및 보조
- 항암제 등 분류 및 수령, 관리
- 약물치료 전/후 세팅 및 정리
- 약물, 혈액, 소모품 등 운반/정리
- 침상 정리 및 물품 교환 등
- 기타 부서 업무 보조
- 신입 가능
- 학력 무관
- 경력 무관
- 신체 건강한 지원자
- 근무 스케줄 유연한 지원자
- 밝고 성실한 지원자
- 봉사정신 갖춘 지원자
- 유사/동종업계 경력자
근무조건
구분
상세 내용
고용형태
- 주식회사 아이피시 소속 파견직
- 계약기간 : 2026. 05. 28 ~ 2026. 08. 12 근무(업무 상황, 개인평가에 따라 연장 결정)
-
※ 본 채용 건은 병가 대체에 따른 채용 건입니다(추가 연장 가능성 높음).
근무형태
- 근무시간 : 08:00 ~ 16:00/10:00 ~ 18:00/13:00 ~ 21:00 기준 로테이션 근무(휴게시간 포함)
- 근무요일 : 주 5일 평일 근무(기본 주말, 공휴일 휴무)
-
※ 업무 상황에 따른 월 평균 1~2회 특근(주로 토요일, 공휴일 근무 등) 소화 필수.
복리후생
- 4대보험/연차/퇴직금(1년 이상 근무 시)/근무복 지급/명절선물 지급/경조사 지원 등
- 세브란스병원 본인 진료 시 의료비 50% 할인
- 수도권 주요지역 임직원 대상 무료 셔틀버스 운영
(상근 형태 근무자 이용 가능)
- 구내식당 및 프렌차이즈 카페 이용 가능(임직원 할인 적용)
- 기타 당사 내부 규정 적용
(면접비 / 생일자 상품권 지급 등)
근무지
- 서울특별시 서대문구 연세로 50-1(2호선/경의선 신촌역 부근)
급여조건
구분
상세 내용
급여
- 세금공제 전 금액(한 달 만근 기준)
- 세전 월 2,470,880원 ~ 2,594,045원(식대비 포함)
기타
- 하계휴가비 지원(근속기간에 따라 일할계산 지급)
전형일정
구분
상세 내용
1차 전형
- 온라인
지원 혹은 이력서 접수 뒤
2~3일 내 서류 합격자만 개별 연락
※ 주&월 단위 채용 현황 등에 따라 타 부서 채용 건 추가 안내 드릴 수 있습니다.
2차 전형
- 서류접수 마감 :
2026. 05. 26 12:00 까지
(대상자에 한해 개별 안내)
- 면접 : 2026. 05. 27 / 입사 : 2026. 05. 28
제출서류
입사지원서(첨부파일 참조) / 모바일 간편 지원
E-mail :
jw.jung@ipc.co.kr
모바일 간편지원
기타사항
지원 제목 : 신촌세브란스_항암약물치료센터_이름
담당자 : 정진우 실장 ☎ 010-4232-9722","모집요강
모집분야
암병원 항암약물치료센터
모집인원
○
명
고용형태
계약직
,
파견직
급여
월급 247~259만원 (면접 후 결정)
근무시간
주5일(월~금)
08:00 ~ 16:00
상세내용 참조 및 별도 안내
실근무기업
비영리단체
(비상장)
근무지주소
서울 서대문구 연세로 50-1 (신촌동, 세브란스병원)
지도보기
인근지하철

지원자격
경력
경력무관
학력
학력무관
우대조건
기본우대
인근거주자, 유관업무 경험자(인턴·알바), 2교대 근무 가능자, 3교대 근무 가능자, 유관업무 경력자, 대기업 근무 경험자, 국가(공공)기관 출신자

접수기간 · 방법
마감일은 기업의 사정으로 인해 조기 마감 또는 변경될 수 있습니다

기업 정보
기업정보 더보기
사원수
501 ~ 1,000명 이하
기업구분
중소기업 (비상장)
산업(업종)
임시 및 일용 인력 공급업
지도보기
위치
서울 강서구 마곡중앙1로 14 (마곡동, M밸리WTOWERⅣ) 5층","{
  ""@context"": ""https://schema.org"",
  ""@type"": ""JobPosting"",
  ""title"": ""[연세의료원/평일/신입/환영]신촌세브란스 항암약물치료센터 사원 모집"",
  ""description"": ""㈜아이피시에서 계약직 경력무관 채용을 진행합니다. 근무지는 서울 서대문구 연세로 50-1 (신촌동, 세브란스병원)이며, 자세한 조건은 공고를 통해 확인할 수 있습니다."",
  ""datePosted"": ""2026-05-04"",
  ""validThrough"": ""2027-05-03T15:00"",
  ""employmentType"": [
    ""CONTRACTOR"",
    ""TEMPORARY""
  ],
  ""experienceRequirements"": ""경력무관"",
  ""educationRequirements"": ""학력무관"",
  ""directApply"": true,
  ""hiringOrganization"": {
    ""@type"": ""Organization"",
    ""name"": ""㈜아이피시""
  },
  ""jobLocation"": {
    ""@type"": ""Place"",
    ""address"": {
      ""@type"": ""PostalAddress"",
      ""streetAddress"": ""서울 서대문구 연세로 50-1 (신촌동, 세브란스병원) ""
    }
  },
  ""baseSalary"": {
    ""@type"": ""MonetaryAmount"",
    ""currency"": ""KRW"",
    ""value"": {
      ""@type"": ""QuantitativeValue"",
      ""unitText"": ""MONTH"",
      ""minValue"": 2470000,
      ""maxValue"": 2600000
    }
  },
  ""identifier"": {
    ""@type"": ""PropertyValue"",
    ""name"": ""JobKorea"",
    ""value"": ""49100101""
  },
  ""url"": ""https://www.jobkorea.co.kr/Recruit/GI_Read/49100101""
}",success,
하우투디자인,https://www.jobkorea.co.kr/Recruit/GI_Read/49100102,"하우투디자인
[하우투디자인]
실내 인테리어 디자이너 정규직 채용
안녕하세요. (주)하우투디자인입니다.
본사는 동작구 상도동에 위치해 있으며, 사세 확장으로 인한 현장팀을 추가 채용합니다.
우리 나라 주거 인테리어를 위한 하우투디자인에서 나의 역량을 펼쳐보실 분을 모집합니다.
모집분야 및 자격요건
인테리어디자인
( ○명 )
담당업무
ㆍ인테리어 현장 감리
ㆍ현장 협력 업체 관리
ㆍ현장 안전 관리 및 운영에 관한 전반적인 관리
자격요건
ㆍ학력 : 초대졸이상
ㆍ경력 : 주거 인테리어 경력
ㆍ운전가능자
ㆍ
주거인테리어에 관심이 있고 열의가 있으신분
우대사항
ㆍ차량 소지자 및 운전 능숙자
ㆍ유관 업무 경력 우대
전형절차
ㆍ서류전형 > 1차면접 > 2차면접 > 임원면접 > 최종합격
ㆍ면접일정은 추후 통보됩니다.
유의사항
ㆍ허위사실이 발견될 경우 채용이 취소될 수 있습니다.","모집요강
모집분야
인테리어 현장관리 업무
모집인원
○
명
고용형태
정규직
(수습 3개월)
급여
회사 내규에 따름 (면접 후 결정)
근무시간
주5일(월~금)
08:00 ~ 17:00
근무지주소
서울 동작구 상도로 338 (상도동, 영화빌딩) 1층 하우투디자인
지도보기
인근지하철

지원자격
경력
경력무관
학력
초대졸이상
핵심역량
성실성
,
꼼꼼함
,
메타인지
,
성장지향성
,
계획성
우대조건
기본우대
인근거주자, 운전가능자, 유관업무 경험자(인턴·알바), 관련 자격증 보유자

접수기간 · 방법
마감일은 기업의 사정으로 인해 조기 마감 또는 변경될 수 있습니다

기업 정보
기업정보 더보기
사원수
50명 이하
기업구분
중소기업 (비상장)
산업(업종)
인테리어·자재
지도보기
위치
서울 동작구 상도로 338 (상도동, 영화빌딩) 1층 하우투디자인","{
  ""@context"": ""https://schema.org"",
  ""@type"": ""JobPosting"",
  ""title"": ""[(주)하우투디자인] 실내 인테리어 현장 관리 정규직 채용"",
  ""description"": ""하우투디자인에서 정규직 경력무관 채용을 진행합니다. 근무지는 서울 동작구 상도로 338 (상도동, 영화빌딩)이며, 자세한 조건은 공고를 통해 확인할 수 있습니다."",
  ""datePosted"": ""2026-05-04"",
  ""validThrough"": ""2026-06-03T23:59"",
  ""employmentType"": ""FULL_TIME"",
  ""experienceRequirements"": ""경력무관"",
  ""educationRequirements"": ""초대졸 이상"",
  ""directApply"": true,
  ""hiringOrganization"": {
    ""@type"": ""Organization"",
    ""name"": ""하우투디자인""
  },
  ""jobLocation"": {
    ""@type"": ""Place"",
    ""address"": {
      ""@type"": ""PostalAddress"",
      ""streetAddress"": ""서울 동작구 상도로 338 (상도동, 영화빌딩) 1층 하우투디자인""
    }
  },
  ""identifier"": {
    ""@type"": ""PropertyValue"",
    ""name"": ""JobKorea"",
    ""value"": ""49100102""
  },
  ""url"": ""https://www.jobkorea.co.kr/Recruit/GI_Read/49100102""
}",success,
재단법인 대성재단 뉴대성병원,https://www.jobkorea.co.kr/Recruit/GI_Read/49100103,"재단법인 대성재단 뉴대성병원
[뉴대성병원] 조리원(정규직)을 채용합니다.
포지션 및 자격요건
조리사
( ○명 )
담당업무
ㆍ병원 조리사 업무(환자식, 직원식)
자격요건
ㆍ학력 : 학력무관
ㆍ경력 : 경력2년↑
우대사항
ㆍ인근거주자
ㆍ병원 식당 업무 경험자
ㆍ유관업무 경력자 (1년)
ㆍ즉시출근 가능자
ㆍ장기근무 가능자
ㆍ자격증 : 조리사
전형절차
ㆍ서류전형 > 1차면접 > 2차면접 > 임원면접 > 최종합격
ㆍ면접일정은 추후 통보됩니다.
유의사항
ㆍ허위사실이 발견될 경우 채용이 취소될 수 있습니다.","모집요강
모집분야
조리사
모집인원
○
명
고용형태
정규직
직급/직책
급여
회사 내규에 따름 (면접 후 결정)
근무시간
스케줄 근무
06:00 ~ 18:00
스케줄 근무(문의사항 있으실 경우 연락바랍니다.)/ 오전 7:30~9:30 오후 12:30~14:30 휴게
근무지주소
경기 부천시 부흥로373번길 18 (심곡동, 부천대성병원) 뉴대성병원
지도보기
인근지하철

지원자격
경력
경력
(2년이상)
학력
학력무관
우대조건
기본우대
인근거주자, 유관업무 경험자(인턴·알바), 유관업무 경력자(1년), 즉시출근 가능자, 장기근무 가능자
자격증
조리사

접수기간 · 방법
마감일은 기업의 사정으로 인해 조기 마감 또는 변경될 수 있습니다

기업 정보
기업정보 더보기
사원수
-
기업구분
중소기업 (-)
산업(업종)
의료(병원분류별)
지도보기
위치
경기 부천시 부흥로373번길 18 (심곡동, 부천대성병원) 뉴대성병원","{
  ""@context"": ""https://schema.org"",
  ""@type"": ""JobPosting"",
  ""title"": ""[뉴대성병원] 조리원(정규직)을 채용합니다."",
  ""description"": ""재단법인 대성재단 뉴대성병원에서 정규직 경력 채용을 진행합니다. 근무지는 경기 부천시 부흥로373번길 18 (심곡동, 부천대성병원)이며, 자세한 조건은 공고를 통해 확인할 수 있습니다."",
  ""datePosted"": ""2026-05-04"",
  ""validThrough"": ""2026-06-03T23:59"",
  ""employmentType"": ""FULL_TIME"",
  ""experienceRequirements"": ""경력"",
  ""educationRequirements"": ""학력무관"",
  ""directApply"": true,
  ""hiringOrganization"": {
    ""@type"": ""Organization"",
    ""name"": ""재단법인 대성재단 뉴대성병원""
  },
  ""jobLocation"": {
    ""@type"": ""Place"",
    ""address"": {
      ""@type"": ""PostalAddress"",
      ""streetAddress"": ""경기 부천시 부흥로373번길 18 (심곡동, 부천대성병원) 뉴대성병원""
    }
  },
  ""identifier"": {
    ""@type"": ""PropertyValue"",
    ""name"": ""JobKorea"",
    ""value"": ""49100103""
  },
  ""url"": ""https://www.jobkorea.co.kr/Recruit/GI_Read/49100103""
}",success,
스킨스타,https://www.jobkorea.co.kr/Recruit/GI_Read/49100104,"스킨스타 도산점
테라피스트 경력 직원/프리랜서 구인
스킨스타는 2007년에 설립된 중소기업입니다.
서울 강남구 언주로153길 12  (신사동)에 위치하고 있으며, 프라이빗 서비스를 제공하는 프리미엄 에스테틱 샵입니다.
포지션 및 자격요건
피부미용
( ○명 )
담당업무
ㆍ피부관리 및 서비스
ㆍ체형관리 및 기기관리
근무시간
ㆍ
주5일 (월, 화, 수, 목, 금)/주말
ㆍ공휴일
휴무
ㆍ
10:00 ~ 20:00
ㆍ
주 3회이상 고정 알바 가능
급여
ㆍ면접 시 협의
ㆍ3개월 수습기간 정규직 전환
자격요건&
우대사항
ㆍ미용사(피부)국가자격증 소지
복리후생
ㆍ화장품 직원가 할인
ㆍ유니폼 제공
ㆍ중식 제공
ㆍ하계 휴가 제공
ㆍ외부 청소업체
전형절차
ㆍ서류전형 > 1차면접 > 최종합격
ㆍ면접일정은 추후 통보됩니다","모집요강
모집분야
피부관리사
모집인원
○
명
고용형태
정규직
(협의)
,
아르바이트
(협의, 정규직 전환 가능)
직급/직책
급여
회사 내규에 따름 (면접 후 결정)
근무시간
주5일(월~금)
10:00 ~ 20:00
탄력근무제
근무지주소
서울 강남구 언주로153길 12  (신사동) 3층
지도보기
인근지하철

지원자격
경력
경력
학력
학력무관
우대조건
우대전공

접수기간 · 방법
마감일은 기업의 사정으로 인해 조기 마감 또는 변경될 수 있습니다

기업 정보
기업정보 더보기
사원수
50명 이하
기업구분
중소기업 (비상장)
산업(업종)
화장품, 비누 및 방향제 소매업
지도보기
위치
서울 강남구 언주로153길 12  (신사동) 3층","{
  ""@context"": ""https://schema.org"",
  ""@type"": ""JobPosting"",
  ""title"": ""[스킨스타 도산본점] 평일 주5일 근무 피부관리사 경력 /프리랜서 직원채용"",
  ""description"": ""스킨스타에서 정규직 경력 채용을 진행합니다. 근무지는 서울 강남구 언주로153길 12  (신사동)이며, 자세한 조건은 공고를 통해 확인할 수 있습니다."",
  ""datePosted"": ""2026-05-04"",
  ""validThrough"": ""2026-06-03T23:59"",
  ""employmentType"": [
    ""FULL_TIME"",
    ""PART_TIME""
  ],
  ""experienceRequirements"": ""경력"",
  ""educationRequirements"": ""학력무관"",
  ""directApply"": true,
  ""hiringOrganization"": {
    ""@type"": ""Organization"",
    ""name"": ""스킨스타""
  },
  ""jobLocation"": {
    ""@type"": ""Place"",
    ""address"": {
      ""@type"": ""PostalAddress"",
      ""streetAddress"": ""서울 강남구 언주로153길 12  (신사동) 3층""
    }
  },
  ""identifier"": {
    ""@type"": ""PropertyValue"",
    ""name"": ""JobKorea"",
    ""value"": ""49100104""
  },
  ""url"": ""https://www.jobkorea.co.kr/Recruit/GI_Read/49100104""
}",success,
아이엠건설,https://www.jobkorea.co.kr/Recruit/GI_Read/49100105,"아이엠건설
디자이너 모집합니다.
아이엠건설은 2020년에 설립된 회사로 자본금 23억 9,660만원, 매출액 24억 8,918만원, 사원수 7명 규모의 중소기업입니다. 경기 수원시 장안구 율전동에 위치하고 있으며, 교회 전문 시공, 도시형생활주택 및 타운하우스 건설, 인테리어사업을 하고 있습니다.
포지션 및 자격요건
포지션
( 1명 )
담당업무
ㆍ디자인
ㆍ영상편집
자격요건
ㆍ학력 : 학력무관
우대사항
ㆍ캐드, 3D 가능하신분
ㆍ영상편집 가능하신분
전형절차
ㆍ서류전형 > 임원면접 > 최종합격
ㆍ면접일정은 추후 통보됩니다.
유의사항
ㆍ허위사실이 발견될 경우 채용이 취소될 수 있습니다.","모집요강
모집분야
디자이너,
모집인원
1
명
고용형태
정규직
,
아르바이트
급여
연봉 3,000~3,000만원 (면접 후 결정)
근무시간
주5일(월~금)
09:00 ~ 17:00
근무지주소
경기 수원시 장안구 율전동 104-10
지도보기
인근지하철

지원자격
경력
신입·경력
(1년이상)
학력
초대졸이상
우대조건
기본우대
CAD/CAM 프로그램 능숙자, 관련 자격증 보유자

접수기간 · 방법
마감일은 기업의 사정으로 인해 조기 마감 또는 변경될 수 있습니다

기업 정보
기업정보 더보기
사원수
50명 이하
기업구분
중소기업 (비상장)
산업(업종)
기타 공동 주택 건설업
지도보기
위치
경기 수원시 장안구 율전동 104-10","{
  ""@context"": ""https://schema.org"",
  ""@type"": ""JobPosting"",
  ""title"": ""디자이너 모집합니다."",
  ""description"": ""아이엠건설에서 정규직 신입·경력 채용을 진행합니다. 근무지는 경기 수원시 장안구 율전동이며, 자세한 조건은 공고를 통해 확인할 수 있습니다."",
  ""datePosted"": ""2026-05-04"",
  ""validThrough"": ""2026-07-03T23:59"",
  ""employmentType"": [
    ""FULL_TIME"",
    ""PART_TIME""
  ],
  ""experienceRequirements"": ""신입·경력"",
  ""educationRequirements"": ""초대졸 이상"",
  ""directApply"": true,
  ""hiringOrganization"": {
    ""@type"": ""Organization"",
    ""name"": ""아이엠건설""
  },
  ""jobLocation"": {
    ""@type"": ""Place"",
    ""address"": {
      ""@type"": ""PostalAddress"",
      ""streetAddress"": ""경기 수원시 장안구 율전동 104-10 ""
    }
  },
  ""baseSalary"": {
    ""@type"": ""MonetaryAmount"",
    ""currency"": ""KRW"",
    ""value"": {
      ""@type"": ""QuantitativeValue"",
      ""unitText"": ""YEAR"",
      ""minValue"": 30000000,
      ""maxValue"": 30010000
    }
  },
  ""identifier"": {
    ""@type"": ""PropertyValue"",
    ""name"": ""JobKorea"",
    ""value"": ""49100105""
  },
  ""url"": ""https://www.jobkorea.co.kr/Recruit/GI_Read/49100105""
}",success,
,https://www.jobkorea.co.kr/Recruit/GI_Read/49100106,,,,fail,HTTP status code 404
뱅크샐러드,https://www.jobkorea.co.kr/Recruit/GI_Read/49100107,"뱅크샐러드
[뱅크샐러드] UXR Operator
뱅크샐러드는 데이터 서비스로 유저들의 삶을 이롭고 풍요롭게 합니다.
뱅크샐러드의 미션은 유저가 자신의 정보를 언제 어디서나 쓸수 있는 환경을 만들고, 유저 이익이 극대화된 디지털 경험을 설계하는 것입니다. 우리는 사람들에게 가장 중요한 가치인 `돈`과 `건강` 분야에 특히 집중하고 있습니다.
혁신적인 생각을 담은 제품을 끊임없이 내는 회사가 스타트업이라고 생각합니다.
우리는 자동 가계부(2017), 금융 통합 조회 (2018), 소비 기반 카드 추천(2018), 대출 비교 서비스(2019), 신용 점수 올리기(2019), 금융 비서 (2020), 마이데이터 (2022), 무료 유전자 검사(2023), 건강 맞춤 보장 분석 (2024) 샐러드 게임(2025), 최저금리 알리미(2025)를 국내 최초로 출시하며 혁신성을 입증해 왔습니다.
최근 2년간 월 매출은 800% 성장하였고 월 경상 이익(BEP)을 돌파하여 지속가능성과 안정성을 확보하였습니다.
금융과 건강을 아우르는 데이터 시너지를 바탕으로 금융업으로 확장해 나감으로써 5년 뒤에는 디지털 금융 지주 회사, 10년 뒤에는 정보를 회사의 핵심 자산으로 각종 사업을 확장해 나가는 데이터 지주 회사가 되고자 합니다.
한계 없이 문제를 해결하는 문화, 데이터를 가장 안전하게 잘 활용하는 프로세스를 함께 만들고, 제품과 비즈니스에서 실질적 성과를 만들고자 하는 도전 정신 충만한 동료들과 함께하고 싶습니다.
포지션 및 자격요건
UXR Operator
뱅크샐러드 UX 리서치팀을 소개합니다.
뱅크샐러드 UX 리서치팀은 고객의 행동을 깊이 탐구하고 끊임없이 질문하며, 실행 가능한 인사이트를 도출해 제품과 조직의 성장을 만들어가고 있습니다. UX 리서치 팀은 사용자의 목소리에 진심을 담아 귀 기울이고, 문제를 발견하고 이끌어갑니다.
우리 팀의 리서치 오퍼레이터는 UX리서치 과정에서 리크루팅, 패널 관리, 프로세스 최적화 등 운영 업무를 전담하여 리서치 효율을 극대화합니다.  `
리서치 경험의 설계자
`로서, 최적의 인프라를 구축하고, 참여자에게는 긍정적인 리서치 경험을 제공하는 핵심적인 역할을 수행합니다.
UXR Operator는 구체적으로 다음과 같은 일들을 해요.
리크루팅 및 패널 매니지먼트
·
리서치 목적에 적합한 타겟 사용자 모집 및 스크리닝 (DB 활용 및 신규 채널 발굴)
·
참여자 인터뷰 일정 조율 및 리마인드 관리
·
리서치 참여 보상(리워드) 프로세스 운영 및 정산 관리
리서치 프로세스 최적화 (Ops)
·
리서치 운영 효율화를 위한 툴(Maze 등) 활용 및 가이드라인 수립
·
반복되는 운영 업무의 자동화 및 매뉴얼화
리서치 환경 및 데이터 자산 관리
·
온/오프라인 인터뷰 환경(미팅룸, 녹화 장비 등) 세팅 및 점검
·
개인정보 보호법을 준수한 데이터 수집·보관 프로세스 관리 및 동의서 수집
유기적인 커뮤니케이션
·
리서처, PM, 디자이너 등 내부 이해관계자와의 긴밀한 협업
·
외부 리서치 참여자와의 전문적이고 친절한 소통 창구 역할
이런 분과 함께 일하고 싶어요.
·
꼼꼼함과 실행력: 다수의 프로젝트가 동시에 진행되는 환경에서 일정과 데이터를 놓치지 않고 관리할 수 있는 분이어야 합니다.
·
커뮤니케이션 감각: 다양한 연령대/배경을 가진 사용자 및 내부 구성원과 유연하고 명확하게 소통할 수 있어야 합니다.
·
운영 최적화 마인드: ""더 효율적으로 일할 방법은 없을까?""를 고민하며 업무 프로세스를 개선해 본 경험이 있어야 합니다.
·
문제 해결 능력: 리서치 현장에서 발생하는 돌발 상황(No-show, 장비 결함 등)에 당황하지 않고 대안을 제시할 수 있는 분이 필요합니다.
근무환경
ㆍ근무형태: 계약직
ㆍ근무기간: 3개월 or 6개월 *추후 계약 연장 여부 논의 가능
ㆍ근무지: 서울 뱅크샐러드 본사 *주 1-2회 재택근무 가능(출근 후 2주간 사무실 근무 필요)
ㆍ근무시간: 일일 5시간 *코어타임: 10:30-16:30
ㆍ경력무관
뱅크샐러드는 관계 법령을 준수하여 채용합니다.
모든 전형은 투명하고 공정하게 진행됩니다. 만약 허위 사실이나 부정 행위가 확인될 경우 채용 확정 이후라도 입사가 취소될 수 있고, 추후 채용에 제한이 있을 수 있습니다.
해외 여행에 적격한 자격을 갖춘 분을 모십니다.
병역의 의무를 마치셨거나, 병역 의무에서 면제되신 분을 모십니다.","모집요강
모집분야
UXR Operator
모집인원
○
명
고용형태
계약직
,
인턴
급여
회사 내규에 따름 (면접 후 결정)
근무시간
주5일(월~금)
탄력근무제
주 25시간 근무(일일 5시간, 코어타임 10:30-16:30)
근무지주소
서울 마포구 마포대로4가길 45 (마포동) 일진빌딩 10층
지도보기
인근지하철

지원자격
경력
경력무관
학력
학력무관

접수기간 · 방법
마감일은 기업의 사정으로 인해 조기 마감 또는 변경될 수 있습니다

기업 정보
기업정보 더보기
사원수
51 ~ 300명 이하
기업구분
중소기업 (비상장)
산업(업종)
솔루션·SI·CRM·ERP
지도보기
위치
서울 마포구 마포대로4가길 45 (마포동) 일진빌딩 10층","{
  ""@context"": ""https://schema.org"",
  ""@type"": ""JobPosting"",
  ""title"": ""[뱅크샐러드] UXR Operator"",
  ""description"": ""뱅크샐러드에서 계약직 경력무관 채용을 진행합니다. 근무지는 서울 마포구 마포대로4가길 45 (마포동)이며, 자세한 조건은 공고를 통해 확인할 수 있습니다."",
  ""datePosted"": ""2026-05-04"",
  ""validThrough"": ""2026-06-03T23:59"",
  ""employmentType"": [
    ""CONTRACTOR"",
    ""INTERN""
  ],
  ""experienceRequirements"": ""경력무관"",
  ""educationRequirements"": ""학력무관"",
  ""directApply"": true,
  ""hiringOrganization"": {
    ""@type"": ""Organization"",
    ""name"": ""뱅크샐러드""
  },
  ""jobLocation"": {
    ""@type"": ""Place"",
    ""address"": {
      ""@type"": ""PostalAddress"",
      ""streetAddress"": ""서울 마포구 마포대로4가길 45 (마포동) 일진빌딩 10층""
    }
  },
  ""identifier"": {
    ""@type"": ""PropertyValue"",
    ""name"": ""JobKorea"",
    ""value"": ""49100107""
  },
  ""url"": ""https://www.jobkorea.co.kr/Recruit/GI_Read/49100107""
}",success,
㈜자리컴퍼니,https://www.jobkorea.co.kr/Recruit/GI_Read/49100108,"㈜자리컴퍼니를 소개해요
누적 투자액 30억 원 이상! 2024년부터 매출 증가로 흑자 전환!
※ '23년 거래액 : 700억 원
※ '24년 거래액 : 1,300억 원
자리톡은 국내 최대 규모의 건물주 플랫폼입니다.
대부분의 부동산 서비스가 세입자·매수자 관점에 머무르고 있는 동안, 자리톡은 임대인이 겪는 문제에 초점을 맞췄습니다.
임대장부, 카카오톡 고지서, 공실 중개, 커뮤니티 등 핵심 기능을 통해 200만 임대인이 겪어온 불편을 성공적으로 해결해 냈고, 이를 통해 2021년 출시 이후 지금까지 30억 원 이상의 누적 투자 유치, 2024년에는 매출 성장과 함께 흑자 전환에도 성공했습니다.
우리는 30조 원 규모의 부동산 임대 산업의 OS(운영체제)가 되고자 합니다.
금융에 토스가, 소상공인에게 캐시노트가 있다면, 부동산 임대 시장에는 자리톡이 있다는 포부를 가지고 말입니다.
자리톡은 성장이 일상이 되는 플랫폼입니다. 모두가 선망하는 건물주가 어떻게 그 위치에 올랐는지, 자리톡을 만들며 가까이서 배우게 됩니다. 탁월한 동료들과 애자일한 조직문화 속에서 끊임없는 실험을 거듭하다 보면, 어느새 크게 성장한 자신을 발견할 것입니다.
https://zaritalk.com/
㈜자리컴퍼니는 이렇게 일해요
세상에는 두 부류의 사람이 있습니다.
길을 내는 사람과 그 길을 따르는 사람.
자리톡은 아무도 가보지 않은 영역에 새로운 길을 개척합니다.
더욱 많은 사람이 새로운 길 위에서 행복해질 수 있다고 믿기 때문입니다.
그리고 지금 자리톡은 우리의 보람차고 행복한 여정에 당신이 함께하길 기다리고 있습니다.
이런 업무를 해요
ㆍ자리톡 서비스 개선을 위한 운영 및 기획 업무
ㆍ전화, 온라인 채팅 등을 통한 고객의 문의 사항 접수 및 해결
ㆍ고객 응대 솔루션 고도화(챗봇, AI)를 통해 반복되는 고객들의 문의를 자동화시키고 효율을 개선
ㆍ정량적인 인사이트를 바탕으로 서비스 개선&아이디어 기획
이런 분들을 찾고 있어요
ㆍ학력 : 학력무관
ㆍ서비스 운영 및 고객 응대 경험이 2년 이상인 분
ㆍ응대 솔루션 (채널톡)의 이해도가 높으신 분
ㆍ원활한 커뮤니케이션 역량이 있는 분
ㆍ유연하고 꼼꼼한 업무처리 스킬을 가지신 분
이런 분이면 더 좋아요
ㆍ스타트업, IT 회사에서 관련 경험이 있는 분
ㆍ주도적으로 문제를 해결한 경험이 있는 분
ㆍ데이터분석 및 인사이트 발굴 경험이 있는 분
ㆍ부동산 임대&임차 경험이 있으신 분
이런 기술이 필요해요
CX
Microsoft Office
Slack
컴퓨터활용능력
이런 조건에서 근무할 예정이에요
ㆍ고용 형태 : 정규직(수습 3개월)
ㆍ근무지 주소 : 서울 성동구 성수일로1길 1 (성수동1가)
지도보기
ㆍ근무 요일/시간 : 주5일(월~금) 09:00 ~ 18:00
함께하면 이런 점들이 좋아요
1. 우리는 효율적인 근무환경을 추구합니다.
ㆍ주 40시간 근무 (야근 X)
ㆍ고사양 최신 업무장비 지원 (MacBook 등)
ㆍ직무역량 강화를 위한 세미나, 스터디 비용 지원
*업무에 필요한 도서, 소프트웨어 구매 전액 지원
2. 풍족한 휴식과 회사 생활을 만들어갑니다.
ㆍ점심시간 1시간 30분
ㆍ인당 식대 12,000원 별도 지원
ㆍ자유로운 연차, 반차 사용
ㆍ간식, 커피등 무제한 제공되는 스낵바
ㆍ생일 축하합니다! 생일자 반차 제공
ㆍ각종 경조사 지원 (경조 휴가, 버스대절 지원, 등)
ㆍ매월 친해지길바래! 런치데이 운영
＜ 지원관련 안내＞
[채용절차]
ㆍ서류 전형 ＞ 역량 인터뷰 ＞ 처우 협의 ＞ 최종 합격
[근무조건]
ㆍ채용 형태 : 정규직
ㆍ급여 및 스톡옵션
ㆍ개인의 역량에 따라 협의 후 결정합니다.
ㆍ희망하시는 급여와 보상이 있으시면 지원서에 기재해주시면 인터뷰 진행 시 협의를 진행합니다
ㆍ근무지 : 서울시 성동구 성수일로 1길 1, 8층
ㆍ근무시간 : 오전 9시 ~ 오후 6시 (주40시간 야근없음)
*수습 기간 동안 급여의 100%를 지급 받으며 복리후생 등에 차별은 없습니다.
[참고사항]
ㆍ지원 서류 : 자유양식의 이력서 및 포트폴리오
ㆍ경력, 프로젝트 경험, 사용 기술에 대한 내용을 가능한 한 많이 작성해주세요.
ㆍ포트폴리오 형식은 없으며 노션 등 URL만 알려주셔도 됩니다.
ㆍ원서 내용 중 허위사실이 있는 경우에는 합격이 취소될 수 있습니다.
ㆍ본 공고는 모집 완료 시 조기 마감됩니다.
합류 여정은 이렇게 진행돼요
ㆍ서류 전형 ＞ 역량 인터뷰 ＞ 처우 협의 ＞ 최종 합격
ㆍ면접일정은 추후 통보됩니다.
지원 시 유의해주세요
허위사실이 발견될 경우 채용이 취소될 수 있습니다.","기업 정보
기업정보 더보기
사원수
50명 이하
기업구분
중소기업 (비상장)
산업(업종)
응용 소프트웨어 개발 및 공급업
지도보기
위치
서울 성동구 성수일로1길 1 (성수동1가) CORNER25, 8층","{
  ""@context"": ""https://schema.org"",
  ""@type"": ""JobPosting"",
  ""title"": ""[자리톡] CX 매니저 (2년 이상)"",
  ""description"": ""㈜자리컴퍼니에서 정규직 경력 채용을 진행합니다. 근무지는 서울 성동구 성수일로1길 1 (성수동1가)이며, 자세한 조건은 공고를 통해 확인할 수 있습니다."",
  ""datePosted"": ""2026-05-04"",
  ""validThrough"": ""2026-06-04T23:59"",
  ""employmentType"": ""FULL_TIME"",
  ""experienceRequirements"": ""경력"",
  ""educationRequirements"": ""학력무관"",
  ""directApply"": true,
  ""hiringOrganization"": {
    ""@type"": ""Organization"",
    ""name"": ""㈜자리컴퍼니""
  },
  ""jobLocation"": {
    ""@type"": ""Place"",
    ""address"": {
      ""@type"": ""PostalAddress"",
      ""streetAddress"": ""서울 성동구 성수일로1길 1 (성수동1가) ""
    }
  },
  ""baseSalary"": {
    ""@type"": ""MonetaryAmount"",
    ""currency"": ""KRW"",
    ""value"": {
      ""@type"": ""QuantitativeValue"",
      ""unitText"": ""YEAR"",
      ""minValue"": 35000000,
      ""maxValue"": 80010000
    }
  },
  ""identifier"": {
    ""@type"": ""PropertyValue"",
    ""name"": ""JobKorea"",
    ""value"": ""49100108""
  },
  ""url"": ""https://www.jobkorea.co.kr/Recruit/GI_Read/49100108""
}",success,
㈜히비스,https://www.jobkorea.co.kr/Recruit/GI_Read/49100109,,"모집요강
모집분야
행사관련 디자인
모집인원
○
명
고용형태
정규직
(협의)
직급/직책
급여
회사 내규에 따름 (면접 후 결정)
근무시간
주5일(월~금)
09:00 ~ 18:00
근무지주소
서울 양천구 신월로 209 (신월동) 운남빌딩 2층
지도보기
인근지하철

지원자격
경력
신입·경력
학력
학력무관
스킬
우대조건
기본우대
고용촉진지원금 대상자

접수기간 · 방법
마감일은 기업의 사정으로 인해 조기 마감 또는 변경될 수 있습니다

기업 정보
기업정보 더보기
사원수
50명 이하
기업구분
중소기업 (비상장)
산업(업종)
웨딩·상조·이벤트
지도보기
위치
서울 양천구 신월로 209 (신월동) 운남빌딩 2층","{
  ""@context"": ""https://schema.org"",
  ""@type"": ""JobPosting"",
  ""title"": ""디자이너 모집 (포스터, 브로셔, 현수막, 배너, 무대디자인 등)"",
  ""description"": ""㈜히비스에서 정규직 신입·경력 채용을 진행합니다. 근무지는 서울 양천구 신월로 209 (신월동)이며, 자세한 조건은 공고를 통해 확인할 수 있습니다."",
  ""datePosted"": ""2026-05-04"",
  ""validThrough"": ""2026-06-03T23:59"",
  ""employmentType"": ""FULL_TIME"",
  ""experienceRequirements"": ""신입·경력"",
  ""educationRequirements"": ""학력무관"",
  ""directApply"": true,
  ""hiringOrganization"": {
    ""@type"": ""Organization"",
    ""name"": ""㈜히비스""
  },
  ""jobLocation"": {
    ""@type"": ""Place"",
    ""address"": {
      ""@type"": ""PostalAddress"",
      ""streetAddress"": ""서울 양천구 신월로 209 (신월동) 운남빌딩 2층""
    }
  },
  ""identifier"": {
    ""@type"": ""PropertyValue"",
    ""name"": ""JobKorea"",
    ""value"": ""49100109""
  },
  ""url"": ""https://www.jobkorea.co.kr/Recruit/GI_Read/49100109""
}",success,
아이티메인,https://www.jobkorea.co.kr/Recruit/GI_Read/49100110,"아이티메인
웹프로그램 사용 설명및 거래학교 관리
포지션 및 자격요건
웹프로그램기술영업
( 1명 )
담당업무
ㆍ웹프로그램 사용설명
ㆍ거래학교 관리
핵심역량
ㆍ
성실성,
꼼꼼함,
계획성, 적응성, 협동심
자격요건
ㆍ학력 : 초대졸이상
ㆍ경력 : 신입
우대사항
ㆍ인근거주자
ㆍ프리젠테이션 능력우수자
ㆍ문서작성 우수자
ㆍ포토샵 능숙자
전형절차
ㆍ서류전형 > 1차면접 > 임원면접 > 최종합격
ㆍ면접일정은 추후 통보됩니다.
유의사항
ㆍ허위사실이 발견될 경우 채용이 취소될 수 있습니다.","모집요강
모집분야
웹프로그램기술영업
모집인원
1
명
고용형태
정규직
직급/직책
급여
연봉 3,300~3,420만원
근무시간
주5일(월~금)
09:00 ~ 18:00
근무지주소
경기 부천시 길주로 252 (중동, 금광베네스타) 금광베네스타 409호
지도보기
인근지하철

지원자격
경력
신입
학력
초대졸이상
(졸업예정자 가능)
핵심역량
성실성
,
꼼꼼함
,
적응성
,
협동심
,
계획성
우대조건
기본우대
인근거주자, 프리젠테이션 능력우수자, 문서작성 우수자, 포토샵 능숙자

접수기간 · 방법
마감일은 기업의 사정으로 인해 조기 마감 또는 변경될 수 있습니다

기업 정보
기업정보 더보기
사원수
50명 이하
기업구분
중소기업 (-)
산업(업종)
컴퓨터 프로그래밍 서비스업
지도보기
위치
경기 부천시 길주로 252 (중동, 금광베네스타) 금광베네스타 409호","{
  ""@context"": ""https://schema.org"",
  ""@type"": ""JobPosting"",
  ""title"": ""웹프로그램 사용 설명및 거래학교 관리"",
  ""description"": ""아이티메인에서 정규직 신입 채용을 진행합니다. 근무지는 경기 부천시 길주로 252 (중동, 금광베네스타)이며, 자세한 조건은 공고를 통해 확인할 수 있습니다."",
  ""datePosted"": ""2026-05-04"",
  ""validThrough"": ""2026-05-12T23:59"",
  ""employmentType"": ""FULL_TIME"",
  ""experienceRequirements"": ""신입"",
  ""educationRequirements"": ""초대졸 이상"",
  ""directApply"": true,
  ""hiringOrganization"": {
    ""@type"": ""Organization"",
    ""name"": ""아이티메인""
  },
  ""jobLocation"": {
    ""@type"": ""Place"",
    ""address"": {
      ""@type"": ""PostalAddress"",
      ""streetAddress"": ""경기 부천시 길주로 252 (중동, 금광베네스타) 금광베네스타 409호""
    }
  },
  ""baseSalary"": {
    ""@type"": ""MonetaryAmount"",
    ""currency"": ""KRW"",
    ""value"": {
      ""@type"": ""QuantitativeValue"",
      ""unitText"": ""YEAR"",
      ""minValue"": 33000000,
      ""maxValue"": 34210000
    }
  },
  ""identifier"": {
    ""@type"": ""PropertyValue"",
    ""name"": ""JobKorea"",
    ""value"": ""49100110""
  },
  ""url"": ""https://www.jobkorea.co.kr/Recruit/GI_Read/49100110""
}",success,
㈜히든마케팅컴퍼니,https://www.jobkorea.co.kr/Recruit/GI_Read/49100111,"㈜히든마케팅컴퍼니
온라인 마케팅팀
㈜히든마케팅컴퍼니는 2011년에 설립된 회사로 자본금 5,000만원, 매출액 10억 4,930만원, 사원수 50명 규모의 중소기업입니다. 서울 양천구 공항대로 538 (목동)에 위치하고 있으며, 온라인 마케팅사업을 하고 있습니다.
포지션 및 자격요건
기업제휴 마케팅팀
( 1명 )
자격요건
ㆍ학력 : 학력무관
전형절차
ㆍ서류전형 > 1차면접 > 2차면접 > 임원면접 > 최종합격
ㆍ면접일정은 추후 통보됩니다.
유의사항
ㆍ허위사실이 발견될 경우 채용이 취소될 수 있습니다.","모집요강
모집분야
온라인 마케팅팀
모집인원
1
명
고용형태
정규직
(수습 3개월)
직급/직책
급여
회사 내규에 따름 (면접 후 결정)
근무시간
주5일(월~금)
09:00 ~ 18:00
근무지주소
서울 양천구 목동 605-4  CDB빌딩 5층
지도보기
인근지하철

지원자격
경력
경력
(1년이상)
학력
학력무관

접수기간 · 방법
마감일은 기업의 사정으로 인해 조기 마감 또는 변경될 수 있습니다

기업 정보
기업정보 더보기
사원수
50명 이하
기업구분
중소기업 (비상장)
산업(업종)
광고·홍보·전시
지도보기
위치
서울 양천구 공항대로 538 (목동) CDB빌딩 5층","{
  ""@context"": ""https://schema.org"",
  ""@type"": ""JobPosting"",
  ""title"": ""온라인 마케팅팀"",
  ""description"": ""㈜히든마케팅컴퍼니에서 정규직 경력 채용을 진행합니다. 근무지는 서울 양천구 목동이며, 자세한 조건은 공고를 통해 확인할 수 있습니다."",
  ""datePosted"": ""2026-05-04"",
  ""validThrough"": ""2026-06-03T23:59"",
  ""employmentType"": ""FULL_TIME"",
  ""experienceRequirements"": ""경력"",
  ""educationRequirements"": ""학력무관"",
  ""directApply"": true,
  ""hiringOrganization"": {
    ""@type"": ""Organization"",
    ""name"": ""㈜히든마케팅컴퍼니""
  },
  ""jobLocation"": {
    ""@type"": ""Place"",
    ""address"": {
      ""@type"": ""PostalAddress"",
      ""streetAddress"": ""서울 양천구 목동 605-4  CDB빌딩 5층""
    }
  },
  ""identifier"": {
    ""@type"": ""PropertyValue"",
    ""name"": ""JobKorea"",
    ""value"": ""49100111""
  },
  ""url"": ""https://www.jobkorea.co.kr/Recruit/GI_Read/49100111""
}",success,
엠비지(MBG),https://www.jobkorea.co.kr/Recruit/GI_Read/49100112,"이 글을 봐주시는 인재분들에게 선택받기위한 저희 회사의 소개글입니다.
※ 마음이 진심이 되어 전심이 되는 휘트니스라는 슬로건을 내걸고
9년간 탄탄하게 24개지점 직영으로 100% 운영되고 있는 마인드휘트니스입니다.
일어서는 방법부터 달리는 방법까지 체계적인 교육시스템으로 함께 성장하며,
마인드휘트니스 출신이라면 어디서도 인정 받을수 있는 사람을 만들겠다는 마음으로
지금 한순간의 직장동료가 아닌 앞으로의 꿈을 함께 바라볼 수 있는 회사가 되고 싶습니다.
경험과 실력, 수많은 자격이 지원자격이 절대 아닙니다.
어려움에도 지치지 않는 열정, 부족함을 초월하는 재능보다 중요한 성실함, 성공과 행복을 향한 간절함만 있다면 지원해 주세요.
경력이 조금 부족하거나, 혹은 꾸준한 성장을 원하시는 경력직 선생님이라면 마인드휘트니스 체계적인 교육과 함께 리더들이 솔선수범과 동료들의 존중,배려를 받으며 빠르게 성장시켜드리도록 하겠습니다.
■
근무시간
√ FC : 9시간 근무 (근무 8시간 휴게 1시간)
√
PT : 9시간 근무 (근무 7시간 휴게 1시간 자기개발 1시간)
■ 업무내용 및 급여
√
FC (=Fitness Counselor) : 센터를 찾아주시는 회원님들께 맞춤형 운동을 추천해드리고, 기본적인 센터업무 진행
(영업지원금 140 ~ 240 추가커미션 한도없음 다양한 본사차원의 추가인센티브)
(일반 FC선생님 평균 수령액 300~500 / 팀장,매니져 평균 수령액 400~600)
√
CS (=FC가 되기위한 준비단계) : 사내 교육을 이수하며 FC로서의 기반을 마련, 센터내 기본업무 진행
(열정페이 같은거 없습니다! 교육도 받고 돈도 벌고! 기본급 190 @)
√
PT(=Personal Trainer) : 전문지식을 활용해 회원님들의 운동을 도와주는 역할
(영업지원금 최대 200 수업료최대 ~60% 다양한 본사차원의 추가인센티브)
(일반 트레이너 평균 수령액 400~900 / 팀장,매니져 평균 수령액 500~900)
√
FT(=PT가 되기위한 준비단계) : 사내 교육을 이수하여 트레이너로서의 기반을 마련, 센터내 기본업무 진행
(열정페이 같은거 없습니다! 교육도 받고 돈도 벌고! 기본급 190 @)
√
주말 월 5-6회 휴무 (주말 로테이션 근무제)
■ 복지 및 혜택
√
유명선수, 인플루언서 세미나 (SNS로만 보던 유명선수&강사분들 교육을 눈앞에서!!)
√
분기별 지점 MT, 연간 전지점 워크샵, 체육대회 등 다양한 행사 ★꿀잼보장★
√
시상식/진급식 비교불가 포상제도
√
우수사원 해외여행
√
회식 및 지점데이(카페, 볼링, 영화등) (대표님보다 선생님들이 회식을 더 좋아해요)
√
PT 유니폼 지원
■ 지원 방법
√
1차 서류전형
√
2차 면접
√
연락처 : 010-4602-0790
√
메일주소 :
mindfitness_official@naver.com
■ 인스타그램 :
https://www.instagram.com/mindfitness_official/","모집요강
모집분야
트레이너
모집인원
○
명
고용형태
프리랜서
급여
회사 내규에 따름 (면접 후 결정)
근무시간
격주휴무
10:00 ~ 19:00
분야별 상이
근무지주소
제주 제주시 도령로 167 (용담이동) 마인드휘트니스
지도보기

지원자격
경력
경력무관
학력
학력무관

접수기간 · 방법
마감일은 기업의 사정으로 인해 조기 마감 또는 변경될 수 있습니다

기업 정보
기업정보 더보기
사원수
51 ~ 300명 이하
기업구분
중소기업 (비상장)
산업(업종)
스포츠·여가·레저
지도보기
위치
제주 서귀포시 대정읍 글로벌에듀로 396 (보성리) 글로벌에듀로 396","{
  ""@context"": ""https://schema.org"",
  ""@type"": ""JobPosting"",
  ""title"": ""[마인드휘트니스] 함께 성장할 트레이너, FC 구인 합니다. (전지점)"",
  ""description"": ""엠비지(MBG)에서  경력무관 채용을 진행합니다. 근무지는 제주 제주시 도령로 167 (용담이동)이며, 자세한 조건은 공고를 통해 확인할 수 있습니다."",
  ""datePosted"": ""2026-05-04"",
  ""validThrough"": ""2026-06-03T23:59"",
  ""employmentType"": ""CONTRACTOR"",
  ""experienceRequirements"": ""경력무관"",
  ""educationRequirements"": ""학력무관"",
  ""directApply"": true,
  ""hiringOrganization"": {
    ""@type"": ""Organization"",
    ""name"": ""엠비지(MBG)""
  },
  ""jobLocation"": {
    ""@type"": ""Place"",
    ""address"": {
      ""@type"": ""PostalAddress"",
      ""streetAddress"": ""제주 제주시 도령로 167 (용담이동) 마인드휘트니스""
    }
  },
  ""identifier"": {
    ""@type"": ""PropertyValue"",
    ""name"": ""JobKorea"",
    ""value"": ""49100112""
  },
  ""url"": ""https://www.jobkorea.co.kr/Recruit/GI_Read/49100112""
}",success,
씨엔제이로지스㈜,https://www.jobkorea.co.kr/Recruit/GI_Read/49100113,"씨엔제이로지스㈜
군산시 3톤 지게차 기사
( 정규직 )
씨엔제이로지스㈜는 2008년에 설립된 회사로 자본금 3억원, 매출액 166억 3천만원, 사원수 39명 규모의 중소기업입니다. 서울 마포구 서교동에 위치하고 있으며, 국제물류주선사업을 하고 있습니다.
포지션 및 자격요건
군산시 3톤 지게차 기사 / 4조3교대
담당업무
ㆍ 생산라인 제품 적재
자격요건
ㆍ학력 : 고졸이상
ㆍ경력 : 경력 2년 이상
ㆍ자격증 : 건설기계조종사 면허증 소지자 (3톤미만)
우대사항
ㆍ인근거주자
ㆍ차량소지자
전형절차
ㆍ서류전형 > 1차면접 > 2차면접 > 임원면접 > 최종합격
ㆍ면접일정은 추후 통보됩니다.
유의사항
ㆍ허위사실이 발견될 경우 채용이 취소될 수 있습니다.","모집요강
모집분야
아산시 3톤 지게차 기사
모집인원
1
명
고용형태
정규직
(수습 3개월)
직급/직책
급여
회사 내규에 따름 (면접 후 결정)
근무시간
주5일(월~금)
09:00 ~ 18:00
근무지주소
충남 아산시 인주면 인주산단로 123-36 (걸매리, OWENS CORNING) 출하사무소
지도보기

지원자격
경력
경력
(2년이상)
학력
고졸이상
핵심역량
성실성
,
윤리의식
,
협동심
,
성취지향성
,
꼼꼼함
우대조건
기본우대
인근거주자, 차량소지자

접수기간 · 방법
마감일은 기업의 사정으로 인해 조기 마감 또는 변경될 수 있습니다

기업 정보
기업정보 더보기
사원수
50명 이하
기업구분
중소기업 (비상장)
산업(업종)
물류·운송·배송
지도보기
위치
서울 마포구 서교동 451-37 다다빌딩 6층","{
  ""@context"": ""https://schema.org"",
  ""@type"": ""JobPosting"",
  ""title"": ""아산시 3톤 지게차 기사"",
  ""description"": ""씨엔제이로지스㈜에서 정규직 경력 채용을 진행합니다. 근무지는 충남 아산시 인주면 인주산단로 123-36 (걸매리, OWENS CORNING)이며, 자세한 조건은 공고를 통해 확인할 수 있습니다."",
  ""datePosted"": ""2026-05-04"",
  ""validThrough"": ""2026-06-03T23:59"",
  ""employmentType"": ""FULL_TIME"",
  ""experienceRequirements"": ""경력"",
  ""educationRequirements"": ""고졸 이상"",
  ""directApply"": true,
  ""hiringOrganization"": {
    ""@type"": ""Organization"",
    ""name"": ""씨엔제이로지스㈜""
  },
  ""jobLocation"": {
    ""@type"": ""Place"",
    ""address"": {
      ""@type"": ""PostalAddress"",
      ""streetAddress"": ""충남 아산시 인주면 인주산단로 123-36 (걸매리, OWENS CORNING) 출하사무소""
    }
  },
  ""identifier"": {
    ""@type"": ""PropertyValue"",
    ""name"": ""JobKorea"",
    ""value"": ""49100113""
  },
  ""url"": ""https://www.jobkorea.co.kr/Recruit/GI_Read/49100113""
}",success,
㈜얼터너티브자산운용,https://www.jobkorea.co.kr/Recruit/GI_Read/49100114,"㈜얼터너티브자산운용
비서 겸 오퍼레이션 채용
㈜얼터너티브자산운용은 2017년에 설립된 회사로 자본금 9억 1,099만원, 매출액 32억 9,257만원 규모의 중소기업입니다. 서울 강남구 언주로30길 13 (도곡동, 대림아크로빌,대림아크로텔)에 위치하고 있으며,  투자 자문업 및 투자 일임업사업을 하고 있습니다.
포지션 및 자격요건
비서 겸 오퍼레이션
( ○명 )
담당업무
- 미팅어레인지
- 전화응대 및 고객응대
- 문서 작성
- Block-Deal 업무
- Pre-IPO 업무
자격요건
ㆍ학력 : 고졸이상
ㆍ경력 : 경력무관
우대사항
- 영어/중국어 가능자 우대
- 문서작성능력 상위자 우대
- 해당 금융권 자격증 소지자 우대
- 커뮤니케이션 스킬 상위자 우대
- 전화응대/호텔리셉션 업무 경험자 우대
- 아나운서 학원 수료자 우대
전형절차
ㆍ서류전형 > 1차면접 > 최종합격
ㆍ면접일정은 추후 통보됩니다.
유의사항
ㆍ허위사실이 발견될 경우 채용이 취소될 수 있습니다.","모집요강
모집분야
비서 겸 오퍼레이션
모집인원
○
명
고용형태
정규직
(수습 3개월)
,
계약직
(근무기간 1년, 정규직 전환 가능)
급여
연봉 5,500~10,500만원
근무시간
주5일(월~금)
08:30 ~ 17:30
근무지주소
서울 강남구 언주로30길 13 (도곡동, 대림아크로빌,대림아크로텔) C동 4F
지도보기
인근지하철

지원자격
경력
경력무관
학력
고졸이상
우대조건
기본우대
유관업무 경험자(인턴·알바)

접수기간 · 방법
마감일은 기업의 사정으로 인해 조기 마감 또는 변경될 수 있습니다

기업 정보
기업정보 더보기
사원수
-
기업구분
중소기업 (-)
산업(업종)
신탁업 및 집합투자업
지도보기
위치
서울 강남구 언주로30길 13 (도곡동, 대림아크로빌,대림아크로텔) C동 4F","{
  ""@context"": ""https://schema.org"",
  ""@type"": ""JobPosting"",
  ""title"": ""비서 겸 오퍼레이션 채용"",
  ""description"": ""㈜얼터너티브자산운용에서 정규직 경력무관 채용을 진행합니다. 근무지는 서울 강남구 언주로30길 13 (도곡동, 대림아크로빌,대림아크로텔)이며, 자세한 조건은 공고를 통해 확인할 수 있습니다."",
  ""datePosted"": ""2026-05-04"",
  ""validThrough"": ""2026-05-18T23:59"",
  ""employmentType"": [
    ""FULL_TIME"",
    ""CONTRACTOR""
  ],
  ""experienceRequirements"": ""경력무관"",
  ""educationRequirements"": ""고졸 이상"",
  ""directApply"": true,
  ""hiringOrganization"": {
    ""@type"": ""Organization"",
    ""name"": ""㈜얼터너티브자산운용""
  },
  ""jobLocation"": {
    ""@type"": ""Place"",
    ""address"": {
      ""@type"": ""PostalAddress"",
      ""streetAddress"": ""서울 강남구 언주로30길 13 (도곡동, 대림아크로빌,대림아크로텔) C동 4F""
    }
  },
  ""baseSalary"": {
    ""@type"": ""MonetaryAmount"",
    ""currency"": ""KRW"",
    ""value"": {
      ""@type"": ""QuantitativeValue"",
      ""unitText"": ""YEAR"",
      ""minValue"": 55000000,
      ""maxValue"": 105010000
    }
  },
  ""identifier"": {
    ""@type"": ""PropertyValue"",
    ""name"": ""JobKorea"",
    ""value"": ""49100114""
  },
  ""url"": ""https://www.jobkorea.co.kr/Recruit/GI_Read/49100114""
}",success,
비케이주식회사,https://www.jobkorea.co.kr/Recruit/GI_Read/49100115,"비케이주식회사
SK매직&세라젬 렌탈채권관리 및 추심 직원 모집
비케이주식회사는 2021년에 설립된 회사로 자본금 50억원 사원수 30명 규모의 중소기업입니다. 서울 구로구 디지털로26길 43 (구로동)에 위치하고 있으며, 렌탈제품 온라인 판매 , 기업의 렌탈채권 양도양수사업을 하고 있습니다.
포지션 및 자격요건
추심
( ○명 )
담당업무
ㆍSK매직, 세라젬 렌탈 중장기채권 추심 업무
핵심역량
ㆍ
성실성,
적응성, 계획성
자격요건
ㆍ나이, 학력, 경력 무관
ㆍ채권관리 경력자 우대
우대사항
ㆍ렌탈 채권관리 경력자 우대
급여 조건
ㆍ기본급 200만원+인센티브
ㆍ수습 3개월 후 4대보험
대면
( ○명 )
담당업무
ㆍ
SK매직, 세라젬 렌탈 중장기채권 추심 업무
ㆍ대면 채권관리 업무
ㆍ강제집행 업무
핵심역량
ㆍ
성실성,
적응성, 계획성
자격요건
ㆍ나이, 학력, 경력 무관
ㆍ초보자 지원가능
ㆍ자차 소유자
ㆍ지방 장기출장업무 가능자
ㆍ채권관리 경력자 우대
우대사항
ㆍ차량소지자
ㆍ지방 장기출장 가능자
급여 조건
ㆍ기본급 200만원+인센티브
ㆍ
출장경비(법인카드) 지원
ㆍ수습 3개월 후 4대보험
전형절차
ㆍ서류전형 > 1차면접 > 2차면접 > 임원면접 > 최종합격
ㆍ면접일정은 추후 통보됩니다.
유의사항
ㆍ허위사실이 발견될 경우 채용이 취소될 수 있습니다.","모집요강
모집분야
추심
모집인원
○
명
고용형태
계약직
(협의)
직급/직책
급여
회사 내규에 따름 (면접 후 결정)
근무시간
주5일(월~금)
09:00 ~ 18:00
탄력근무제
근무지주소
서울 구로구 디지털로26길 43 (구로동) 대륭포스트타워8차 엘동 20층
지도보기
인근지하철

지원자격
경력
경력
학력
학력무관
스킬
,
차량소지, 출장가능
핵심역량
성실성
,
성취지향성
,
꼼꼼함
,
스트레스관리
,
적응성
,
계획성
우대조건
기본우대
차량소지자, 지방근무 가능자

접수기간 · 방법
마감일은 기업의 사정으로 인해 조기 마감 또는 변경될 수 있습니다

기업 정보
기업정보 더보기
사원수
50명 이하
기업구분
중소기업 (비상장)
산업(업종)
액체 여과기 제조업
지도보기
위치
서울 구로구 디지털로26길 43 (구로동) 대륭포스트타워8차 엘동 20층","{
  ""@context"": ""https://schema.org"",
  ""@type"": ""JobPosting"",
  ""title"": ""SK매직&세라젬 렌탈채권관리 및 추심 직원  모집"",
  ""description"": ""비케이주식회사에서 계약직 경력 채용을 진행합니다. 근무지는 서울 구로구 디지털로26길 43 (구로동)이며, 자세한 조건은 공고를 통해 확인할 수 있습니다."",
  ""datePosted"": ""2026-05-04"",
  ""validThrough"": ""2026-05-15T23:59"",
  ""employmentType"": ""CONTRACTOR"",
  ""experienceRequirements"": ""경력"",
  ""educationRequirements"": ""학력무관"",
  ""directApply"": true,
  ""hiringOrganization"": {
    ""@type"": ""Organization"",
    ""name"": ""비케이주식회사""
  },
  ""jobLocation"": {
    ""@type"": ""Place"",
    ""address"": {
      ""@type"": ""PostalAddress"",
      ""streetAddress"": ""서울 구로구 디지털로26길 43 (구로동) 대륭포스트타워8차 엘동 20층""
    }
  },
  ""identifier"": {
    ""@type"": ""PropertyValue"",
    ""name"": ""JobKorea"",
    ""value"": ""49100115""
  },
  ""url"": ""https://www.jobkorea.co.kr/Recruit/GI_Read/49100115""
}",success,
㈜에프디테크,https://www.jobkorea.co.kr/Recruit/GI_Read/49100116,"㈜에프디테크
(주)에프디테크 H/W 임베디드 및 개발 인력 채용","모집요강
모집분야
로봇기구설계
모집인원
○
명
고용형태
정규직
(수습 6개월)
직급/직책
급여
회사 내규에 따름 (면접 후 결정)
근무시간
주5일(월~금)
09:00 ~ 18:00
근무지주소
강원 원주시 태장공단길 51 (태장동, 원주창업보육센터) D동 3호
지도보기

지원자격
경력
신입·경력
학력
학력무관
스킬
,
H/W
핵심역량
성실성
,
성장지향성
,
꼼꼼함
,
적응성
,
창의성
우대조건
기본우대
유관업무 경험자(인턴·알바), 관련 학과 전공자, 관련 자격증 보유자, 유관업무 경력자(1년)
우대전공

접수기간 · 방법
마감일은 기업의 사정으로 인해 조기 마감 또는 변경될 수 있습니다

기업 정보
기업정보 더보기
사원수
50명 이하
기업구분
중소기업 (비상장)
산업(업종)
산업용 로봇 제조업
지도보기
위치
강원 원주시 태장공단길 51 (태장동, 원주창업보육센터) 씨동 1호","{
  ""@context"": ""https://schema.org"",
  ""@type"": ""JobPosting"",
  ""title"": ""(주)에프디테크 H/W 임베디드 및 개발 인력 채용"",
  ""description"": ""㈜에프디테크에서 정규직 신입·경력 채용을 진행합니다. 근무지는 강원 원주시 태장공단길 51 (태장동, 원주창업보육센터)이며, 자세한 조건은 공고를 통해 확인할 수 있습니다."",
  ""datePosted"": ""2026-05-04"",
  ""validThrough"": ""2027-05-03T15:00"",
  ""employmentType"": ""FULL_TIME"",
  ""experienceRequirements"": ""신입·경력"",
  ""educationRequirements"": ""학력무관"",
  ""directApply"": true,
  ""hiringOrganization"": {
    ""@type"": ""Organization"",
    ""name"": ""㈜에프디테크""
  },
  ""jobLocation"": {
    ""@type"": ""Place"",
    ""address"": {
      ""@type"": ""PostalAddress"",
      ""streetAddress"": ""강원 원주시 태장공단길 51 (태장동, 원주창업보육센터) D동 3호""
    }
  },
  ""identifier"": {
    ""@type"": ""PropertyValue"",
    ""name"": ""JobKorea"",
    ""value"": ""49100116""
  },
  ""url"": ""https://www.jobkorea.co.kr/Recruit/GI_Read/49100116""
}",success,
㈜리디아알앤씨,https://www.jobkorea.co.kr/Recruit/GI_Read/49100117,"㈜리디아알앤씨
포지션 및 자격요건
온라인 MD
담당업무
ㆍ주요 종합몰 채널 운영 및 매출 최적화
ㆍ침구 카테고리 특성에 맞춘 시즌별 상품 라인업 구성 및 운영
ㆍ채널별 대형 기획전 및 구좌 확보를 위한 영업 및 협의
ㆍ실시간 판매 지표 분석을 통한 재고 운영 최적화 및 효율적인 광고/마케팅 방안 도출
ㆍ채널별 담당 MD와의 긴밀한 파트너십 구축 및 프로모션 조건 협상
필수요건
ㆍ종합몰 운영 경력 2년 이상
ㆍ종합몰 플랫폼 생태계와 정산/재고 관리 시스템에 대한 숙련도가 높으신 분
ㆍ단순 운영을 넘어 성과 지표를 분석하여 매출 성장을 이끈 경험이 있으신 분
우대사항
ㆍ리빙 / 패션 / 침구 / 가구 카테고리 특성을 이해하고 기획전에 녹여낼 수 있는 분
ㆍ종합몰 메인 구좌 노출을 통해 높은 성과를 창출해 본 경험이 있는 분
ㆍ변화가 잦은 이커머스 환경에서 채널 MD와 원만한 협상을 이끌어내는 문제 해결 능력이 있는 분
ㆍ디자인/마케팅 팀과 협업하여 침구의 `무드`와 `기능성`을 효과적으로 전달하는 콘텐츠 기획 역량을 갖춘 분
전형절차
면접일정은 추후 통보됩니다.
근무조건
ㆍ고용형태 : 정규직
ㆍ근무지 : 경기도 고양시 일산동구 경의로 461, 헬렌스타인빌딩 4층(본사)
접수방법 및 접수기간
ㆍ
마감일 :
채용 완료 시
ㆍ이력서양식 : 잡코리아 이력서
ㆍ접수방법 : 잡코리아 온라인 접수, e-메일접수(firewatcher@lydiarnc.com)
제출서류
ㆍ
이력서, 자기소개서, 경력증명서, 포트폴리오(MD,마케터 지원 시 필수)
ㆍ
졸업증명서, 최종학교 전 학년 성적증명서, 원천징수영수증(해당자에 한함), 공인시험 및 기타 자격증 사본(소지자에 한함), 취업보호대상증명서(대상자에 한함) 합격 후 제출
문의사항
(주)리디아알앤씨 HR담당 이고운
e-메일 :
firewatcher@lydiarnc.com / Tel : 070-4346-8200
기타사항
ㆍ허위사실이 발견될 경우 채용이 취소 될 수 있습니다.","모집요강
모집분야
온라인 MD
모집인원
○
명
고용형태
정규직
(수습 3개월)
급여
회사 내규에 따름 (면접 후 결정)
근무시간
주5일(월~금)
09:30 ~ 18:00
근무지주소
경기 고양시 일산동구 경의로 461 (정발산동) 4층
지도보기
인근지하철

지원자격
경력
경력
(2년이상)
학력
학력무관

접수기간 · 방법
마감일은 기업의 사정으로 인해 조기 마감 또는 변경될 수 있습니다

기업 정보
기업정보 더보기
사원수
50명 이하
기업구분
중소기업 (비상장)
산업(업종)
백화점·유통·도소매
지도보기
위치
경기 고양시 일산동구 경의로 461 (정발산동) 4층

복리후생
기타 복리후생
사내 출산장려정책 (출산100만원 지원), 당사제품 직원할인, 월1회 사내 직원교육 실시, 면접선물 (자사 대표상품 : 다운필 베개), 결혼 선물","{
  ""@context"": ""https://schema.org"",
  ""@type"": ""JobPosting"",
  ""title"": ""헬렌스타인 온라인 MD 경력자 채용"",
  ""description"": ""㈜리디아알앤씨에서 정규직 경력 채용을 진행합니다. 근무지는 경기 고양시 일산동구 경의로 461 (정발산동)이며, 자세한 조건은 공고를 통해 확인할 수 있습니다."",
  ""datePosted"": ""2026-05-04"",
  ""validThrough"": ""2026-06-03T23:59"",
  ""employmentType"": ""FULL_TIME"",
  ""experienceRequirements"": ""경력"",
  ""educationRequirements"": ""학력무관"",
  ""directApply"": true,
  ""hiringOrganization"": {
    ""@type"": ""Organization"",
    ""name"": ""㈜리디아알앤씨""
  },
  ""jobLocation"": {
    ""@type"": ""Place"",
    ""address"": {
      ""@type"": ""PostalAddress"",
      ""streetAddress"": ""경기 고양시 일산동구 경의로 461 (정발산동) 4층""
    }
  },
  ""identifier"": {
    ""@type"": ""PropertyValue"",
    ""name"": ""JobKorea"",
    ""value"": ""49100117""
  },
  ""url"": ""https://www.jobkorea.co.kr/Recruit/GI_Read/49100117""
}",success,
,https://www.jobkorea.co.kr/Recruit/GI_Read/49100118,,,,fail,HTTP status code 404
,https://www.jobkorea.co.kr/Recruit/GI_Read/49100119,,,,fail,HTTP status code 404
㈜해외교육,https://www.jobkorea.co.kr/Recruit/GI_Read/49100120,"㈜해외교육을 소개해요
대한민국 대표 글로벌 해외캠프 브랜드, MBC연합캠프
전국 주요 MBC방송사가 공동으로 주최 및 홍보하고 ㈜해외교육이 주관 및 운영하는 MBC연합캠프는
대한민국 교육산업 대상 수상 및 현재 대한민국 해외연수 1위기업으로 자리매김하고 있습니다.
초·중·고 주니어 학생캠프, 부모동반 가족캠프, 디스커버리 교육여행 프로젝트,
국제학교 포트폴리오 캠프 등 다양한 글로벌 교육 프로그램을 운영하고 있습니다.
이런 업무를 해요
상담, 기획 및 CS 업무
ㆍ미국 캐나다 호주 뉴질랜드 등 고객 맞춤형 유학 컨설팅 제공
ㆍ웹사이트 셋팅 가능자
ㆍ영어권 국가 비자수속
이런 분들을 찾고 있어요
ㆍ학력 : 초대졸이상
ㆍ유학원/교육기관 근무 경험자 우대
ㆍ조기유학 상담업무 유경험자
ㆍ영어능력 가능자 우대
ㆍ고객 상담 및 커뮤니케이션 능력 우수자
ㆍ기본적인 웹사이트 관리 가능자 우대
[근무형태]
ㆍ풀타임 근무 정규직 및 계약직
[제출서류]
ㆍ이력서 (희망연봉 제시)
ㆍ자기소개서
ㆍ자격증 및 공인시험성적 사본
이런 분이면 더 좋아요
ㆍ동종업계 경력자
ㆍ관련업무 유경험자
ㆍ관련업무 자격증 소지자
ㆍ영어능통자
ㆍ디자인 툴 조작 가능자
ㆍ해외단기캠프 경험자
ㆍ해외단기캠프 인솔자
ㆍ해외연수 및 유학 경험자
이런 조건에서 근무할 예정이에요
ㆍ고용 형태 : 정규직, 계약직(근무기간 12개월)
ㆍ근무지 주소 : 서울 마포구 백범로31길 8 (공덕동, 공덕SK리더스뷰) 201동 432호
지도보기
ㆍ근무 요일/시간 : 주5일(월~금) 09:00 ~ 18:00 | 또는 협의
합류 여정은 이렇게 진행돼요
ㆍ서류전형 > 1차 면접 (대면 또는 화상면접) > 합격자 발표 > 최종합격
ㆍ면접일정은 추후 통보됩니다.
지원 시 유의해주세요
허위사실이 발견될 경우 채용이 취소될 수 있습니다.","기업 정보
기업정보 더보기
사원수
50명 이하
기업구분
중소기업 (비상장)
산업(업종)
학원·어학원·교육원
지도보기
위치
서울 마포구 마포대로 109 (공덕동, 롯데캐슬프레지던트) 101동 3104호","{
  ""@context"": ""https://schema.org"",
  ""@type"": ""JobPosting"",
  ""title"": ""조기 유학 경력직"",
  ""description"": ""㈜해외교육에서 정규직 경력 채용을 진행합니다. 근무지는 서울 마포구 백범로31길 8 (공덕동, 공덕SK리더스뷰)이며, 자세한 조건은 공고를 통해 확인할 수 있습니다."",
  ""datePosted"": ""2026-05-04"",
  ""validThrough"": ""2026-05-30T23:59"",
  ""employmentType"": [
    ""FULL_TIME"",
    ""CONTRACTOR""
  ],
  ""experienceRequirements"": ""경력"",
  ""educationRequirements"": ""초대졸 이상"",
  ""directApply"": true,
  ""hiringOrganization"": {
    ""@type"": ""Organization"",
    ""name"": ""㈜해외교육""
  },
  ""jobLocation"": {
    ""@type"": ""Place"",
    ""address"": {
      ""@type"": ""PostalAddress"",
      ""streetAddress"": ""서울 마포구 백범로31길 8 (공덕동, 공덕SK리더스뷰) 201동 432호""
    }
  },
  ""baseSalary"": {
    ""@type"": ""MonetaryAmount"",
    ""currency"": ""KRW"",
    ""value"": {
      ""@type"": ""QuantitativeValue"",
      ""unitText"": ""YEAR"",
      ""minValue"": 36000000,
      ""maxValue"": 57010000
    }
  },
  ""identifier"": {
    ""@type"": ""PropertyValue"",
    ""name"": ""JobKorea"",
    ""value"": ""49100120""
  },
  ""url"": ""https://www.jobkorea.co.kr/Recruit/GI_Read/49100120""
}",success,
㈜맥서브,https://www.jobkorea.co.kr/Recruit/GI_Read/49100121,"맥서브
중구(종각/광화문) 케이스퀘어시티 보안대원
모집
맥서브는 1974년에 설립된 회사로 자본금 13억원, 매출액 3,938억 3,851만원, 사원수 10,011명 규모의 중견기업입니다. 서울 강남구 영동대로85길 28 (대치동, 성원타워Ⅰ)에 위치하고 있으며, 건물내 안전 점검 및 보안 업무사업을 하고 있습니다.
모집분야 및 자격요건
보안팀
( 1명 )
담당업무
ㆍ빌딩 순찰 및 안전관리
ㆍ내방객 안내 및 업무일지 작성 등
자격요건
ㆍ학력 : 학력무관
ㆍ경력 : 경력무관
우대사항
ㆍ신임경비이수증 필수
ㆍ교대근무 가능자
ㆍ서비스마인드
전형절차
ㆍ서류전형 > 1차면접 > 최종합격
ㆍ면접일정은 추후 통보됩니다.
유의사항
ㆍ허위사실이 발견될 경우 채용이 취소될 수 있습니다.","모집요강
모집분야
보안팀
모집인원
1
명
고용형태
계약직
(근무기간 12개월)
직급/직책
급여
월급 260~260만원
근무시간
주주야야비비 (3교대)
08:30 ~ 18:00, 18:00 ~ 08:30
근무지주소
서울 중구 청계천로 24 (다동, 케이스퀘어시티) 24
지도보기
인근지하철

지원자격
경력
경력무관
학력
학력무관

접수기간 · 방법
마감일은 기업의 사정으로 인해 조기 마감 또는 변경될 수 있습니다

기업 정보
기업정보 더보기
사원수
10,001명 이상
기업구분
중견기업 (비상장)
산업(업종)
사업시설 유지.관리 서비스업
지도보기
위치
서울 강남구 영동대로85길 28 (대치동, 성원타워Ⅰ) 1층","{
  ""@context"": ""https://schema.org"",
  ""@type"": ""JobPosting"",
  ""title"": ""서울 중구(종각/광화문) 케이스퀘어시티 보안대원 모집합니다"",
  ""description"": ""㈜맥서브에서 계약직 경력무관 채용을 진행합니다. 근무지는 서울 중구 청계천로 24 (다동, 케이스퀘어시티)이며, 자세한 조건은 공고를 통해 확인할 수 있습니다."",
  ""datePosted"": ""2026-05-04"",
  ""validThrough"": ""2026-07-03T23:59"",
  ""employmentType"": ""CONTRACTOR"",
  ""experienceRequirements"": ""경력무관"",
  ""educationRequirements"": ""학력무관"",
  ""directApply"": true,
  ""hiringOrganization"": {
    ""@type"": ""Organization"",
    ""name"": ""㈜맥서브""
  },
  ""jobLocation"": {
    ""@type"": ""Place"",
    ""address"": {
      ""@type"": ""PostalAddress"",
      ""streetAddress"": ""서울 중구 청계천로 24 (다동, 케이스퀘어시티) 24""
    }
  },
  ""baseSalary"": {
    ""@type"": ""MonetaryAmount"",
    ""currency"": ""KRW"",
    ""value"": {
      ""@type"": ""QuantitativeValue"",
      ""unitText"": ""MONTH"",
      ""minValue"": 2600000,
      ""maxValue"": 2610000
    }
  },
  ""identifier"": {
    ""@type"": ""PropertyValue"",
    ""name"": ""JobKorea"",
    ""value"": ""49100121""
  },
  ""url"": ""https://www.jobkorea.co.kr/Recruit/GI_Read/49100121""
}",success,
㈜서울크루즈,https://www.jobkorea.co.kr/Recruit/GI_Read/49100122,"㈜서울크루즈
온라인 마케팅·홍보 담당
㈜서울크루즈는 2023년에 설립된 회사로 자본금 50억원 사원수 30명 규모의 중소기업입니다. 서울 영등포구 여의도한강공원길 231 (여의도동)에 위치하고 있으며, 편의시설 임대사업, 유람선운항사업, 여객선운항사업을 하고 있습니다.
포지션 및 자격요건
온라인 마케팅홍보 담당
담당업무
ㆍ
블로그,
인스타그램
등
SNS
채널
콘텐츠
기획
및
운영
ㆍ
카카오채널
및
온라인
홍보
채널
관리
ㆍ
회사
홈페이지
홍보
게시물
작성
및
관리
ㆍ
블로거
및
온라인
홍보
협력
채널
관리
ㆍVIP
고객카드
발급
및
고객
데이터
관리
ㆍ
고객
응대
및
CRM(
고객관리)
관련
전산
업무
ㆍ
마케팅
및
홍보
관련
문서
작성
및
관리
자격요건
ㆍ
학력 :
무관
ㆍ
경력 :
신입
또는
관련
업무
경험자
ㆍ
컴퓨터
활용
능력
우수자 (
문서작성,
SNS
운영
등)
우대사항
ㆍ
블로그,
인스타그램
등
SNS
운영
경험자
ㆍ
홍보
콘텐츠
작성
능력
우수자
ㆍ
온라인
마케팅
및
홍보
업무
경험자
ㆍ
고객관리(
CRM)
업무
경험자
ㆍ
밝고
적극적인
성격의
지원자
전형절차
ㆍ서류전형 > 실무면접 > 임원면접 > 최종합격
ㆍ면접일정은 추후 통보됩니다.
유의사항
ㆍ허위사실이 발견될 경우 채용이 취소될 수 있습니다.","모집요강
모집분야
온라인 마케팅홍보 담당
모집인원
○
명
고용형태
정규직
(수습 3개월)
급여
회사 내규에 따름 (면접 후 결정)
근무시간
주5일근무/주말 공휴일 근무가능하신분
09:00 ~ 18:00
근무지주소
서울 영등포구 여의도한강공원길 231  (여의도동) 여의도유람선터미널
지도보기
인근지하철

지원자격
경력
경력무관
학력
학력무관

접수기간 · 방법
마감일은 기업의 사정으로 인해 조기 마감 또는 변경될 수 있습니다

기업 정보
기업정보 더보기
사원수
50명 이하
기업구분
중소기업 (비상장)
산업(업종)
내항 여객 운송업
지도보기
위치
서울 영등포구 여의도한강공원길 231 (여의도동) 여의도유람선터미널","{
  ""@context"": ""https://schema.org"",
  ""@type"": ""JobPosting"",
  ""title"": ""온라인 마케팅·홍보 담당"",
  ""description"": ""㈜서울크루즈에서 정규직 경력무관 채용을 진행합니다. 근무지는 서울 영등포구 여의도한강공원길 231  (여의도동)이며, 자세한 조건은 공고를 통해 확인할 수 있습니다."",
  ""datePosted"": ""2026-05-04"",
  ""validThrough"": ""2026-06-03T23:59"",
  ""employmentType"": ""FULL_TIME"",
  ""experienceRequirements"": ""경력무관"",
  ""educationRequirements"": ""학력무관"",
  ""directApply"": true,
  ""hiringOrganization"": {
    ""@type"": ""Organization"",
    ""name"": ""㈜서울크루즈""
  },
  ""jobLocation"": {
    ""@type"": ""Place"",
    ""address"": {
      ""@type"": ""PostalAddress"",
      ""streetAddress"": ""서울 영등포구 여의도한강공원길 231  (여의도동) 여의도유람선터미널""
    }
  },
  ""identifier"": {
    ""@type"": ""PropertyValue"",
    ""name"": ""JobKorea"",
    ""value"": ""49100122""
  },
  ""url"": ""https://www.jobkorea.co.kr/Recruit/GI_Read/49100122""
}",success,
근로복지공단,https://www.jobkorea.co.kr/Recruit/GI_Read/49100123,"근로복지공단
채용제목을 입력해주세요
※ 자세한 상세요강은 반드시 채용 홈페이지에서 직접 확인해 주시기 바랍니다.","모집요강
모집분야
치과위생사
모집인원
○
명
고용형태
계약직
급여
회사 내규에 따름
근무지주소
경남 창원시 성산구 창원대로 721 (중앙동, 창원병원)
지도보기

지원자격
경력
신입

접수기간 · 방법
마감일은 기업의 사정으로 인해 조기 마감 또는 변경될 수 있습니다

기업 정보
기업정보 더보기
사원수
10,001명 이상
기업구분
공공기관 (-)
산업(업종)
보건 및 복지 행정
위치
울산광역시 중구 종가로 340  (교동) 근로복지공단","{
  ""@context"": ""https://schema.org"",
  ""@type"": ""JobPosting"",
  ""title"": ""[창원병원] 기간제(치과위생사) 채용"",
  ""description"": ""근로복지공단에서 계약직 신입 채용을 진행합니다. 근무지는 경남 창원시 성산구 창원대로 721 (중앙동, 창원병원)이며, 자세한 조건은 공고를 통해 확인할 수 있습니다."",
  ""datePosted"": ""2026-04-30"",
  ""validThrough"": ""2026-05-07T17:30"",
  ""employmentType"": ""CONTRACTOR"",
  ""experienceRequirements"": ""신입"",
  ""educationRequirements"": ""학력무관"",
  ""directApply"": true,
  ""hiringOrganization"": {
    ""@type"": ""Organization"",
    ""name"": ""근로복지공단""
  },
  ""jobLocation"": {
    ""@type"": ""Place"",
    ""address"": {
      ""@type"": ""PostalAddress"",
      ""streetAddress"": ""경남 창원시 성산구 창원대로 721 (중앙동, 창원병원) ""
    }
  },
  ""identifier"": {
    ""@type"": ""PropertyValue"",
    ""name"": ""JobKorea"",
    ""value"": ""49100123""
  },
  ""url"": ""https://www.jobkorea.co.kr/Recruit/GI_Read/49100123""
}",success,
수원문화원,https://www.jobkorea.co.kr/Recruit/GI_Read/49100124,"수원문화원
수원시 빛누리아트홀 직원 채용 공고
수원문화원은 1957년에 설립된 회사로 직원수 16명 규모의 비영리단체입니다. 경기 수원시 권선구 호매실로 237 (호매실동, 수원문화원빛누리아트홀)에 위치하고 있으며, 지역문화(향토자료 포함)의 발굴·수집·조사·연구 및 활용 등사업을 하고 있습니다.
자격요건
공연기획팀(주임)
( 1명 )
● 담당업무
- 공연기획팀 업무
ㆍ공연프로그램 기획 및 운영
ㆍ공모사업 기획 및 운영
ㆍ관객 만족도 조사 실시 및 결과 분석 보고
ㆍ홈페이지 운영 및 관리
ㆍ기타 공연기획에 필요한 업무
- 기타 업무에 수반되는 행정 업무
●
자격요건
-
수원문화원 취업규칙에 의한 정년
(
만
63
세
)
미만인 자
- 해당 직무 유경험자
-
지역문화발전에 대한 사명의식을 가진 자
-
남자의 경우 공고일 현재 병역필 또는 면제된 자
-
학력
,
경력
,
성별
,
거주지 제한 없음
-
「
아동
·
청소년의 성보호에 관한 법률
」
제
56
조 및 같은 법 시행령 제
25
조에 따른 취업제한 대상이 아닌 자
-
「
아동복지법
」
제
29
조의
3
및 같은 법 시행령 제
26
조의
5
에 따른 취업제한 대상이 아닌 자
●
우대사항
- 관련 자격증 소지자 또는 관련 학과 전공자
●
결격사유
-
수원문화원
「
취업규칙
」
제
9
조
(
채용자격
)
에 해당되는 자
1.
피성년후견인 또는 피한정후견인
2.
파산선고를 받고 복권되지 아니한 자
3.
금고이상의 형을 선고받고 그 집행이 종료되거나 집행이 면제된 후
5
년을 경과하지 아니한 자
4.
금고이상의 형을 받고 그 집행유예의 기간이 완료된 날로부터
2
년을 경과하지 아니한 자
5.
금고이상의 형의 선고유예를 받고 그 선고유예기간 중에 있는 자
6.
법원의 판결 또는 법률에 의하여 공민권이 정지 또는 박탈된 자
7.
병역을 기피한 자
8.
타 직장에서 부정행위 또는 근무태만 등으로 인하여 해고된 자
9.
사상불온 또는 불량한 소행의 사실이 있는 자로서 채용이 부적당하다고 판단되는 자
10.
졸업예정자로 응시하여 채용되었으나
,
정해진 기간에 졸업하지 못한 자
11.
국가기관 또는 문화단체에서 징계처분에 의하여 파면된 날로부터
2
년이 경과하지 아니한 자
12.
기타 사회통념상 채용기준에 미달한다고 인정되는 자
전형절차
- 1차 서류심사
ㆍ
심사결과 발표 : 2026. 5. 21.(목) 수원문화원 홈페이지 게시 및 개별 연락
- 2차 면접심사 :
1차 서류심사 합격자 대상
ㆍ
2026. 5. 27.(수)
- 최종합격자 발표
ㆍ
2026
. 5. 27.(수)
수원문화원 홈페이지 게시 및 개별 연락
- 근무시작일 :
2026. 6. 1.(월)
※ 세부 내용은 수원문화원 홈페이지(http://www.suwonsarang.com) 채용 공고 참조 바람
※
심사 및 발표 일정은 상황에 따라 변경될 수 있으며
,
변경 시 대상자 개별 통지 예정
접수방법
- 접수기간 :
2026. 5. 4.(월) ~ 5. 18.(월) 17:00까지 (어린이날, 일요일 제외)
- 접수방법 :
이메일(cc440sw@daum.net
방문(수원시 권선구 호매실로 237 수원시 빛누리아트홀)
※
이메일 제목 및 파일명은
‘
직원 채용 지원서
_
성명
’
표기
※
제출서류 미비 및 마감시간 이후 제출한 지원서는 접수되지 않음
.
서류전형 제출서류
ㆍ
응시원서
(
문화원 양식-붙임 1
,
최근
6
개월 이내 사진 포함
) 1
부
ㆍ
자기소개서 및 업무에 대한 소견
(
문화원 양식-붙임 2
, A4
용지
1~2
매 내외
) 1
부
ㆍ
경력요약서
(
문화원 양식-붙임 3
,
해당자에 한함
) 1
부
ㆍ
개인정보 수집
·
이용 동의서
(
문화원 양식-붙임 4
) 1
부
ㆍ
기타 응시원서에 기재된 사항을 증명할 수 있는 서류
(
자격증
,
학력증명서
,
경력증명서 등
)
기타 유의사항
ㆍ
응시원서나 각종 증명서의 기재 착오 및 누락
,
연락 불능 등으로 발생하는 일체의 불이익은 응시자의 책임이며
,
제출된 서류에서 위조
,
변조
,
허위사실이 발견된 때에는 합격을 취소함
.
ㆍ
서류 제출 시 제공된 서식 외에 타 서식의 지원서는 접수되지 않음
.
ㆍ
지원자수가 채용인원의
2
배수 미만 또는 적임자가 없는 경우 합격자를 선발하지 않을 수 있음
.
ㆍ
최종합격자의 임용 포기
,
합격 취소
,
결격사유 등으로 결원이 발생할 경우
,
합격 발표일로부터
3
개월 이내 예비합격자 중 채용할 수 있음
.
ㆍ
「
채용 절차의 공정화에 관한 법률
」
제
11
조
(
채용서류의 반환 등
)
에 의거
,
채용과정에서 직접 제출한 서류 일체 반환 청구 가능
.
-
반환 청구 기간
:
구직자의 채용 여부가 확정된 날 이후
20
일까지
※
청구기간이 지난 채용서류는
「
개인정보보호법
」
에 따라 파기함
.
-
신청방법
:
채용서류 반환 청구서를 작성 후
(
반드시 자필 작성 및 서명
)
이메일
(cc440sw@daum.net)
또는 팩스
(0508-942-2161)
전송
※
반환 청구서를 접수 후
14
일 이내에 본인 확인 후 채용서류 반환
.
※
직접 방문 수령 등 희망하는 경우 반환 청구서에 기재
.
※
위에 언급하지 않은 사항은
「
채용 절차의 공정화에 관한 법률
」
을 따름
.
ㆍ
본 공고 내용은 사정에 의해 변경될 수 있으며
,
기타 자세한 사항은 수원문화원 경영기획팀
(
☎
031-244-2161)
으로 문의 바람
.","모집요강
모집분야
공연기획
모집인원
1
명
고용형태
계약직
(근무기간 9개월)
직급/직책
급여
월급 252만원 이상
근무시간
주5일(월~금)
08:30 ~ 17:30
※ 단, 업무 수행을 위해 시간 외 또는 주말 근무 발생할 수 있음.
근무지주소
경기 수원시 권선구 호매실로 237 (호매실동, 수원문화원빛누리아트홀)
지도보기

지원자격
경력
경력
학력
초대졸이상
우대조건
기본우대
관련 학과 전공자, 관련 자격증 소지자

접수기간 · 방법
마감일은 기업의 사정으로 인해 조기 마감 또는 변경될 수 있습니다

기업 정보
기업정보 더보기
사원수
50명 이하
기업구분
비영리단체·교육재단 (비상장)
산업(업종)
공기업·공공기관
지도보기
위치
경기 수원시 권선구 호매실로 237 (호매실동, 수원문화원빛누리아트홀) 3층 수원문화원

복리후생
기타 복리후생
시간외수당","{
  ""@context"": ""https://schema.org"",
  ""@type"": ""JobPosting"",
  ""title"": ""수원시 빛누리아트홀 직원 채용 공고(공연기획)"",
  ""description"": ""수원문화원에서 계약직 경력 채용을 진행합니다. 근무지는 경기 수원시 권선구 호매실로 237 (호매실동, 수원문화원빛누리아트홀)이며, 자세한 조건은 공고를 통해 확인할 수 있습니다."",
  ""datePosted"": ""2026-05-04"",
  ""validThrough"": ""2026-05-18T17:00"",
  ""employmentType"": ""CONTRACTOR"",
  ""experienceRequirements"": ""경력"",
  ""educationRequirements"": ""초대졸 이상"",
  ""directApply"": true,
  ""hiringOrganization"": {
    ""@type"": ""Organization"",
    ""name"": ""수원문화원""
  },
  ""jobLocation"": {
    ""@type"": ""Place"",
    ""address"": {
      ""@type"": ""PostalAddress"",
      ""streetAddress"": ""경기 수원시 권선구 호매실로 237 (호매실동, 수원문화원빛누리아트홀) ""
    }
  },
  ""baseSalary"": {
    ""@type"": ""MonetaryAmount"",
    ""currency"": ""KRW"",
    ""value"": {
      ""@type"": ""QuantitativeValue"",
      ""value"": 2520000,
      ""unitText"": ""MONTH""
    }
  },
  ""identifier"": {
    ""@type"": ""PropertyValue"",
    ""name"": ""JobKorea"",
    ""value"": ""49100124""
  },
  ""url"": ""https://www.jobkorea.co.kr/Recruit/GI_Read/49100124""
}",success,
㈜쉐이퍼 (shaper Inc.),https://www.jobkorea.co.kr/Recruit/GI_Read/49100125,"㈜쉐이퍼 (shaper Inc.)
(주)쉐이퍼_영상PD 채용
안녕하세요,
쉐이퍼(Shaper)
입니다.
저희는 (주)쉐이퍼, (주)닥터릿 법인으로
현재 비밀랩, 글램스, 레그필, 우먼정, 링클컷 등
약사가 직접 개발한 여성 맞춤형 화장품, 뷰티디바이스, 영양제 브랜드를 만들고 있습니다.
온라인뿐 아니라 물류·제조 등 오프라인 사업 영역에서도 활발히 성장
하고 있습니다.
2023년 오픈 이후,
누적 매출 400억 원을 돌파하며 초고속 성장세를 이어가고 있는 쉐이퍼
입니다.
포지션 및 자격요건
포지션
( 1명 )
주요업무
- 광고 영상 기획 및 제작을 담당해요
-
영상 편집 및 후반 작업을 수행해요
-
콘텐츠 아이디어를 제안해요
-
촬영 스케줄을 관리해요
-
영상팀과 협업하여 프로젝트를 완성해요
자격요건
-
경력 무관 (신입 지원 가능)
-
학력무관
-
영상 편집 툴 사용 경험이 필요해요
-
창의적인 아이디어를 제안할 수 있어요
-
팀워크에 능숙한 분을 찾고 있어요
-
빠른 업무 처리 능력을 갖추고 있어요
-
미디어 트렌드에 관심이 많아요
우대사항
-
광고 분야 경험자를 우대해요
-
포트폴리오 제출 시 우대해요
-
촬영 장비 사용 경험이 있으면 좋아요
-
다양한 미디어 프로젝트 경험자 선호해요
-
영상 제작 관련 학위 소지자를 우대해요
전형절차
ㆍ서류전형 > 1차면접 > 최종합격
ㆍ면접일정은 추후 통보됩니다.
유의사항
ㆍ허위사실이 발견될 경우 채용이 취소될 수 있습니다.","모집요강
모집분야
이커머스 영상 편집 PD 숏폼 광고형
모집인원
○
명
고용형태
정규직
급여
회사 내규에 따름 (면접 후 결정)
근무시간
주5일(월~금)
09:30 ~ 18:30
수요일은 6시 퇴근
근무지주소
서울 강남구 테헤란로52길 21 (역삼동, 역삼동 벤처빌딩) 1502호
지도보기
인근지하철

지원자격
경력
경력무관
학력
학력무관

접수기간 · 방법
마감일은 기업의 사정으로 인해 조기 마감 또는 변경될 수 있습니다

기업 정보
기업정보 더보기
사원수
50명 이하
기업구분
중소기업 (비상장)
산업(업종)
백화점·유통·도소매
지도보기
위치
서울 강남구 테헤란로52길 21 (역삼동, 역삼동 벤처빌딩) 1502호","{
  ""@context"": ""https://schema.org"",
  ""@type"": ""JobPosting"",
  ""title"": ""[미디어커머스] 영상편집자"",
  ""description"": ""㈜쉐이퍼 (shaper Inc.)에서 정규직 경력무관 채용을 진행합니다. 근무지는 서울 강남구 테헤란로52길 21 (역삼동, 역삼동 벤처빌딩)이며, 자세한 조건은 공고를 통해 확인할 수 있습니다."",
  ""datePosted"": ""2026-05-04"",
  ""validThrough"": ""2026-06-03T23:59"",
  ""employmentType"": ""FULL_TIME"",
  ""experienceRequirements"": ""경력무관"",
  ""educationRequirements"": ""학력무관"",
  ""directApply"": true,
  ""hiringOrganization"": {
    ""@type"": ""Organization"",
    ""name"": ""㈜쉐이퍼 (shaper Inc.)""
  },
  ""jobLocation"": {
    ""@type"": ""Place"",
    ""address"": {
      ""@type"": ""PostalAddress"",
      ""streetAddress"": ""서울 강남구 테헤란로52길 21 (역삼동, 역삼동 벤처빌딩) 1502호""
    }
  },
  ""identifier"": {
    ""@type"": ""PropertyValue"",
    ""name"": ""JobKorea"",
    ""value"": ""49100125""
  },
  ""url"": ""https://www.jobkorea.co.kr/Recruit/GI_Read/49100125""
}",success,
광주연세안과,https://www.jobkorea.co.kr/Recruit/GI_Read/49100126,"광주연세안과
함께하실 검사실 선생님을 충원합니다.
광주연세안과는 2012년에 설립된 회사로 사원수 30명 규모의 중소기업입니다. 경기 광주시 광주대로 31 (경안동)에 위치하고 있으며, 안과진료 수술사업을 하고 있습니다.
포지션 및 자격요건
검안사
( ○명 )
담당업무
ㆍ상세내용을 입력하세요
ㆍ상세내용을 입력하세요
자격요건
ㆍ학력 : 초대졸이상 (졸업예정자 가능)
ㆍ경력 : 신입·경력
우대사항
ㆍ자격증 : 안경사, 간호사,간호조무사
전형절차
ㆍ서류전형 > 1차면접 > 2차면접 > 임원면접 > 최종합격
ㆍ면접일정은 추후 통보됩니다.
유의사항
ㆍ허위사실이 발견될 경우 채용이 취소될 수 있습니다.","모집요강
모집분야
검안사
모집인원
○
명
고용형태
정규직
급여
회사 내규에 따름 (면접 후 결정)
근무시간
주5일(월~금)
09:00 ~ 18:30
탄력근무제
월~토 중 주 1회 off   (토요일은 9:00 - 14:00)
근무지주소
경기 광주시 광주대로 31 (경안동) 3층 (지에이타워)
지도보기
인근지하철

지원자격
경력
신입·경력
학력
초대졸이상
(졸업예정자 가능)
우대조건
자격증
안경사,  간호사, 간호조무사

접수기간 · 방법
마감일은 기업의 사정으로 인해 조기 마감 또는 변경될 수 있습니다

기업 정보
기업정보 더보기
사원수
50명 이하
기업구분
중소기업 (비상장)
산업(업종)
제약·보건·바이오
지도보기
위치
경기 광주시 광주대로 31 (경안동) 3층 광주연세안과(ga타워)","{
  ""@context"": ""https://schema.org"",
  ""@type"": ""JobPosting"",
  ""title"": ""함께하실 검사실 선생님을 충원합니다."",
  ""description"": ""광주연세안과에서 정규직 신입·경력 채용을 진행합니다. 근무지는 경기 광주시 광주대로 31 (경안동)이며, 자세한 조건은 공고를 통해 확인할 수 있습니다."",
  ""datePosted"": ""2026-05-04"",
  ""validThrough"": ""2026-06-03T23:59"",
  ""employmentType"": ""FULL_TIME"",
  ""experienceRequirements"": ""신입·경력"",
  ""educationRequirements"": ""초대졸 이상"",
  ""directApply"": true,
  ""hiringOrganization"": {
    ""@type"": ""Organization"",
    ""name"": ""광주연세안과""
  },
  ""jobLocation"": {
    ""@type"": ""Place"",
    ""address"": {
      ""@type"": ""PostalAddress"",
      ""streetAddress"": ""경기 광주시 광주대로 31 (경안동) 3층 (지에이타워)""
    }
  },
  ""identifier"": {
    ""@type"": ""PropertyValue"",
    ""name"": ""JobKorea"",
    ""value"": ""49100126""
  },
  ""url"": ""https://www.jobkorea.co.kr/Recruit/GI_Read/49100126""
}",success,
엔터테인먼트투엠,https://www.jobkorea.co.kr/Recruit/GI_Read/49100127,"엔터테인먼트투엠
기획/홍보/콘텐츠  채용공고
포지션 및 자격요건
컨벤션 기획
( 1명 )
담당업무
ㆍ제안서 기획 및 작성
ㆍ행사,콘텐츠,연출 기획 및 진행
스킬
ㆍTOEFL, TOEIC, 운전면허, 프레젠테이션, 한컴
핵심역량
ㆍ
성실성,
창의성,
성취지향성, 꼼꼼함, 성장지향성
자격요건
ㆍ학력 : 대졸이상 (졸업예정자 가능)
ㆍ경력 : 신입 경력무관
우대사항
ㆍ외국어 : TOEIC , TOEIC(Speaking)
ㆍ전공 : 컨벤션경영학과, 컨벤션ㆍ이벤트학과
전형절차
ㆍ서류전형 > 1차면접 > 2차면접 > 임원면접 > 최종합격
ㆍ면접일정은 추후 통보됩니다.
유의사항
ㆍ허위사실이 발견될 경우 채용이 취소될 수 있습니다.","모집요강
모집분야
컨벤션 기획
모집인원
○
명
고용형태
정규직
(협의)
직급/직책
급여
회사 내규에 따름 (면접 후 결정)
근무시간
주5일(월~금)
09:30 ~ 18:30
탄력근무제
근무지주소
서울 성동구 아차산로17길 48 (성수동2가, 성수SKV1CENTERI) 15층 투엠엔터테인먼트
지도보기
인근지하철

지원자격
경력
경력무관
학력
대졸이상
(졸업예정자 가능)
스킬
핵심역량
성실성
,
창의성
,
성장지향성
,
성취지향성
,
꼼꼼함
우대조건
외국어
[
]
[
]
우대전공

접수기간 · 방법
마감일은 기업의 사정으로 인해 조기 마감 또는 변경될 수 있습니다

기업 정보
기업정보 더보기
사원수
50명 이하
기업구분
중소기업 (비상장)
산업(업종)
공연 기획업
지도보기
위치
서울 성동구 아차산로17길 48 (성수동2가, 성수SKV1CENTERI) 15층 투엠엔터테인먼트","{
  ""@context"": ""https://schema.org"",
  ""@type"": ""JobPosting"",
  ""title"": ""기획/홍보/콘텐츠  직원채용"",
  ""description"": ""엔터테인먼트투엠에서 정규직 경력무관 채용을 진행합니다. 근무지는 서울 성동구 아차산로17길 48 (성수동2가, 성수SKV1CENTERI)이며, 자세한 조건은 공고를 통해 확인할 수 있습니다."",
  ""datePosted"": ""2026-05-04"",
  ""validThrough"": ""2026-07-03T23:59"",
  ""employmentType"": ""FULL_TIME"",
  ""experienceRequirements"": ""경력무관"",
  ""educationRequirements"": ""대졸 이상"",
  ""directApply"": true,
  ""hiringOrganization"": {
    ""@type"": ""Organization"",
    ""name"": ""엔터테인먼트투엠""
  },
  ""jobLocation"": {
    ""@type"": ""Place"",
    ""address"": {
      ""@type"": ""PostalAddress"",
      ""streetAddress"": ""서울 성동구 아차산로17길 48 (성수동2가, 성수SKV1CENTERI) 15층 투엠엔터테인먼트""
    }
  },
  ""identifier"": {
    ""@type"": ""PropertyValue"",
    ""name"": ""JobKorea"",
    ""value"": ""49100127""
  },
  ""url"": ""https://www.jobkorea.co.kr/Recruit/GI_Read/49100127""
}",success,
검색,https://www.jobkorea.co.kr/Recruit/GI_Read/49100128,"주식회사 메타써치
[화장품 C] 상품기획 _ BM
주식회사 메타써치는 2021년에 설립된 회사로 자본금 5,000만원 사원수 70명 규모의 중소기업입니다. 서울 강남구 테헤란로53길 23 (역삼동)에 위치하고 있으며, 헤드헌팅사업을 하고 있습니다.
포지션 및 자격요건
C화장품  상품기획
( 1명 )
* 3개 브랜드 운영 / 선택적 출근제 / 식비 지원 / 성과급 지급
[C화장품/코스메틱] 상품기획 _ BM
(1명)
주요업무
1 제품 기획 및 런칭
- 시장 및 고객 분석을 기반으로 제품 컨셉 도출
- 성분, 제형, 패키지를 포함한 제품 개발 전반 리딩
- 제품 기획부터 런칭까지 End-to-End 관리
2 매출 중심 제품 전략
- 기존 제품 리뉴얼 및 매출 구조 개선
- SKU별 역할 정의 및 히트 제품 육성
- 제품별 판매 포인트 및 전환 구조 설계
3 콘텐츠 및 상세페이지 기획
- 구매 전환 중심의 상세페이지 구조 기획
- 제품 USP 및 핵심 메시지 도출
- 마케팅 및 콘텐츠 방향성 정의
4 트렌드 분석 및 신제품 기획
- 시장 및 경쟁사 분석을 통한 인사이트 도출
- 트렌드 기반 신제품 기획 및 포트폴리오 설계
5 제조사 및 파트너 협업
- 제조사, 원료사 및 외부 파트너 커뮤니케이션
- 제품 완성도 및 일정 관리
자격요건
상품 기획 및 개발을 처음부터 끝까지 경험한 분 (관련 경력 3년~10년)
제품 기획 및 개발을 End-to-End로 경험한 분
제품의 매출 구조 및 성과를 직접 만들어본 경험이 있는 분
단순 실행이 아닌, 기획 → 결과까지 책임지는 성향의 인재
근무지
*  강남구 (본사 사옥)
전형절차
ㆍ서류전형 > 1차면접 > 2차면접 > 임원면접 > 최종합격
ㆍ면접일정은 추후 통보됩니다.
유의사항
ㆍ허위사실이 발견될 경우 채용이 취소될 수 있습니다.",,,success,
,https://www.jobkorea.co.kr/Recruit/GI_Read/49100129,,,,fail,HTTP status code 404
한북기술단,https://www.jobkorea.co.kr/Recruit/GI_Read/49100130,"한북기술단
건축설비설계(기계설비/기계소화)
신입사원 및 경력자 채용. (자격증 우대)
한북기술단은 2009년에 설립된 회사로 사원수 12명 규모의 중소기업입니다. 경기 의정부시 시민로19번길 10 (의정부동)에 위치하고 있으며, 전기,통신,소방,기계설비 설계 및 감리사업을 하고 있습니다.
포지션 및 자격요건
건축기계설계  / 기계소방설계
( 2명 )
담당업무
ㆍ
건축기계설계
ㆍ
기계소방설계
스킬
ㆍAutoCAD
자격요건
ㆍ학력 : 학력무관
ㆍ경력 : 신입·경력
우대사항
ㆍ운전가능자
ㆍ관련 자격증 보유자
ㆍ자격증 : 소방설비기사(기계분야), 소방설비기사(전기분야)
ㆍ전공 : 소방방재학과, 건축학
전형절차
ㆍ서류전형 > 1차면접 > 2차면접 > 임원면접 > 최종합격
ㆍ면접일정은 추후 통보됩니다.
유의사항
ㆍ허위사실이 발견될 경우 채용이 취소될 수 있습니다.","모집요강
모집분야
건축기계설계  / 기계소방설계
모집인원
2
명
고용형태
정규직
직급/직책
급여
회사 내규에 따름 (면접 후 결정)
근무시간
주5일(월~금)
09:00 ~ 18:00
근무지주소
경기 의정부시 의정부동 550 신일빌딩  201호
지도보기
인근지하철

지원자격
경력
신입·경력
학력
학력무관
스킬
우대조건
기본우대
운전가능자, 관련 자격증 보유자
자격증
우대전공

접수기간 · 방법
마감일은 기업의 사정으로 인해 조기 마감 또는 변경될 수 있습니다

기업 정보
기업정보 더보기
사원수
50명 이하
기업구분
중소기업 (비상장)
산업(업종)
건축·설비·환경
지도보기
위치
경기 의정부시 시민로19번길 10 (의정부동) 3층","{
  ""@context"": ""https://schema.org"",
  ""@type"": ""JobPosting"",
  ""title"": ""건축설비설계(기계설비/기계소화) 신입사원 및 경력자 채용. (자격증 우대)"",
  ""description"": ""한북기술단에서 정규직 신입·경력 채용을 진행합니다. 근무지는 경기 의정부시 의정부동이며, 자세한 조건은 공고를 통해 확인할 수 있습니다."",
  ""datePosted"": ""2026-05-04"",
  ""validThrough"": ""2026-06-03T23:59"",
  ""employmentType"": ""FULL_TIME"",
  ""experienceRequirements"": ""신입·경력"",
  ""educationRequirements"": ""학력무관"",
  ""directApply"": true,
  ""hiringOrganization"": {
    ""@type"": ""Organization"",
    ""name"": ""한북기술단""
  },
  ""jobLocation"": {
    ""@type"": ""Place"",
    ""address"": {
      ""@type"": ""PostalAddress"",
      ""streetAddress"": ""경기 의정부시 의정부동 550 신일빌딩  201호""
    }
  },
  ""identifier"": {
    ""@type"": ""PropertyValue"",
    ""name"": ""JobKorea"",
    ""value"": ""49100130""
  },
  ""url"": ""https://www.jobkorea.co.kr/Recruit/GI_Read/49100130""
}",success,
㈜성원애드피아몰,https://www.jobkorea.co.kr/Recruit/GI_Read/49100131,"㈜성원애드피아몰
쇼핑몰운영 업무 지원
직군
모집부분
업무내용
자격요건 및 우대요건
이커머스 운영직
(1명)
쇼핑몰운영
업무지원
[자격요건]
· 포토샵, 일러스트 등 기본적인 툴을 다뤄보신 분
·
  온라인 쇼핑몰 상품 등록 및 간단한 관리
· 원활한 소통이 가능하신 분
·
  상세페이지 수정 및 간단한 디자인 작업
· 꼼꼼하게 업무를 진행하실 수 있는 분
·
  디자인 보조 및 고객 요청 파일 수정
[우대요건]
·
  고객 문의 응대 및 진행 상황 안내
· 쇼핑몰 또는 온라인 업무 경험이 있으신 분
· 상세페이지 또는 간단한 디자인 작업경험
이 있으신 분
· 스마트스토어 경험 있으신 분
◈
전형절차
·
  서류전형 > 면접전형 > 처우협의 > 최종합격
·
  면접일정은 개별 통보 됩니다.
◈
유의사항
·
  허위사실이 발견될 경우 채용이 취소될 수 있습니다.
·
  정규직 채용의 경우, 수습기간 3개월 적용 후 평가에 따라 채용여부가 결정됩니다.
·
  채용절차 및 일정은 회사 사정에 의해 변경될 수 있습니다.","모집요강
모집분야
웹디자인&AMD
모집인원
○
명
고용형태
정규직
(수습 3개월)
직급/직책
급여
회사 내규에 따름 (면접 후 결정)
근무시간
주5일(월~금)
09:00 ~ 18:00
근무지주소
서울 성동구 성수일로 89 (성수동1가, Metamorpho(지식산업센터)) 205호
지도보기
인근지하철

지원자격
경력
경력
학력
학력무관
스킬
우대조건
기본우대
인근거주자, 컴퓨터활용능력 우수자, 유관업무 경험자(인턴·알바), 관련 자격증 보유자, 유관업무 경력자(3년)

접수기간 · 방법
마감일은 기업의 사정으로 인해 조기 마감 또는 변경될 수 있습니다

기업 정보
기업정보 더보기
사원수
50명 이하
기업구분
중소기업 (비상장)
산업(업종)
경 인쇄업
지도보기
위치
서울 성동구 성수일로 84 (성수동2가, 남영아파트형공장) 2층","{
  ""@context"": ""https://schema.org"",
  ""@type"": ""JobPosting"",
  ""title"": ""온라인 쇼핑몰 운영 어시스턴트 (신입/경력, 디자인 가능자 우대)"",
  ""description"": ""㈜성원애드피아몰에서 정규직 경력 채용을 진행합니다. 근무지는 서울 성동구 성수일로 89 (성수동1가, Metamorpho(지식산업센터))이며, 자세한 조건은 공고를 통해 확인할 수 있습니다."",
  ""datePosted"": ""2026-05-04"",
  ""validThrough"": ""2026-06-03T23:59"",
  ""employmentType"": ""FULL_TIME"",
  ""experienceRequirements"": ""경력"",
  ""educationRequirements"": ""학력무관"",
  ""directApply"": true,
  ""hiringOrganization"": {
    ""@type"": ""Organization"",
    ""name"": ""㈜성원애드피아몰""
  },
  ""jobLocation"": {
    ""@type"": ""Place"",
    ""address"": {
      ""@type"": ""PostalAddress"",
      ""streetAddress"": ""서울 성동구 성수일로 89 (성수동1가, Metamorpho(지식산업센터)) 205호""
    }
  },
  ""identifier"": {
    ""@type"": ""PropertyValue"",
    ""name"": ""JobKorea"",
    ""value"": ""49100131""
  },
  ""url"": ""https://www.jobkorea.co.kr/Recruit/GI_Read/49100131""
}",success,
㈜이앤에이디자인,https://www.jobkorea.co.kr/Recruit/GI_Read/49100132,"㈜이앤에이디자인
건설업 공무부 경력/신입 직원 모집합니다.(공무, 총무)
㈜이앤에이디자인은 2012년에 설립된 회사로 자본금 2억원, 매출액 22억 7천만, 사원수 10명 규모의 중소기업입니다. 서울 구로구 디지털로 271 (구로동, 벽산디지털밸리Ⅲ)에 위치하고 있으며, 인테리어사업을 하고 있습니다.
포지션 및 자격요건
총무 관리
( 1명 )
담당업무
ㆍ건설업 공무 및 사무
ㆍ공사 관련 서류 정리 및 발주처 대응
ㆍ자금 관리 및 기타 회계, 행정 업무 지원
ㆍ거래처 작업건 금액 청구 및 관리
스킬
ㆍExcel, PowerPoint, 워드, Microsoft Office
핵심역량
ㆍ
꼼꼼함,
계획성, 성실성, 스트레스관리, 적응성
자격요건
ㆍ학력 : 학력무관
ㆍ경력 : 신입·경력
우대사항
ㆍ유관업무 경력자 (2년)
ㆍ장기근무 가능자
전형절차
ㆍ서류전형 > 1차면접 > 2차면접 > 임원면접 > 최종합격
ㆍ면접일정은 추후 통보됩니다.
유의사항
ㆍ허위사실이 발견될 경우 채용이 취소될 수 있습니다.","모집요강
모집분야
사무 관리, 건설업 사무 및 공무 관리자
모집인원
1
명
고용형태
정규직
(수습 2개월)
직급/직책
급여
연봉 2,800~3,200만원 (면접 후 결정)
근무시간
주5일(월~금)
09:00 ~ 18:00
근무지주소
서울 구로구 디지털로 271 (구로동, 벽산디지털밸리Ⅲ) 106호
지도보기
인근지하철

지원자격
경력
신입·경력
학력
고졸이상
스킬
핵심역량
꼼꼼함
,
스트레스관리
,
적응성
,
계획성
,
성실성
우대조건
기본우대
유관업무 경력자(2년), 장기근무 가능자

접수기간 · 방법
마감일은 기업의 사정으로 인해 조기 마감 또는 변경될 수 있습니다

기업 정보
기업정보 더보기
사원수
50명 이하
기업구분
중소기업 (비상장)
산업(업종)
건축·설비·환경
지도보기
위치
서울 구로구 디지털로 271 (구로동, 벽산디지털밸리Ⅲ) 106호

복리후생
기타 복리후생
회사 내규에 따른 복리후생","{
  ""@context"": ""https://schema.org"",
  ""@type"": ""JobPosting"",
  ""title"": ""실내건설업 공무부 경력/신입 직원 모집합니다.(공무 및 총무 업무)"",
  ""description"": ""㈜이앤에이디자인에서 정규직 신입·경력 채용을 진행합니다. 근무지는 서울 구로구 디지털로 271 (구로동, 벽산디지털밸리Ⅲ)이며, 자세한 조건은 공고를 통해 확인할 수 있습니다."",
  ""datePosted"": ""2026-05-04"",
  ""validThrough"": ""2026-06-03T23:59"",
  ""employmentType"": ""FULL_TIME"",
  ""experienceRequirements"": ""신입·경력"",
  ""educationRequirements"": ""고졸 이상"",
  ""directApply"": true,
  ""hiringOrganization"": {
    ""@type"": ""Organization"",
    ""name"": ""㈜이앤에이디자인""
  },
  ""jobLocation"": {
    ""@type"": ""Place"",
    ""address"": {
      ""@type"": ""PostalAddress"",
      ""streetAddress"": ""서울 구로구 디지털로 271 (구로동, 벽산디지털밸리Ⅲ) 106호""
    }
  },
  ""baseSalary"": {
    ""@type"": ""MonetaryAmount"",
    ""currency"": ""KRW"",
    ""value"": {
      ""@type"": ""QuantitativeValue"",
      ""unitText"": ""YEAR"",
      ""minValue"": 28000000,
      ""maxValue"": 32010000
    }
  },
  ""identifier"": {
    ""@type"": ""PropertyValue"",
    ""name"": ""JobKorea"",
    ""value"": ""49100132""
  },
  ""url"": ""https://www.jobkorea.co.kr/Recruit/GI_Read/49100132""
}",success,
,https://www.jobkorea.co.kr/Recruit/GI_Read/49100133,,,,fail,HTTP status code 404
㈜금강알앤에이,https://www.jobkorea.co.kr/Recruit/GI_Read/49100134,"㈜금강알앤에이
골재파쇄업 -  로더  운전원 모집
㈜금강알앤에이는 2016년에 설립된 회사로 자본금 2억원, 매출액 348억 9,864만원, 사원수 35명 규모의 중소기업입니다. 인천 서구 봉수대로 272 (석남동, 진보자원개발㈜)에 위치하고 있으며, 사무직 ) 영업관리 총무 경력자 우대 모집사업을 하고 있습니다.
포지션 및 자격요건
포지션
( 1명 )
업무내용
ㆍ
페이로더를 이용한 덤프트럭 골재(자갈, 모래) 상차 작업
ㆍ
골재장 내  제품 이동 작업
ㆍ
장비 일일 점검 및 간단한 유지관리
ㆍ
작업장 정리 및 안전수칙 준수
급여
ㆍ월급 380~400만원
ㆍ명절 및 휴가비 지원
복지
ㆍ
연 1회 전직원 건강검진
ㆍ
연말 전직원 해외 워크샵
ㆍ
식사제공 (조식, 중식, 석식)
조건
ㆍ 로더 면허증 필수 , 자차우
우대사항
ㆍ
국가보훈대상자는 관계 법령에 의해 우대함
ㆍ
동종업계 경력자
ㆍ
근거리 거주자
ㆍ
장기근속 가능자
전형절차
ㆍ서류전형 > 1차면접 > 2차면접 > 임원면접 > 최종합격
ㆍ면접일정은 추후 통보됩니다.
유의사항
ㆍ허위사실이 발견될 경우 채용이 취소될 수 있습니다.","모집요강
모집분야
골재파쇄업, 로더운전원, 페이로더
모집인원
1
명
고용형태
정규직
급여
월급 380~400만원
근무시간
주6일(월~토)
09:00 ~ 18:00
근무지주소
인천 서구 봉수대로 272 (석남동, 진보자원개발㈜) 사무실
지도보기

지원자격
경력
경력
(5년이상)
학력
학력무관
스킬
로더운전자, 페이로더 운전자, 로더 면허증

접수기간 · 방법
마감일은 기업의 사정으로 인해 조기 마감 또는 변경될 수 있습니다

기업 정보
기업정보 더보기
사원수
50명 이하
기업구분
중소기업 (비상장)
산업(업종)
비금속광물 분쇄물 생산업
지도보기
위치
인천 서구 봉수대로 272 (석남동, 진보자원개발㈜) 사무실","{
  ""@context"": ""https://schema.org"",
  ""@type"": ""JobPosting"",
  ""title"": ""골재파쇄업 - 로더운전원 모집"",
  ""description"": ""㈜금강알앤에이에서 정규직 경력 채용을 진행합니다. 근무지는 인천 서구 봉수대로 272 (석남동, 진보자원개발㈜)이며, 자세한 조건은 공고를 통해 확인할 수 있습니다."",
  ""datePosted"": ""2026-05-04"",
  ""validThrough"": ""2026-06-03T23:59"",
  ""employmentType"": ""FULL_TIME"",
  ""experienceRequirements"": ""경력"",
  ""educationRequirements"": ""학력무관"",
  ""directApply"": true,
  ""hiringOrganization"": {
    ""@type"": ""Organization"",
    ""name"": ""㈜금강알앤에이""
  },
  ""jobLocation"": {
    ""@type"": ""Place"",
    ""address"": {
      ""@type"": ""PostalAddress"",
      ""streetAddress"": ""인천 서구 봉수대로 272 (석남동, 진보자원개발㈜) 사무실""
    }
  },
  ""baseSalary"": {
    ""@type"": ""MonetaryAmount"",
    ""currency"": ""KRW"",
    ""value"": {
      ""@type"": ""QuantitativeValue"",
      ""unitText"": ""MONTH"",
      ""minValue"": 3800000,
      ""maxValue"": 4010000
    }
  },
  ""identifier"": {
    ""@type"": ""PropertyValue"",
    ""name"": ""JobKorea"",
    ""value"": ""49100134""
  },
  ""url"": ""https://www.jobkorea.co.kr/Recruit/GI_Read/49100134""
}",success,
,https://www.jobkorea.co.kr/Recruit/GI_Read/49100135,,,,fail,HTTP status code 404
노을집,https://www.jobkorea.co.kr/Recruit/GI_Read/49100136,"노을집
군자 한식주점 노을집 주방/홀 팀원 채용
노을집은 2024년에 설립된 회사로 중소기업입니다. 서울특별시 광진구 군자로 159(군자동)에 위치하고 있으며, 한식 주점사업을 하고 있습니다.
포지션 및 자격요건
주방 요리사 직원
( 1명 )
`노을이 질 무렵 모두가 모이는 곳` 이라는 슬로건을 토대로 익숙하지만 매력적인 한식 안주와
소주 맥주 그리고 다양한 막걸리와 전통주 등 다양한 주류와 함께 술맛 돋는 공간을 제공하는 한식 주점 브랜드 노을집 입니다.
2030 젊은 사장들과 열정 있는 팀원들로 무겁고 딱딱한 분위기가 아닌 젊고 에너지 넘치는 분위기 속에서 열정으로 함께 매장을 이끌어갈 인재를 찾습니다!
-술집 창업을 꿈꾸는 분
-외식업에서 성장을 꿈꾸는 분
-요리를 배우고 매장 운영의 이해를 배우고 싶은 분
-장사 기본인 서비스와 마인드를 배우고 싶은 분
감사하게도 고객분들의 많은 방문으로 더 나은 서비스를 위해 추가 채용을 진행합니다!
누구든 열정만 있으면 할 수 있습니다! 경력 초보 상관없이
편하게 지원 부탁드립니다:)
휴무 및 급여 조건
-월 8회 휴무 / 스케줄 근무(신청휴무 가능)
-300만원 이상( 면접 후 협상 가능)
자격요건
ㆍ학력 : 학력무관
ㆍ경력 : 경력무관
우대사항
ㆍ인근거주자, 즉시 출근 가능자
전형절차
ㆍ서류전형 > 1차면접 > 2차면접 > 임원면접 > 최종합격
ㆍ면접일정은 추후 통보됩니다.
유의사항
ㆍ허위사실이 발견될 경우 채용이 취소될 수 있습니다.","모집요강
모집분야
주방 요리사 / 홀 서버
모집인원
○
명
고용형태
정규직
급여
월급 280~320만원 (면접 후 결정)
근무시간
월 8회 휴무 스케줄 근무
15:00 ~ 02:00
근무지주소
서울특별시 광진구 군자로 159(군자동) 노을집
지도보기
인근지하철

지원자격
경력
경력무관
학력
학력무관
핵심역량
성실성
,
성취지향성
,
협동심
,
메타인지
,
성장지향성
우대조건
기본우대
인근거주자

접수기간 · 방법
마감일은 기업의 사정으로 인해 조기 마감 또는 변경될 수 있습니다

기업 정보
기업정보 더보기
사원수
50명 이하
기업구분
중소기업 (비상장)
산업(업종)
음식료·외식·프랜차이즈
지도보기
위치
서울특별시 광진구 군자로 159(군자동) 노을집","{
  ""@context"": ""https://schema.org"",
  ""@type"": ""JobPosting"",
  ""title"": ""군자 한식주점 노을집 주방 홀 팀원 채용"",
  ""description"": ""노을집에서 정규직 경력무관 채용을 진행합니다. 근무지는 서울특별시 광진구 군자로 159(군자동)이며, 자세한 조건은 공고를 통해 확인할 수 있습니다."",
  ""datePosted"": ""2026-05-04"",
  ""validThrough"": ""2026-06-03T23:59"",
  ""employmentType"": ""FULL_TIME"",
  ""experienceRequirements"": ""경력무관"",
  ""educationRequirements"": ""학력무관"",
  ""directApply"": true,
  ""hiringOrganization"": {
    ""@type"": ""Organization"",
    ""name"": ""노을집""
  },
  ""jobLocation"": {
    ""@type"": ""Place"",
    ""address"": {
      ""@type"": ""PostalAddress"",
      ""streetAddress"": ""서울특별시 광진구 군자로 159(군자동) 노을집""
    }
  },
  ""baseSalary"": {
    ""@type"": ""MonetaryAmount"",
    ""currency"": ""KRW"",
    ""value"": {
      ""@type"": ""QuantitativeValue"",
      ""unitText"": ""MONTH"",
      ""minValue"": 2800000,
      ""maxValue"": 3210000
    }
  },
  ""identifier"": {
    ""@type"": ""PropertyValue"",
    ""name"": ""JobKorea"",
    ""value"": ""49100136""
  },
  ""url"": ""https://www.jobkorea.co.kr/Recruit/GI_Read/49100136""
}",success,
광주연세안과,https://www.jobkorea.co.kr/Recruit/GI_Read/49100137,"광주연세안과
함께하실 외래 (주5일근무, 퇴직금 포함 최저연봉 2820, 월 인센티브 별도) 팀원 을 모십니다
경기 광주 유일의 4명의 각기 다른 전공분야를 가진 안과전문의가
분야별 진료, 검사, 수술을 하는 병원 수준급 안과입니다.
원장님들 모두 아시아 최대 안과인 서울 김안과 교수진 출신이며
우리 경기 광주의 환자분들이 광주내에서 수준높은 치료와 수술을 받으시게 하겠다는 뜻으로
2012년도에 개원하였습니다.
현재 분당 강남보다도 더 좋은 치료결과를 내는 병원수준급 안과로 성장하였고,
최신, 최고 수준의 검사장비를 갖추고 있어
수많은 안과질환을 찾아내고 치료하는 성과를 만들어 가고 있습니다.
포지션 및 자격요건
간호조무사
( ○명 )
자격요건
ㆍ학력 : 학력무관
ㆍ경력 : 신입·경력
우대사항
ㆍ자격증 : 간호조무사
전형절차
ㆍ서류전형 > 1차면접 > 2차면접 > 임원면접 > 최종합격
ㆍ면접일정은 추후 통보됩니다.
유의사항
ㆍ허위사실이 발견될 경우 채용이 취소될 수 있습니다.","모집요강
모집분야
간호조무사
모집인원
○
명
고용형태
정규직
급여
회사 내규에 따름 (면접 후 결정)
근무시간
주 5일 (월~토 중 주1회월차)
09:00 ~ 18:30
근무지주소
경기 광주시 광주대로 31 (경안동) 3층 (지에이타워)
지도보기
인근지하철

지원자격
경력
신입·경력
학력
학력무관
우대조건
자격증

접수기간 · 방법
마감일은 기업의 사정으로 인해 조기 마감 또는 변경될 수 있습니다

기업 정보
기업정보 더보기
사원수
50명 이하
기업구분
중소기업 (비상장)
산업(업종)
제약·보건·바이오
지도보기
위치
경기 광주시 광주대로 31 (경안동) 3층 광주연세안과(ga타워)","{
  ""@context"": ""https://schema.org"",
  ""@type"": ""JobPosting"",
  ""title"": ""함께하실 외래 (주5일근무, 퇴직금 포함 최저연봉 2820, 월 인센티브 별도)"",
  ""description"": ""광주연세안과에서 정규직 신입·경력 채용을 진행합니다. 근무지는 경기 광주시 광주대로 31 (경안동)이며, 자세한 조건은 공고를 통해 확인할 수 있습니다."",
  ""datePosted"": ""2026-05-04"",
  ""validThrough"": ""2026-06-03T23:59"",
  ""employmentType"": ""FULL_TIME"",
  ""experienceRequirements"": ""신입·경력"",
  ""educationRequirements"": ""학력무관"",
  ""directApply"": true,
  ""hiringOrganization"": {
    ""@type"": ""Organization"",
    ""name"": ""광주연세안과""
  },
  ""jobLocation"": {
    ""@type"": ""Place"",
    ""address"": {
      ""@type"": ""PostalAddress"",
      ""streetAddress"": ""경기 광주시 광주대로 31 (경안동) 3층 (지에이타워)""
    }
  },
  ""identifier"": {
    ""@type"": ""PropertyValue"",
    ""name"": ""JobKorea"",
    ""value"": ""49100137""
  },
  ""url"": ""https://www.jobkorea.co.kr/Recruit/GI_Read/49100137""
}",success,
㈜아이옵스,https://www.jobkorea.co.kr/Recruit/GI_Read/49100138,,"모집요강
모집분야
인공위성 운영
모집인원
○
명
고용형태
정규직
(수습 3개월)
직급/직책
급여
회사 내규에 따름
근무시간
주5일(월~금)
근무지주소
제주 제주시 구좌읍 덕천리 산68-9
지도보기

지원자격
경력
신입
학력
대졸이상

접수기간 · 방법
마감일은 기업의 사정으로 인해 조기 마감 또는 변경될 수 있습니다

기업 정보
기업정보 더보기
사원수
51 ~ 300명 이하
기업구분
중소기업 (비상장)
산업(업종)
솔루션·SI·CRM·ERP
지도보기
위치
대전 서구 월평중로 30 (월평동) 3층

복리후생
기타 복리후생
명절선물, 자유복장, 사원증, 청년내일채움공제, 사무용품 지급, 건강보조제 제공, 적립형공제","{
  ""@context"": ""https://schema.org"",
  ""@type"": ""JobPosting"",
  ""title"": ""[종합 인공위성그룹] 제주 인공위성 운영 엔지니어 채용"",
  ""description"": ""㈜아이옵스에서 정규직 신입 채용을 진행합니다. 근무지는 제주 제주시 구좌읍 덕천리 산68-9이며, 자세한 조건은 공고를 통해 확인할 수 있습니다."",
  ""datePosted"": ""2026-05-04"",
  ""validThrough"": ""2026-06-03T23:59"",
  ""employmentType"": ""FULL_TIME"",
  ""experienceRequirements"": ""신입"",
  ""educationRequirements"": ""대졸 이상"",
  ""directApply"": true,
  ""hiringOrganization"": {
    ""@type"": ""Organization"",
    ""name"": ""㈜아이옵스""
  },
  ""jobLocation"": {
    ""@type"": ""Place"",
    ""address"": {
      ""@type"": ""PostalAddress"",
      ""streetAddress"": ""제주 제주시 구좌읍 덕천리 산68-9 ""
    }
  },
  ""identifier"": {
    ""@type"": ""PropertyValue"",
    ""name"": ""JobKorea"",
    ""value"": ""49100138""
  },
  ""url"": ""https://www.jobkorea.co.kr/Recruit/GI_Read/49100138""
}",success,
㈜제이피에이앤에이치알,https://www.jobkorea.co.kr/Recruit/GI_Read/49100139,카카오톡 채널 추가하기,"모집요강
모집분야
한식 조리
모집인원
○
명
고용형태
계약직
(협의, 정규직 전환 가능)
급여
회사 내규에 따름 (면접 후 결정)
근무시간
탄력근무제
10:00~20:00 / 11:00~21:00 (휴게시간 1시간 포함)
근무지주소
인천 중구 영종해안남로321번길 186 (운서동) 파라다이스시티 푸드코트
지도보기
인근지하철

지원자격
경력
경력무관
학력
고졸이상
스킬
,
고객응대
핵심역량
협동심
,
성실성
,
성취지향성
,
꼼꼼함
,
윤리의식
,
자존감
,
적응성
,
창의성
,
성장지향성
,
계획성
우대조건
기본우대
인근거주자, 유관업무 경험자(인턴·알바), 관련 학과 전공자, 관련 자격증 보유자, 리더쉽 소유자, 즉시출근 가능자, 장기근무 가능자

접수기간 · 방법
마감일은 기업의 사정으로 인해 조기 마감 또는 변경될 수 있습니다

기업 정보
기업정보 더보기
사원수
51 ~ 300명 이하
기업구분
중소기업 (비상장)
산업(업종)
상용 인력 공급 및 인사관리 서비스업
지도보기
위치
서울 강남구 도산대로53길 14(신사동) 3층(신사동, 방주빌딩)","{
  ""@context"": ""https://schema.org"",
  ""@type"": ""JobPosting"",
  ""title"": ""[푸드홀/한식] `더반` 조리 담당 채용"",
  ""description"": ""㈜제이피에이앤에이치알에서 계약직 경력무관 채용을 진행합니다. 근무지는 인천 중구 영종해안남로321번길 186 (운서동)이며, 자세한 조건은 공고를 통해 확인할 수 있습니다."",
  ""datePosted"": ""2026-05-04"",
  ""validThrough"": ""2026-05-24T23:59"",
  ""employmentType"": ""CONTRACTOR"",
  ""experienceRequirements"": ""경력무관"",
  ""educationRequirements"": ""고졸 이상"",
  ""directApply"": true,
  ""hiringOrganization"": {
    ""@type"": ""Organization"",
    ""name"": ""㈜제이피에이앤에이치알""
  },
  ""jobLocation"": {
    ""@type"": ""Place"",
    ""address"": {
      ""@type"": ""PostalAddress"",
      ""streetAddress"": ""인천 중구 영종해안남로321번길 186 (운서동) 파라다이스시티 푸드코트""
    }
  },
  ""identifier"": {
    ""@type"": ""PropertyValue"",
    ""name"": ""JobKorea"",
    ""value"": ""49100139""
  },
  ""url"": ""https://www.jobkorea.co.kr/Recruit/GI_Read/49100139""
}",success,
,https://www.jobkorea.co.kr/Recruit/GI_Read/49100140,,,,fail,HTTP status code 404
㈜세븐플로어,https://www.jobkorea.co.kr/Recruit/GI_Read/49100141,"㈜세븐플로어
[폴라리스] 이커머스팀 온라인 MD 정규직 채용공고
포지션 및 자격 요건
세븐플로어 - 온라인 MD  정규직 경력 채용
( 1명 )
담당 업무
ㆍ자사몰
및
외부몰
(
쿠팡
,
스스
등 오픈마켓
)
판매 전략
수립 및 실행
ㆍ입점
플랫폼별 상품 구성
,
가격
,
할인
전략 설계
ㆍ매출
목표 기반의
월간 판매
계획 수립 및 실행
ㆍ쿠팡
로켓배송 운영 및 물류 관리 협업
ㆍ각
플랫폼별 프로모션 및 광고 기획 운영
ㆍ플랫폼
/
상품별
매출 분석 및 리포트 작성
ㆍ운영
브랜드별 재고 모니터링 및 생산 부서 협업
ㆍ
트렌드
/
세일즈 이슈를 반영한 프로모션 및 이벤트 기획
핵심역량
ㆍ
성실성,
창의성,
계획성, 성취지향성, 성장지향성
자격요건
ㆍ학력 : 초대졸이상
ㆍ경력 : 경력3년↑
우대사항
ㆍ
유관업무
경력자
(3
년이상
)
ㆍ
온라인
마케팅
/
광고 대행사
핸들링 역량
ㆍ
유튜브
광고 및 페이스북 광고 관리 경험자
ㆍ
온라인몰
및 오픈 마켓 운영 경험
ㆍ쿠팡
로켓배송 운영 경험자 및 데이터 기반 레퍼런스 보유자
ㆍ
MS,
기본
디자인 툴
(
포토샵
,
일러스트
)
및
촬영
가능자
우대
ㆍ아웃도어
,
가전 생활용품 브랜드 카테고리 경험자
복리후생
전형절차
유의사항
ㆍ허위사실이 발견될 경우 채용이 취소될 수 있습니다.","모집요강
모집분야
세븐플로어 - 온라인 MD  정규직 경력 채용
모집인원
1
명
고용형태
정규직
(수습 3개월)
직급/직책
급여
회사 내규에 따름 (면접 후 결정)
근무시간
주5일(월~금)
09:00 ~ 18:00
근무지주소
경기도 용인시 기흥구 흥덕1로 101  (영덕동) , 7층 701~704호 ㈜세븐플로어
지도보기

지원자격
경력
경력
(3년이상)
학력
초대졸이상
핵심역량
성실성
,
창의성
,
성장지향성
,
성취지향성
,
계획성
우대조건
기본우대
인근거주자, 엑셀 고급능력 보유자, 포토샵 능숙자, 유관업무 경력자(3년), 장기근무 가능자

접수기간 · 방법
마감일은 기업의 사정으로 인해 조기 마감 또는 변경될 수 있습니다

기업 정보
기업정보 더보기
사원수
50명 이하
기업구분
중소기업 (비상장)
산업(업종)
생활용품·소비재·기타
지도보기
위치
경남 김해시 주촌면 서부로1638번길 92-31 (천곡리) (주)폴라리스","{
  ""@context"": ""https://schema.org"",
  ""@type"": ""JobPosting"",
  ""title"": ""[폴라리스] 이커머스팀 온라인 MD 정규직 채용공고"",
  ""description"": ""㈜세븐플로어에서 정규직 경력 채용을 진행합니다. 근무지는 경기도 용인시 기흥구 흥덕1로 101  (영덕동)이며, 자세한 조건은 공고를 통해 확인할 수 있습니다."",
  ""datePosted"": ""2026-05-04"",
  ""validThrough"": ""2026-06-03T23:59"",
  ""employmentType"": ""FULL_TIME"",
  ""experienceRequirements"": ""경력"",
  ""educationRequirements"": ""초대졸 이상"",
  ""directApply"": true,
  ""hiringOrganization"": {
    ""@type"": ""Organization"",
    ""name"": ""㈜세븐플로어""
  },
  ""jobLocation"": {
    ""@type"": ""Place"",
    ""address"": {
      ""@type"": ""PostalAddress"",
      ""streetAddress"": ""경기도 용인시 기흥구 흥덕1로 101  (영덕동) , 7층 701~704호 ㈜세븐플로어""
    }
  },
  ""identifier"": {
    ""@type"": ""PropertyValue"",
    ""name"": ""JobKorea"",
    ""value"": ""49100141""
  },
  ""url"": ""https://www.jobkorea.co.kr/Recruit/GI_Read/49100141""
}",success,
㈜누리,https://www.jobkorea.co.kr/Recruit/GI_Read/49100142,"㈜누리
납품 및 판매응대 직원 구인
포지션 및 자격요건
납품 및 판매응대 직원
( 1명 )
담당업무
ㆍ납품
ㆍ판매/응대
ㆍ거래처 영업관리
스킬
ㆍ1종보통운전면허
핵심역량
ㆍ
계획성,
성실성,
꼼꼼함,
적응성, 협동심
자격요건
ㆍ학력 : 학력무관
ㆍ경력 : 경력1년↑
우대사항
ㆍ상세내용을 입력하세요
ㆍ상세내용을 입력하세요
전형절차
ㆍ서류전형 > 1차면접 > 2차면접 > 임원면접 > 최종합격
ㆍ면접일정은 추후 통보됩니다.
유의사항
ㆍ허위사실이 발견될 경우 채용이 취소될 수 있습니다.","모집요강
모집분야
납품 및 판매응대 직원
모집인원
1
명
고용형태
정규직
(수습 3개월)
급여
월급 240~250만원 (면접 후 결정)
근무시간
주6일(월~토)
08:30 ~ 18:00
평일(오전8:30~오후6:00)/토(오전9:00~오후12:00)
근무지주소
충북 충주시 국원대로 62  (교현동) 주식회사누리
지도보기

지원자격
경력
경력
(1년이상)
학력
학력무관
스킬
핵심역량
계획성
,
성실성
,
꼼꼼함
,
적응성
,
협동심

접수기간 · 방법
마감일은 기업의 사정으로 인해 조기 마감 또는 변경될 수 있습니다

기업 정보
기업정보 더보기
사원수
-
기업구분
중소기업 (-)
산업(업종)
근무복, 작업복 및 유사의복 제조업
지도보기
위치
충북 충주시 국원대로 62  (교현동) 주식회사누리","{
  ""@context"": ""https://schema.org"",
  ""@type"": ""JobPosting"",
  ""title"": ""납품 및 판매응대 직원 구인"",
  ""description"": ""㈜누리에서 정규직 경력 채용을 진행합니다. 근무지는 충북 충주시 국원대로 62  (교현동)이며, 자세한 조건은 공고를 통해 확인할 수 있습니다."",
  ""datePosted"": ""2026-05-04"",
  ""validThrough"": ""2026-06-03T23:59"",
  ""employmentType"": ""FULL_TIME"",
  ""experienceRequirements"": ""경력"",
  ""educationRequirements"": ""학력무관"",
  ""directApply"": true,
  ""hiringOrganization"": {
    ""@type"": ""Organization"",
    ""name"": ""㈜누리""
  },
  ""jobLocation"": {
    ""@type"": ""Place"",
    ""address"": {
      ""@type"": ""PostalAddress"",
      ""streetAddress"": ""충북 충주시 국원대로 62  (교현동) 주식회사누리""
    }
  },
  ""baseSalary"": {
    ""@type"": ""MonetaryAmount"",
    ""currency"": ""KRW"",
    ""value"": {
      ""@type"": ""QuantitativeValue"",
      ""unitText"": ""MONTH"",
      ""minValue"": 2400000,
      ""maxValue"": 2510000
    }
  },
  ""identifier"": {
    ""@type"": ""PropertyValue"",
    ""name"": ""JobKorea"",
    ""value"": ""49100142""
  },
  ""url"": ""https://www.jobkorea.co.kr/Recruit/GI_Read/49100142""
}",success,
㈜웹젠,https://www.jobkorea.co.kr/Recruit/GI_Read/49100143,"㈜웹젠
[웹젠크레빅스] 설정기획(경력)
""디지털 시대의 놀이 문화를 선도하는 기업"" 디지털 엔터테인먼트를 창조하는 기업으로서 ㈜웹젠은 게임의
 작품성을 결정하는 주요 기술인 디자인, 클라이언트, 서버 부문에서 국내 최고를 자랑하고 있습니다. 
㈜웹젠의 기술력은 3D 온라인게임 리더 ‘뮤’의 개발과 퍼블리싱을 통해 입증되었으며, 이러한 기술력과
 마케팅력을 바탕으로 국내 시장을 넘어 세계 시장에서 인정받는 게임회사로의 성장을 목표로 하고 있습니다. 

㈜웹젠이 서비스하고 있는 온라인게임 ‘뮤’, 썬, C9은 기술적으로 한국 온라인게임의 수준을 한 단계 
끌어올렸으며, 해외 온라인게임 시장에서도 강한 주목을 받아 한국 게임소프트웨어 수출 사상 최고의 
대우를 받으며 해외시장에 진출한 바 있습니다.
포지션 및 자격요건
설정기획
( ○명 )
담당업무
- 게임 세계관 기반 메인/서브 퀘스트
설계 및 스토리 구조화
- 핵심콘텐츠에 적합한 스토리형
플레이 흐름 구성
- 원작 세계관과 게임구조를 연결하는
내러티브 기획 및 신규설정설계
- 연출시나리오 스크립트 제작 및
협업파트와 커뮤니케이션
자격요건
- 시나리오/퀘스트 기획 경력 3년 이상
- 게임 내러티브 구조에 대한 깊은 이해
(플로우, 페이싱, 연출 연계)가 있는 분
- 텍스트 기반 기획서 작성능력 및 논리적
커뮤니케이션 역량이 있는 분
- 인게임 연출(컷신,도트애니메이션,카메라)의
구성원리에 대한 이해가 있는 분
- 원작 IP해석 및 재구성 경험, 혹은 유사장르
기획 경험이 있는 분
우대사항
- 〈디펜스게임의 폭군이 되었다〉 IP에 대한 높은
이해도와 애정이 있는 분
- 언리얼5 기반의 프로젝트 경험있거나 직접
만들어본 경험이 있는 분
- 원작의 구조적 특성과 감정선을 게임 흐름에
자연스럽게 통합할 수 있는 분
- 시네마틱 컷신·도트 연출 등 비주얼 연출
파트와의 긴밀한 협업 경험이 있는 분
- 세계관·문화권 설정, 캐릭터 프로파일링 등
고밀도 설정 작업 경험이 있는 분
- 텍스트 기반 게임(스토리 RPG, 웹소설 IP 게임 등)
제작 경험이 있는 분
전형절차
ㆍ서류전형 > 실무면접 > 인성검사 > 임원면접 > 최종합격
ㆍ면접일정은 추후 통보됩니다.
기타
- 수시채용은 공고 게시 중에도 전형이 진행되오니 이점 유의하시어 지원 바랍니다.
- 서류전형 통과자에 한하여 개별적으로 일정 안내를 드립니다.
- 장애인, 국가보훈대상자는 관련법규에 의거하여 우대합니다.
- 채용이 완료되거나 채용에 적합한 지원자가 없을 시 공고가 마감될 수 있습니다.
- 전형에 따라 필기 테스트가 진행될 수 있습니다.","모집요강
모집분야
게임기획
모집인원
○
명
고용형태
정규직
급여
회사 내규에 따름
근무지주소
경기 성남시 분당구 판교로 242 (삼평동) 판교디지털센터 B동
지도보기

지원자격
경력
경력
(3년이상)
학력
학력무관

접수기간 · 방법
마감일은 기업의 사정으로 인해 조기 마감 또는 변경될 수 있습니다

기업 정보
기업정보 더보기
사원수
501 ~ 1,000명 이하
기업구분
중견기업 (코스닥 상장)
산업(업종)
게임·애니메이션
지도보기
위치
경기 성남시 분당구 판교로 242 (삼평동) 판교디지털센터 B동","{
  ""@context"": ""https://schema.org"",
  ""@type"": ""JobPosting"",
  ""title"": ""[웹젠크레빅스] 설정기획(경력)"",
  ""description"": ""㈜웹젠에서 정규직 경력 채용을 진행합니다. 근무지는 경기 성남시 분당구 판교로 242 (삼평동)이며, 자세한 조건은 공고를 통해 확인할 수 있습니다."",
  ""datePosted"": ""2026-05-04"",
  ""validThrough"": ""2026-06-30T23:59"",
  ""employmentType"": ""FULL_TIME"",
  ""experienceRequirements"": ""경력"",
  ""educationRequirements"": ""학력무관"",
  ""directApply"": true,
  ""hiringOrganization"": {
    ""@type"": ""Organization"",
    ""name"": ""㈜웹젠""
  },
  ""jobLocation"": {
    ""@type"": ""Place"",
    ""address"": {
      ""@type"": ""PostalAddress"",
      ""streetAddress"": ""경기 성남시 분당구 판교로 242 (삼평동) 판교디지털센터 B동""
    }
  },
  ""identifier"": {
    ""@type"": ""PropertyValue"",
    ""name"": ""JobKorea"",
    ""value"": ""49100143""
  },
  ""url"": ""https://www.jobkorea.co.kr/Recruit/GI_Read/49100143""
}",success,
㈜대정티엠,https://www.jobkorea.co.kr/Recruit/GI_Read/49100144,"㈜대정티엠
사이프러스 골프&리조트 구매&총무 담당자 채용
포지션 및 자격요건
구매관리
( 1명 )
담당업무
ㆍ상세내용을 입력하세요
ㆍ상세내용을 입력하세요
스킬
ㆍExcel, 워드
핵심역량
ㆍ
성실성,
꼼꼼함,
계획성
자격요건
ㆍ학력 : 학력무관
ㆍ경력 : 경력무관
우대사항
ㆍ상세내용을 입력하세요
ㆍ상세내용을 입력하세요
전형절차
ㆍ서류전형 > 1차면접 > 2차면접 > 임원면접 > 최종합격
ㆍ면접일정은 추후 통보됩니다.
유의사항
ㆍ허위사실이 발견될 경우 채용이 취소될 수 있습니다.","모집요강
모집분야
구매관리
모집인원
1
명
고용형태
정규직
(수습 3개월)
직급/직책
급여
회사 내규에 따름 (면접 후 결정)
근무시간
격주휴무
08:30 ~ 05:30
근무지주소
제주 서귀포시 표선면 번영로 2300 (성읍리)
지도보기

지원자격
경력
경력무관
학력
학력무관
스킬
핵심역량
성실성
,
꼼꼼함
,
윤리의식
,
협동심
,
계획성

접수기간 · 방법
마감일은 기업의 사정으로 인해 조기 마감 또는 변경될 수 있습니다

기업 정보
기업정보 더보기
사원수
51 ~ 300명 이하
기업구분
중소기업 (-)
산업(업종)
골프장 운영업
지도보기
위치
경기 용인시 처인구 남사읍 원암로39번길 3-8 (원암리) -","{
  ""@context"": ""https://schema.org"",
  ""@type"": ""JobPosting"",
  ""title"": ""사이프러스 골프&리조트 구매&총무 담당자 채용"",
  ""description"": ""㈜대정티엠에서 정규직 경력무관 채용을 진행합니다. 근무지는 제주 서귀포시 표선면 번영로 2300 (성읍리)이며, 자세한 조건은 공고를 통해 확인할 수 있습니다."",
  ""datePosted"": ""2026-05-04"",
  ""validThrough"": ""2026-06-03T23:59"",
  ""employmentType"": ""FULL_TIME"",
  ""experienceRequirements"": ""경력무관"",
  ""educationRequirements"": ""학력무관"",
  ""directApply"": true,
  ""hiringOrganization"": {
    ""@type"": ""Organization"",
    ""name"": ""㈜대정티엠""
  },
  ""jobLocation"": {
    ""@type"": ""Place"",
    ""address"": {
      ""@type"": ""PostalAddress"",
      ""streetAddress"": ""제주 서귀포시 표선면 번영로 2300 (성읍리) ""
    }
  },
  ""identifier"": {
    ""@type"": ""PropertyValue"",
    ""name"": ""JobKorea"",
    ""value"": ""49100144""
  },
  ""url"": ""https://www.jobkorea.co.kr/Recruit/GI_Read/49100144""
}",success,
㈜에스텍시스템,https://www.jobkorea.co.kr/Recruit/GI_Read/49100145,"㈜에스텍시스템
[경기도 안성]세인티앤엘 물류센터 ㈜에스텍시스템 시설기사모집
모집분야 및 자격요건
모집분야 및 자격요건 정보
모집부문
채용분야
비고
시설파트
(3명)
인스펙터
3교대(당, 비, 휴)시설기사
물류센터 시설 유지보수 및 관리
관련경력 3년 이상
전기, 기계, 소방관련 자격증 소지자 우대
장기근속 가능자, 인근거주자 우대
근무시간 : 3교대(당, 비, 휴)
당직 : 09:00 ~ 익일09:00
급여 : 300만원(세전기준, 연차수당 포함)
핵심역량
계획성
성실성
협동심
창의성
우대사항
물류센터 시설관리 경력자
유관업무 경력자
인근거주자
복리후생
(공통)
4대보험 가입(국민연금, 고용보험, 산재보험, 건강보험)
유니폼 지급, 명절선물지급
1년이상 근무시 퇴직연금 별도 지급
년차휴가, 경조휴가, 우수사원 표창/포상 등
문의처
채용담당자 연락처 : 010-7475-8457
E-mail 접수 :
seosungmin@s-tec.co.kr","모집요강
모집분야
시설파트_인스펙터
모집인원
3
명
고용형태
계약직
급여
월급 300~300만원 (세전기준, 연차수당 포함)
근무시간
09:00 ~ 09:00
3교대(당, 비, 휴) / 상세요강 참고
근무지주소
경기 안성시 원곡면 기업단지로 170 (반제리) 세인티앤엘 물류창고
지도보기

지원자격
경력
경력
(3년이상)
학력
학력무관
우대조건
기본우대
인근거주자, 관련 자격증 보유자, 유관업무 경력자, 장기근무 가능자

접수기간 · 방법
마감일은 기업의 사정으로 인해 조기 마감 또는 변경될 수 있습니다

기업 정보
기업정보 더보기
사원수
10,001명 이상
기업구분
대기업 (비상장)
산업(업종)
콜센터·아웃소싱·기타
지도보기
위치
서울 강남구 개포동 8층 (주)에스텍시스템","{
  ""@context"": ""https://schema.org"",
  ""@type"": ""JobPosting"",
  ""title"": ""[경기도 안성]세인티앤엘 물류센터  ㈜에스텍시스템 시설기사모집"",
  ""description"": ""㈜에스텍시스템에서 계약직 경력 채용을 진행합니다. 근무지는 경기 안성시 원곡면 기업단지로 170 (반제리)이며, 자세한 조건은 공고를 통해 확인할 수 있습니다."",
  ""datePosted"": ""2026-05-04"",
  ""validThrough"": ""2026-06-04T23:59"",
  ""employmentType"": ""CONTRACTOR"",
  ""experienceRequirements"": ""경력"",
  ""educationRequirements"": ""학력무관"",
  ""directApply"": true,
  ""hiringOrganization"": {
    ""@type"": ""Organization"",
    ""name"": ""㈜에스텍시스템""
  },
  ""jobLocation"": {
    ""@type"": ""Place"",
    ""address"": {
      ""@type"": ""PostalAddress"",
      ""streetAddress"": ""경기 안성시 원곡면 기업단지로 170 (반제리) 세인티앤엘 물류창고""
    }
  },
  ""baseSalary"": {
    ""@type"": ""MonetaryAmount"",
    ""currency"": ""KRW"",
    ""value"": {
      ""@type"": ""QuantitativeValue"",
      ""unitText"": ""MONTH"",
      ""minValue"": 3000000,
      ""maxValue"": 3010000
    }
  },
  ""identifier"": {
    ""@type"": ""PropertyValue"",
    ""name"": ""JobKorea"",
    ""value"": ""49100145""
  },
  ""url"": ""https://www.jobkorea.co.kr/Recruit/GI_Read/49100145""
}",success,
조양래동물의료센터,https://www.jobkorea.co.kr/Recruit/GI_Read/49100146,"조양래동물의료센터
력해주세요","모집요강
모집분야
야간수의테크니션
모집인원
○
명
고용형태
정규직
(수습 3개월)
직급/직책
급여
회사 내규에 따름 (면접 후 결정)
근무시간
8일단위 4일근무 4일휴무
19:00 ~ 08:00
휴게시간 5시간
근무지주소
부산 남구 대연동 조양래동물의료센터
지도보기
인근지하철

지원자격
경력
경력무관
학력
학력무관

접수기간 · 방법
마감일은 기업의 사정으로 인해 조기 마감 또는 변경될 수 있습니다

기업 정보
기업정보 더보기
사원수
50명 이하
기업구분
중소기업 (비상장)
산업(업종)
수의업
지도보기
위치
부산 남구 대연동 조양래동물의료센터","{
  ""@context"": ""https://schema.org"",
  ""@type"": ""JobPosting"",
  ""title"": ""[조양래동물의료센터] 정규직 야간수의테크니션 모집"",
  ""description"": ""조양래동물의료센터에서 정규직 경력무관 채용을 진행합니다. 근무지는 부산 남구 대연동이며, 자세한 조건은 공고를 통해 확인할 수 있습니다."",
  ""datePosted"": ""2026-05-04"",
  ""validThrough"": ""2026-06-03T23:59"",
  ""employmentType"": ""FULL_TIME"",
  ""experienceRequirements"": ""경력무관"",
  ""educationRequirements"": ""학력무관"",
  ""directApply"": true,
  ""hiringOrganization"": {
    ""@type"": ""Organization"",
    ""name"": ""조양래동물의료센터""
  },
  ""jobLocation"": {
    ""@type"": ""Place"",
    ""address"": {
      ""@type"": ""PostalAddress"",
      ""streetAddress"": ""부산 남구 대연동 조양래동물의료센터""
    }
  },
  ""identifier"": {
    ""@type"": ""PropertyValue"",
    ""name"": ""JobKorea"",
    ""value"": ""49100146""
  },
  ""url"": ""https://www.jobkorea.co.kr/Recruit/GI_Read/49100146""
}",success,
,https://www.jobkorea.co.kr/Recruit/GI_Read/49100147,,,,fail,HTTP status code 404
㈜라이프위드코퍼레이션,https://www.jobkorea.co.kr/Recruit/GI_Read/49100148,,"모집요강
모집분야
MD
모집인원
○
명
고용형태
정규직
(수습 3개월)
,
계약직
(근무기간 3개월, 정규직 전환 가능)
급여
회사 내규에 따름 (면접 후 결정)
근무시간
주5일(월~금)
09:30 ~ 18:30
08:30 ~09:30 / 17:30 ~18:30 (시차 출근제)
근무지주소
서울 강남구 역삼로8길 15 (역삼동) 홍우빌딩 4층
지도보기
인근지하철

지원자격
경력
경력
(1년이상)
학력
학력무관

접수기간 · 방법
마감일은 기업의 사정으로 인해 조기 마감 또는 변경될 수 있습니다

기업 정보
기업정보 더보기
사원수
50명 이하
기업구분
중소기업 (비상장)
산업(업종)
화장품 제조업
지도보기
위치
서울 강남구 역삼로8길 15 (역삼동) 홍우빌딩 4층","{
  ""@context"": ""https://schema.org"",
  ""@type"": ""JobPosting"",
  ""title"": ""[피캄] 올리브영 MD 모집"",
  ""description"": ""㈜라이프위드코퍼레이션에서 정규직 경력 채용을 진행합니다. 근무지는 서울 강남구 역삼로8길 15 (역삼동)이며, 자세한 조건은 공고를 통해 확인할 수 있습니다."",
  ""datePosted"": ""2026-05-04"",
  ""validThrough"": ""2026-07-03T23:59"",
  ""employmentType"": [
    ""FULL_TIME"",
    ""CONTRACTOR""
  ],
  ""experienceRequirements"": ""경력"",
  ""educationRequirements"": ""학력무관"",
  ""directApply"": true,
  ""hiringOrganization"": {
    ""@type"": ""Organization"",
    ""name"": ""㈜라이프위드코퍼레이션""
  },
  ""jobLocation"": {
    ""@type"": ""Place"",
    ""address"": {
      ""@type"": ""PostalAddress"",
      ""streetAddress"": ""서울 강남구 역삼로8길 15 (역삼동) 홍우빌딩 4층""
    }
  },
  ""identifier"": {
    ""@type"": ""PropertyValue"",
    ""name"": ""JobKorea"",
    ""value"": ""49100148""
  },
  ""url"": ""https://www.jobkorea.co.kr/Recruit/GI_Read/49100148""
}",success,
㈜돈나무,https://www.jobkorea.co.kr/Recruit/GI_Read/49100149,,"모집요강
모집분야
크리에이터
모집인원
○
명
고용형태
정규직
,
계약직
급여
회사 내규에 따름 (면접 후 결정)
근무시간
협의가능
09:00 ~ 18:00
근무지주소
서울 마포구 동교로 150  (서교동) 대신빌딩 4층 온앤오프플레이어
지도보기
인근지하철

지원자격
경력
경력무관
학력
학력무관

접수기간 · 방법
마감일은 기업의 사정으로 인해 조기 마감 또는 변경될 수 있습니다

기업 정보
기업정보 더보기
사원수
50명 이하
기업구분
중소기업 (비상장)
산업(업종)
광고 대행업
지도보기
위치
서울 마포구 동교로 150 (서교동) 4층","{
  ""@context"": ""https://schema.org"",
  ""@type"": ""JobPosting"",
  ""title"": ""주식/코인 유튜브 전문가 모집합니다(재택근무자)"",
  ""description"": ""㈜돈나무에서 정규직 경력무관 채용을 진행합니다. 근무지는 서울 마포구 동교로 150  (서교동)이며, 자세한 조건은 공고를 통해 확인할 수 있습니다."",
  ""datePosted"": ""2026-05-04"",
  ""validThrough"": ""2026-06-03T23:59"",
  ""employmentType"": [
    ""FULL_TIME"",
    ""CONTRACTOR""
  ],
  ""experienceRequirements"": ""경력무관"",
  ""educationRequirements"": ""학력무관"",
  ""directApply"": true,
  ""hiringOrganization"": {
    ""@type"": ""Organization"",
    ""name"": ""㈜돈나무""
  },
  ""jobLocation"": {
    ""@type"": ""Place"",
    ""address"": {
      ""@type"": ""PostalAddress"",
      ""streetAddress"": ""서울 마포구 동교로 150  (서교동) 대신빌딩 4층 온앤오프플레이어""
    }
  },
  ""identifier"": {
    ""@type"": ""PropertyValue"",
    ""name"": ""JobKorea"",
    ""value"": ""49100149""
  },
  ""url"": ""https://www.jobkorea.co.kr/Recruit/GI_Read/49100149""
}",success,
㈜에스에스엘케이에이치,https://www.jobkorea.co.kr/Recruit/GI_Read/49100150,"안녕하세요 SSLKH는 여성의류 쇼핑몰 핫핑입니다. 웹디자이너 직원을 모집중이온데 관심있으신 분들의 많은 지원 부탁드리겠습니다.
핫핑
여성의류쇼핑몰 핫핑 웹디자인 직원 모집. (경력자우대)
모집부문 및 자격요건
모집분야 및 자격요건 정보
모집분야
담당업무
자격요건
모집인원
웹디자인
(경력자)
> 포토샵 및 상세페이지 제작 (레이아웃,디테일)
> 센스있는 모델 보정작업 및 디테일 사진작업&등록
> 평소에 의류에 관심많고 온라인 쇼핑을 즐겨하시는분
> 손이 빠르면서, 꼼꼼하고 트렌디한 감각이 있으신 분
[자격요건]
학력 : 무관
성별 : 무관
연령 : 무관
경력 : 경력자 /년수무관~ ★
급여 : 면접시협의
동종업계 경력자
관련업무 근무 경험자
포토샵 및 일러스트 능숙하신 분  우대
디자인계열전공자 우대
기본적인 디자인/코딩 가능한 분
[우대사항]
쇼핑몰 근무 경력자
디자인 관련 전공자 우대
감각적이고 트렌드에 민감하신 분
옷에대한 사랑이 넘치시는 분
본인이 하고 있는 업무에 열정과 자긍심을 가지신 분
책임감과 애사심을 갖고 업무에 임하시는 분
핫핑의 작업스타일에 맞추실 수 있는 분
※
관심있으신 분들의 많은 지원 부탁드리겠습니다. ^^
0명
전형절차
서류전형
실무자면접
임원면접
최종합격
근무환경
근무형태 : 정규직 주5일근무/  평일 09:00~18:00/ 점심휴게1시간, 오후휴게15분
근무지 : 부산광역시 해운대구 해운대로 219번길3 (재송동, YJ타워)
접수기간 및 방법
마감일 :
채용시마감
이력서양식 : 자유양식
접수방법 : 잡코리아 지원 (별도로 이메일로 보내주신 이력서나 포트폴리오는 받지않습니다)
제출서류
면접시 : 이력서, 자기소개서, 포트폴리오★  제출
기타 유의사항
허위사실이 발견될 경우 채용이 취소될 수 있습니다.","모집요강
모집분야
쇼핑몰 핫핑에서 웹디자인 경력 직원 모집
모집인원
○
명
고용형태
정규직
직급/직책
급여
회사 내규에 따름 (면접 후 결정)
근무시간
주5일(월~금)
09:00 ~ 18:00
점심휴게1시간/오후휴게15분/주5일근무
근무지주소
부산광역시 해운대구 해운대로219번길 3  (재송동) YJ타워
지도보기
인근지하철

지원자격
경력
경력무관
학력
학력무관
스킬
우대조건
기본우대
인근거주자, 유관업무 경험자(인턴·알바), 문서작성 우수자, 유관업무 경력자

접수기간 · 방법
마감일은 기업의 사정으로 인해 조기 마감 또는 변경될 수 있습니다

기업 정보
기업정보 더보기
사원수
51 ~ 300명 이하
기업구분
중소기업 (비상장)
산업(업종)
전자상거래 소매업
지도보기
위치
부산 해운대구 해운대로219번길 3 (재송동, YJ타워) 핫핑","{
  ""@context"": ""https://schema.org"",
  ""@type"": ""JobPosting"",
  ""title"": ""여성의류쇼핑몰 핫핑에서 웹디자인 경력 직원을 모집합니다."",
  ""description"": ""㈜에스에스엘케이에이치에서 정규직 경력무관 채용을 진행합니다. 근무지는 부산광역시 해운대구 해운대로219번길 3  (재송동)이며, 자세한 조건은 공고를 통해 확인할 수 있습니다."",
  ""datePosted"": ""2026-05-04"",
  ""validThrough"": ""2026-06-03T23:59"",
  ""employmentType"": ""FULL_TIME"",
  ""experienceRequirements"": ""경력무관"",
  ""educationRequirements"": ""학력무관"",
  ""directApply"": true,
  ""hiringOrganization"": {
    ""@type"": ""Organization"",
    ""name"": ""㈜에스에스엘케이에이치""
  },
  ""jobLocation"": {
    ""@type"": ""Place"",
    ""address"": {
      ""@type"": ""PostalAddress"",
      ""streetAddress"": ""부산광역시 해운대구 해운대로219번길 3  (재송동) YJ타워""
    }
  },
  ""identifier"": {
    ""@type"": ""PropertyValue"",
    ""name"": ""JobKorea"",
    ""value"": ""49100150""
  },
  ""url"": ""https://www.jobkorea.co.kr/Recruit/GI_Read/49100150""
}",success,
㈜네오심플릭스,https://www.jobkorea.co.kr/Recruit/GI_Read/49100151,"㈜네오심플릭스를 소개해요
㈜네오심플릭스는 2025년에 설립된 K-뷰티 기업으로, 글로벌 K-뷰티 브랜드로 빠르게 성장하고 있는 'Dr.Reju-All'과 함께 성장할 인재를 모십니다.
▶Dr.Reju-All 소개◀
Dr.Reju-All은 의사·약사가 설립한 K-Pharmacy 스킨케어 브랜드로, 한국 약국/병원 5,000곳 이상에서 판매되며 글로벌 시장에서도 빠르게 성장하고 있는 코스메슈티컬 브랜드입니다.
""The Right Answer to Every Ingredient"" 라는 철학을 바탕으로,
고객에게 과학적이고 효과적인 제품을 제공합니다.
▶25년 5월 출시 이후 현재까지 수치
ㆍ30+ :해외 진출 국가 30개국 이상
ㆍ5,000+ : 국내 피부과 및 약국 5,000곳 이상 입점완료
ㆍ50억+: 회사 설림 5개월만에 월 매출 50억 달성
ㆍ120만+ : 현재까지 누적 판매량
▶홈페이지 주소
https://drrejuall.kr/
이런 업무를 해요
◆일본 인바운드 시장 특성에 최적화된 크리에이터 풀(Pool)을 구축하고 협업 모델을 설계합니다.
◆방한-약국 방문-제품 구매'로 이어지는 고객 여정(Customer Journey)을 설계하고, 실질적 매출 전환을 위한 콘텐츠 가이드라인을 고도화합니다.
◆인스타그램·틱톡·유튜브 등 채널별 특성에 맞춘 커뮤니케이션 전략을 수립하며, 단순 협업을 넘어 장기적인 브랜드 팬덤(Advocacy)을 형성합니다.
◆기획부터 실행(일정, 업로드)까지의 캠페인 전 과정을 관리하며, 운영 효율성을 극대화할 수 있는 프로세스를 정립합니다.
◆조회수, 도달률, 구매 전환 등 핵심 지표를 분석하고,우수 콘텐츠를 마케팅 자산으로 활용하여 퍼포먼스를 극대화합니다.
이런 분들을 찾고 있어요
ㆍ학력 : 초대졸이상
ㆍ인플루언서 마케팅 또는 시딩 운영 관련 4~10년 미만의 실무 경험을 보유하신 분
ㆍ인스타그램, 틱톡 등 주요 SNS 크리에이터 생태계에 대한 높은 이해도를 보유하신 분
ㆍ크리에이터와의 커뮤니케이션 및 협업을 주도적으로 이끌 수 있는 분
ㆍ일정, 물류, 계약 등 복합적인 운영 업무를 체계적으로 관리할 수 있는 분
이런 분이면 더 좋아요
◆ 우대사항
ㆍ일본어를 능통하게 구사하실 수 있으신 분
ㆍ숏폼 콘텐츠 중심(틱톡, 릴스, 쇼츠) 캠페인 운영 경험이 있으신 분
ㆍ브랜드 또는 스타트업 환경에서의 마케팅 실무 경험이 있으신 분
◆ 근무조건
ㆍ근무시간 : 주 40시간 (Full time 근무)
ㆍ근무지 : 서울 강남구 봉은사로 18길 85, 아트리아빌딩 2F
ㆍ급여 : 회사내규에 따름 (면접 후 협의)
◆ 전형절차
서류전형>1차 화상면접(HR)>2차 직무 & Mission 전형(실무팀) >3차 컬쳐핏 면접(C-Lev)>처우협의 및 최종합격
◆ 기타사항
ㆍ정규직(수습 3개월 내 평가 진행)
ㆍ1차 화상 면접은 10분 내외로 진행되는 가벼운 느낌의 면접입니다.
ㆍ면접 전형은 경우에 따라 변동될 수 있습니다.
ㆍ면접 일정은 서류 전형(이력서 검토)후 합격자에 한해 개별 연락드립니다.
ㆍ정확한 핸드폰 번호를 기재하지 않을 시 통보가 누락될 수 있습니다.
ㆍ경우에 따라, 레퍼런스 체크가 진행될 수 도 있습니다.
이런 기술이 필요해요
일본어
이런 조건에서 근무할 예정이에요
ㆍ고용 형태 : 정규직(수습 3개월)
ㆍ근무지 주소 : 서울 강남구 봉은사로18길 85 (역삼동, BM빌딩) 2층
지도보기
함께하면 이런 점들이 좋아요
ㆍ유연근무제 (9~10시 사이 출근)
ㆍ자율 복장
ㆍ웰컴 파트너 제도 : 신규 입사시 빠른 적응 도움드려요
ㆍ외근, 야근 택시비 지원
ㆍ리프레시 휴가 제도 : 3년 근속 시 1개월 유급휴가와 휴가비 200만 원을 지원
ㆍ간식 및 야근 식대 지원
ㆍ점심 식대 지원
ㆍ도서 구입비 지원
ㆍ회식비 지원
ㆍ명절 상여금 지급
ㆍ최신식 장비
ㆍAI 도구(업무 툴) 지원
합류 여정은 이렇게 진행돼요
ㆍ서류전형>1차 화상면접(HR)>2차 직무 & Mission 전형(실무팀) >3차 컬쳐핏 면접(C-Lev)>처우협의 및 최종합격
ㆍ면접일정은 추후 통보됩니다.
지원 시 유의해주세요
허위사실이 발견될 경우 채용이 취소될 수 있습니다.","기업 정보
기업정보 더보기
사원수
50명 이하
기업구분
중소기업 (비상장)
산업(업종)
전자상거래 소매업
지도보기
위치
서울 강남구 강남대로118길 39 (논현동) 3층 다 -101호","{
  ""@context"": ""https://schema.org"",
  ""@type"": ""JobPosting"",
  ""title"": ""일본 인플루언서 마케터(도한 일본인대상)"",
  ""description"": ""㈜네오심플릭스에서 정규직 경력 채용을 진행합니다. 근무지는 서울 강남구 봉은사로18길 85 (역삼동, BM빌딩)이며, 자세한 조건은 공고를 통해 확인할 수 있습니다."",
  ""datePosted"": ""2026-05-04"",
  ""validThrough"": ""2026-06-03T23:59"",
  ""employmentType"": ""FULL_TIME"",
  ""experienceRequirements"": ""경력"",
  ""educationRequirements"": ""초대졸 이상"",
  ""directApply"": true,
  ""hiringOrganization"": {
    ""@type"": ""Organization"",
    ""name"": ""㈜네오심플릭스""
  },
  ""jobLocation"": {
    ""@type"": ""Place"",
    ""address"": {
      ""@type"": ""PostalAddress"",
      ""streetAddress"": ""서울 강남구 봉은사로18길 85 (역삼동, BM빌딩) 2층""
    }
  },
  ""baseSalary"": {
    ""@type"": ""MonetaryAmount"",
    ""currency"": ""KRW"",
    ""value"": {
      ""@type"": ""QuantitativeValue"",
      ""unitText"": ""YEAR"",
      ""minValue"": 30000000,
      ""maxValue"": 70010000
    }
  },
  ""identifier"": {
    ""@type"": ""PropertyValue"",
    ""name"": ""JobKorea"",
    ""value"": ""49100151""
  },
  ""url"": ""https://www.jobkorea.co.kr/Recruit/GI_Read/49100151""
}",success,
㈜대정티엠,https://www.jobkorea.co.kr/Recruit/GI_Read/49100152,"㈜대정티엠
[사이프러스 리조트] 시설 전기기사 정직원 채용
포지션 및 자격요건
시설관리
( 1명 )
담당업무
ㆍ시설관
ㆍ전기관련 자격 우대
자격요건
ㆍ학력 : 고졸이상
ㆍ경력 : 신입·경력
우대사항
ㆍ국가유공자
ㆍ장애인
ㆍ보훈대상자
전형절차
ㆍ서류전형 > 1차면접 > 2차면접 > 임원면접 > 최종합격
ㆍ면접일정은 추후 통보됩니다.
유의사항
ㆍ허위사실이 발견될 경우 채용이 취소될 수 있습니다.","모집요강
모집분야
시설관리 전기기사 채용
모집인원
1
명
고용형태
정규직
(수습 3개월)
직급/직책
급여
회사 내규에 따름 (면접 후 결정)
근무시간
격주휴무
08:30 ~ 17:30
스케줄근무, 야간당직
근무지주소
제주 서귀포시 표선면 번영로 2300 (성읍리)
지도보기

지원자격
경력
신입·경력
학력
고졸이상
우대조건
기본우대
국가유공자, 장애인, 보훈대상자

접수기간 · 방법
마감일은 기업의 사정으로 인해 조기 마감 또는 변경될 수 있습니다

기업 정보
기업정보 더보기
사원수
51 ~ 300명 이하
기업구분
중소기업 (-)
산업(업종)
골프장 운영업
지도보기
위치
경기 용인시 처인구 남사읍 원암로39번길 3-8 (원암리) -","{
  ""@context"": ""https://schema.org"",
  ""@type"": ""JobPosting"",
  ""title"": ""[사이프러스 리조트] 시설 전기기사 정직원 채용"",
  ""description"": ""㈜대정티엠에서 정규직 신입·경력 채용을 진행합니다. 근무지는 제주 서귀포시 표선면 번영로 2300 (성읍리)이며, 자세한 조건은 공고를 통해 확인할 수 있습니다."",
  ""datePosted"": ""2026-05-04"",
  ""validThrough"": ""2026-06-03T23:59"",
  ""employmentType"": ""FULL_TIME"",
  ""experienceRequirements"": ""신입·경력"",
  ""educationRequirements"": ""고졸 이상"",
  ""directApply"": true,
  ""hiringOrganization"": {
    ""@type"": ""Organization"",
    ""name"": ""㈜대정티엠""
  },
  ""jobLocation"": {
    ""@type"": ""Place"",
    ""address"": {
      ""@type"": ""PostalAddress"",
      ""streetAddress"": ""제주 서귀포시 표선면 번영로 2300 (성읍리) ""
    }
  },
  ""identifier"": {
    ""@type"": ""PropertyValue"",
    ""name"": ""JobKorea"",
    ""value"": ""49100152""
  },
  ""url"": ""https://www.jobkorea.co.kr/Recruit/GI_Read/49100152""
}",success,
부사노뎅,https://www.jobkorea.co.kr/Recruit/GI_Read/49100153,"부사노뎅
광안리 오뎅바 부사노뎅에서 주방홀 같이 할 정직원을 모집합니다
포지션 및 자격요건
주방+홀
( 1명 )
담당업무
ㆍ 홀 서빙
자격요건
ㆍ학력 : 학력무관
ㆍ경력 : 경력무관
우대사항
ㆍ인근거주자
ㆍ야간근무 가능자
ㆍ장기근무 가능자
안녕하세요. 일본에서 먹는 맛있는 부산오뎅 , 부사노뎅입니다.
주방과 홀 함께 하실 수 있는 인원을 모집합니다.
주방은 모든것이 레시피화 되어있어 어렵지 않아 일주일 정도 배우시면 가능한업무이고,
근무일 중 2일 정도 주방 , 나머지 홀의 업무를 하며 다양한 업무를 경험하실 수 있습니다.
체계적으로 오프라인매장 운영 및 브랜드확장, 브랜드관리 및 운영관리를 배울 수 있는 좋을 기회라고 생각합니다.
직원할인, 식사 및 간식 제공, 퇴직금 등 다양한 복지는 기본이구요. 회사에서 운영하는 오프라인매장이기때문에 레시피화, 메뉴구성, 가격구성 은 물론 운영 전반을 함께 경험 할 수 있는 곳입니다.
저희 또한 좋은분과 함께 일하면서 성장하면 좋겠습니다!
시간, 업무 등은 최대한 협의할 수 있으니 오프라인 매장에 관심 있으신 분들 지원 바랍니다.
근무시간이나 근무요일은 매달 변경 될수 있습니다.
17:00 ~ 02:00 (일,월,목)
18:30 ~ 03:00(금,토)
전형절차
ㆍ지원방법: 온라인 지원, 문자지원
ㆍ문자 지원시 이름,나이,성별,경력사항 기재 후 발송 요청
유의사항
ㆍ허위사실이 발견될 경우 채용이 취소될 수 있습니다.","모집요강
모집분야
주방+홀
모집인원
1
명
고용형태
정규직
(수습 3개월)
급여
월급 260만원 이상
근무시간
주5일 (월, 수, 목, 토, 일)
17:00 ~ 02:00
17:00~02:00(일월목),18:30~03:00(금.토)
근무지주소
부산 수영구 광안로 59-4 (민락동) 1층 부사노뎅
지도보기
인근지하철

지원자격
경력
경력무관
학력
학력무관
우대조건
기본우대
인근거주자, 야간근무 가능자, 장기근무 가능자

접수기간 · 방법
마감일은 기업의 사정으로 인해 조기 마감 또는 변경될 수 있습니다

기업 정보
기업정보 더보기
사원수
50명 이하
기업구분
중소기업 (-)
산업(업종)
음식료·외식·프랜차이즈
지도보기
위치
부산 수영구 광안로 59-4 (민락동) 1층 부사노뎅","{
  ""@context"": ""https://schema.org"",
  ""@type"": ""JobPosting"",
  ""title"": ""광안리 오뎅바 부사노뎅에서 주방홀 같이 할 정직원을 모집합니다"",
  ""description"": ""부사노뎅에서 정규직 경력무관 채용을 진행합니다. 근무지는 부산 수영구 광안로 59-4 (민락동)이며, 자세한 조건은 공고를 통해 확인할 수 있습니다."",
  ""datePosted"": ""2026-05-04"",
  ""validThrough"": ""2026-06-03T23:59"",
  ""employmentType"": ""FULL_TIME"",
  ""experienceRequirements"": ""경력무관"",
  ""educationRequirements"": ""학력무관"",
  ""directApply"": true,
  ""hiringOrganization"": {
    ""@type"": ""Organization"",
    ""name"": ""부사노뎅""
  },
  ""jobLocation"": {
    ""@type"": ""Place"",
    ""address"": {
      ""@type"": ""PostalAddress"",
      ""streetAddress"": ""부산 수영구 광안로 59-4 (민락동) 1층 부사노뎅""
    }
  },
  ""baseSalary"": {
    ""@type"": ""MonetaryAmount"",
    ""currency"": ""KRW"",
    ""value"": {
      ""@type"": ""QuantitativeValue"",
      ""value"": 2600000,
      ""unitText"": ""MONTH""
    }
  },
  ""identifier"": {
    ""@type"": ""PropertyValue"",
    ""name"": ""JobKorea"",
    ""value"": ""49100153""
  },
  ""url"": ""https://www.jobkorea.co.kr/Recruit/GI_Read/49100153""
}",success,
㈜웹젠,https://www.jobkorea.co.kr/Recruit/GI_Read/49100154,"㈜웹젠
[웹젠크레빅스] 시스템기획(신입/경력)
""디지털 시대의 놀이 문화를 선도하는 기업"" 디지털 엔터테인먼트를 창조하는 기업으로서 ㈜웹젠은 게임의
 작품성을 결정하는 주요 기술인 디자인, 클라이언트, 서버 부문에서 국내 최고를 자랑하고 있습니다. 
㈜웹젠의 기술력은 3D 온라인게임 리더 ‘뮤’의 개발과 퍼블리싱을 통해 입증되었으며, 이러한 기술력과
 마케팅력을 바탕으로 국내 시장을 넘어 세계 시장에서 인정받는 게임회사로의 성장을 목표로 하고 있습니다. 

㈜웹젠이 서비스하고 있는 온라인게임 ‘뮤’, 썬, C9은 기술적으로 한국 온라인게임의 수준을 한 단계 
끌어올렸으며, 해외 온라인게임 시장에서도 강한 주목을 받아 한국 게임소프트웨어 수출 사상 최고의 
대우를 받으며 해외시장에 진출한 바 있습니다.
포지션 및 자격요건
시스템기획
( ○명 )
담당업무
- 게임 시스템 및 핵심 콘텐츠 설계
- 시스템 간 흐름(Loop) 설계 및 유지
관리
- 플레이동선을 명확하게 만드는 UX
구조 제안
- 데이터 테이블 구조 설계 및 관리
- 콘텐츠 기획 및 기능 명세서 작성
자격요건
- 신입(채용연계형 인턴) 또는 경력
- 테이블 구조설계에 대한 깊은 이해가 있는 분
- 게임시스템 구조에 대한 기본 이해 또는 관심이
있는 분
- 기능흐름을 구조단위로 설명할 수 있는 능력이
있는 분
- 논리적 사고능력 및 문서화 역량이 있는 분
우대사항
- 〈디펜스게임의 폭군이 되었다〉 IP에 대한 높은
이해도와 애정이 있는 분
- 언리얼5 기반의 프로젝트 경험있거나 직접
만들어본 경험이 있는 분
- 매우 꼼꼼한 성향(테이블,정책,설정값 체크)을
가진 분
- 데이터 구조에 관심이 있거나 정리 습관이
뛰어난 분
- 라이브 서비스 게임을 오래 플레이하며 시스템
구조를 관찰해 본 경험이 있는 분
전형절차
ㆍ서류전형 > 실무면접 > 인성검사 > 임원면접 > 최종합격
ㆍ면접일정은 추후 통보됩니다.
기타
- 수시채용은 공고 게시 중에도 전형이 진행되오니 이점 유의하시어 지원 바랍니다.
- 서류전형 통과자에 한하여 개별적으로 일정 안내를 드립니다.
- 장애인, 국가보훈대상자는 관련법규에 의거하여 우대합니다.
- 채용이 완료되거나 채용에 적합한 지원자가 없을 시 공고가 마감될 수 있습니다.
- 전형에 따라 필기 테스트가 진행될 수 있습니다.","모집요강
모집분야
게임기획
모집인원
○
명
고용형태
정규직
,
인턴
(근무기간 6개월, 정규직 전환 가능)
급여
회사 내규에 따름
근무지주소
경기 성남시 분당구 판교로 242 (삼평동) 판교디지털센터 B동
지도보기

지원자격
경력
경력무관
학력
학력무관
스킬

접수기간 · 방법
마감일은 기업의 사정으로 인해 조기 마감 또는 변경될 수 있습니다

기업 정보
기업정보 더보기
사원수
501 ~ 1,000명 이하
기업구분
중견기업 (코스닥 상장)
산업(업종)
게임·애니메이션
지도보기
위치
경기 성남시 분당구 판교로 242 (삼평동) 판교디지털센터 B동","{
  ""@context"": ""https://schema.org"",
  ""@type"": ""JobPosting"",
  ""title"": ""[웹젠크레빅스] 시스템기획(신입/경력)"",
  ""description"": ""㈜웹젠에서 정규직 경력무관 채용을 진행합니다. 근무지는 경기 성남시 분당구 판교로 242 (삼평동)이며, 자세한 조건은 공고를 통해 확인할 수 있습니다."",
  ""datePosted"": ""2026-05-04"",
  ""validThrough"": ""2026-06-30T23:59"",
  ""employmentType"": [
    ""FULL_TIME"",
    ""INTERN""
  ],
  ""experienceRequirements"": ""경력무관"",
  ""educationRequirements"": ""학력무관"",
  ""directApply"": true,
  ""hiringOrganization"": {
    ""@type"": ""Organization"",
    ""name"": ""㈜웹젠""
  },
  ""jobLocation"": {
    ""@type"": ""Place"",
    ""address"": {
      ""@type"": ""PostalAddress"",
      ""streetAddress"": ""경기 성남시 분당구 판교로 242 (삼평동) 판교디지털센터 B동""
    }
  },
  ""identifier"": {
    ""@type"": ""PropertyValue"",
    ""name"": ""JobKorea"",
    ""value"": ""49100154""
  },
  ""url"": ""https://www.jobkorea.co.kr/Recruit/GI_Read/49100154""
}",success,
더디자인랩,https://www.jobkorea.co.kr/Recruit/GI_Read/49100155,"더디자인랩
정보통신 -CCTV, 출입관제 시스템
현장 설치 및 유지보수
경력,신입사원 모집
포지션 및 자격요건
정보통신
CCTV,
출입관제
시스템 구축 및 유지 보수 현장직 (신입/경력)
( 5명 )
자격요건
ㆍ학력 : 학력무관
ㆍ경력 : 신입·경력
우대사항
ㆍ인근 거주자
ㆍ운전 가능자
ㆍ즉시출근 가능자
ㆍ장기근무 가능자
ㆍ유관업무 경험자(인턴·알바)
ㆍ우대사항 : 정보통신기술자경력수첩(초급)
복지 및 혜택
ㆍ사내 카페 . 점심식사 제공
ㆍ
4대보험 가입
ㆍ
야근 수당
ㆍ연
차 휴가, 경조사 휴가
전형절차
ㆍ서류전형 > 1차면접 > 임원면접 > 최종합격
ㆍ면접일정은 추후 통보됩니다.
유의사항
ㆍ허위사실이 발견될 경우 채용이 취소될 수 있습니다.","모집요강
모집분야
정보통신CCTV,출입관제시스템 구축/유지보수
모집인원
2
명
고용형태
정규직
(수습 3개월)
급여
회사 내규에 따름 (면접 후 결정)
근무시간
주5일(월~금)
09:00 ~ 18:00
근무지주소
서울 동대문구 사가정로20길 53  (전농동) 1층
지도보기

지원자격
경력
신입·경력
학력
학력무관
우대조건
기본우대
인근거주자, 운전가능자, 유관업무 경험자(인턴·알바), 즉시출근 가능자, 장기근무 가능자
자격증

접수기간 · 방법
마감일은 기업의 사정으로 인해 조기 마감 또는 변경될 수 있습니다

기업 정보
기업정보 더보기
사원수
50명 이하
기업구분
중소기업 (비상장)
산업(업종)
인테리어·자재
지도보기
위치
서울 동대문구 한천로33길 21 (답십리동) 1층","{
  ""@context"": ""https://schema.org"",
  ""@type"": ""JobPosting"",
  ""title"": ""정보통신 -CCTV, 출입관제 시스템 설치 및 유지보수 현장  경력,신입 모집"",
  ""description"": ""더디자인랩에서 정규직 신입·경력 채용을 진행합니다. 근무지는 서울 동대문구 사가정로20길 53  (전농동)이며, 자세한 조건은 공고를 통해 확인할 수 있습니다."",
  ""datePosted"": ""2026-05-04"",
  ""validThrough"": ""2026-07-03T23:59"",
  ""employmentType"": ""FULL_TIME"",
  ""experienceRequirements"": ""신입·경력"",
  ""educationRequirements"": ""학력무관"",
  ""directApply"": true,
  ""hiringOrganization"": {
    ""@type"": ""Organization"",
    ""name"": ""더디자인랩""
  },
  ""jobLocation"": {
    ""@type"": ""Place"",
    ""address"": {
      ""@type"": ""PostalAddress"",
      ""streetAddress"": ""서울 동대문구 사가정로20길 53  (전농동) 1층""
    }
  },
  ""identifier"": {
    ""@type"": ""PropertyValue"",
    ""name"": ""JobKorea"",
    ""value"": ""49100155""
  },
  ""url"": ""https://www.jobkorea.co.kr/Recruit/GI_Read/49100155""
}",success,
㈜제이피에이앤에이치알,https://www.jobkorea.co.kr/Recruit/GI_Read/49100156,,"모집요강
모집분야
영업팀, 영업관리, 허가팀, 사업개발팀, 마케팅팀
모집인원
○
명
고용형태
계약직
직급/직책
급여
회사 내규에 따름 (면접 후 결정)
근무시간
주5일(월~금)
09:00 ~ 18:00
근무지주소
서울 마포구 잔다리로 105-1 (서교동, 해남빌딩)
지도보기
인근지하철

지원자격
경력
경력
학력
초대졸이상
우대조건
기본우대
영어가능자, 유관업무 경력자

접수기간 · 방법
마감일은 기업의 사정으로 인해 조기 마감 또는 변경될 수 있습니다

기업 정보
기업정보 더보기
사원수
51 ~ 300명 이하
기업구분
중소기업 (비상장)
산업(업종)
상용 인력 공급 및 인사관리 서비스업
지도보기
위치
서울 강남구 도산대로53길 14(신사동) 3층(신사동, 방주빌딩)","{
  ""@context"": ""https://schema.org"",
  ""@type"": ""JobPosting"",
  ""title"": ""동인제약 각 부문별 경력직 채용"",
  ""description"": ""㈜제이피에이앤에이치알에서 계약직 경력 채용을 진행합니다. 근무지는 서울 마포구 잔다리로 105-1 (서교동, 해남빌딩)이며, 자세한 조건은 공고를 통해 확인할 수 있습니다."",
  ""datePosted"": ""2026-05-04"",
  ""validThrough"": ""2026-05-31T23:59"",
  ""employmentType"": ""CONTRACTOR"",
  ""experienceRequirements"": ""경력"",
  ""educationRequirements"": ""초대졸 이상"",
  ""directApply"": true,
  ""hiringOrganization"": {
    ""@type"": ""Organization"",
    ""name"": ""㈜제이피에이앤에이치알""
  },
  ""jobLocation"": {
    ""@type"": ""Place"",
    ""address"": {
      ""@type"": ""PostalAddress"",
      ""streetAddress"": ""서울 마포구 잔다리로 105-1 (서교동, 해남빌딩) ""
    }
  },
  ""identifier"": {
    ""@type"": ""PropertyValue"",
    ""name"": ""JobKorea"",
    ""value"": ""49100156""
  },
  ""url"": ""https://www.jobkorea.co.kr/Recruit/GI_Read/49100156""
}",success,
㈜드림이씨에프,https://www.jobkorea.co.kr/Recruit/GI_Read/49100157,"㈜드림이씨에프
전기 공사업  공무 모집합니다.
㈜드림이씨에프는 2024년에 설립된 회사로 사원수 10명 규모의 중소기업입니다. 서울 동대문구 답십리로59길 37 (답십리동)에 위치하고 있으며, 전기, 통신, 소방공사업을 하고 있습니다.
포지션 및 자격요건
전기공사업 공무 모집합니다.
( 1명 )
담당업무
ㆍ견적서, 착공계, 준공계, 설계서 작성
ㆍCAD 도면 해석 및 작성
ㆍ자재 발주, 실적신고 등 전반적인 공무 업무
스킬
ㆍAutoCAD
핵심역량
ㆍ
성실성,
성장지향성,
계획성, 성취지향성, 꼼꼼함, 적응성, 협동심
자격요건
ㆍ학력 : 학력무관
ㆍ경력 : 경력5년↑
우대사항
ㆍ컴퓨터활용능력 우수자
ㆍCAD/CAM 프로그램 능숙자
ㆍ관련 자격증 보유자
ㆍ장기근무 가능자
ㆍ자격증 : 전기기사, 전기산업기사, 전기공사기사
기타
ㆍ급여는 경력 및 업무 능력에 따라 조정 가능합니다.
전형절차
ㆍ서류전형 > 1차면접 > 2차면접 > 임원면접 > 최종합격
ㆍ면접일정은 추후 통보됩니다.
유의사항
ㆍ허위사실이 발견될 경우 채용이 취소될 수 있습니다.","모집요강
모집분야
전기공사업 공무 모집합니다.
모집인원
1
명
고용형태
정규직
(수습 3개월)
직급/직책
급여
연봉 4,800만원 이상 (면접 후 결정)
근무시간
주5일(월~금)
08:30 ~ 17:30
근무지주소
서울 서초구 강남대로8길 39-13 (양재동, 유정빌딩) 3층
지도보기
인근지하철

지원자격
경력
경력
(5년이상)
학력
학력무관
스킬
핵심역량
성실성
,
성장지향성
,
성취지향성
,
꼼꼼함
,
적응성
,
협동심
,
계획성
우대조건
기본우대
컴퓨터활용능력 우수자, CAD/CAM 프로그램 능숙자, 관련 자격증 보유자, 장기근무 가능자
자격증

접수기간 · 방법
마감일은 기업의 사정으로 인해 조기 마감 또는 변경될 수 있습니다

기업 정보
기업정보 더보기
사원수
50명 이하
기업구분
중소기업 (비상장)
산업(업종)
건축·설비·환경
지도보기
위치
서울 동대문구 답십리로59길 37 (답십리동) B1","{
  ""@context"": ""https://schema.org"",
  ""@type"": ""JobPosting"",
  ""title"": ""전기공사업  공무 모집합니다."",
  ""description"": ""㈜드림이씨에프에서 정규직 경력 채용을 진행합니다. 근무지는 서울 서초구 강남대로8길 39-13 (양재동, 유정빌딩)이며, 자세한 조건은 공고를 통해 확인할 수 있습니다."",
  ""datePosted"": ""2026-05-04"",
  ""validThrough"": ""2026-07-03T23:59"",
  ""employmentType"": ""FULL_TIME"",
  ""experienceRequirements"": ""경력"",
  ""educationRequirements"": ""학력무관"",
  ""directApply"": true,
  ""hiringOrganization"": {
    ""@type"": ""Organization"",
    ""name"": ""㈜드림이씨에프""
  },
  ""jobLocation"": {
    ""@type"": ""Place"",
    ""address"": {
      ""@type"": ""PostalAddress"",
      ""streetAddress"": ""서울 서초구 강남대로8길 39-13 (양재동, 유정빌딩) 3층""
    }
  },
  ""baseSalary"": {
    ""@type"": ""MonetaryAmount"",
    ""currency"": ""KRW"",
    ""value"": {
      ""@type"": ""QuantitativeValue"",
      ""value"": 48000000,
      ""unitText"": ""YEAR""
    }
  },
  ""identifier"": {
    ""@type"": ""PropertyValue"",
    ""name"": ""JobKorea"",
    ""value"": ""49100157""
  },
  ""url"": ""https://www.jobkorea.co.kr/Recruit/GI_Read/49100157""
}",success,
㈜에스에스엘케이에이치,https://www.jobkorea.co.kr/Recruit/GI_Read/49100158,"㈜에스에스엘케이에이치
여성복 브랜드 런던다다 디자인팀 채용합니다.
(무신사, 29CM 입점 영캐주얼 여성의류)
주식회사 에스에스엘케이에이치에서 함께 브랜드를 키워나갈 디자이너 모집합니다,
무신사, 29cm 입점된 영캐주얼 여성의류 브랜드 입니다.
포지션 및 자격요건
브랜드디자인 /
0명 (주임/사원 급, 인원 충원)
*담당업무
-시즌 제품 기획 및 라인업 기획
-작업지시서 작성 및 제품QC
-우븐/다이마루 전반 제품 디자인
-샘플 및 신상품 관리
-공장 및 프로모션 생산 핸들링 지원
*자격요건
-학력: 무관
-경력: 동종 업계 경력 2년 이상 또는 신입
*우대사항
-인근거주자
-장기 근무 가능자
-Adobe Illustrator / Photoshop 활용 능숙자
-여성 의류에 대한 이해도가 높은 분
-패션 관련 전공자
*제출 서류
-이력서 및 자기소개서 (자유 양식)
-포트폴리오 (필수 제출)
전형절차
ㆍ서류전형 > 1차면접 > 임원면접 > 최종합격
ㆍ면접일정은 추후 통보됩니다.
유의사항
ㆍ허위사실이 발견될 경우 채용이 취소될 수 있습니다.","모집요강
모집분야
브랜드디자인
모집인원
○
명
고용형태
정규직
(수습 3개월)
직급/직책
급여
회사 내규에 따름 (면접 후 결정)
근무시간
주5일(월~금)
09:00 ~ 18:00
점심휴게1시간/오후휴게15분/주5일근무
근무지주소
부산광역시 해운대구 해운대로219번길 3  (재송동) YJ타워
지도보기
인근지하철

지원자격
경력
경력
(1년이상)
학력
학력무관
우대조건
기본우대
인근거주자, 유관업무 경험자(인턴·알바), 문서작성 우수자, 유관업무 경력자

접수기간 · 방법
마감일은 기업의 사정으로 인해 조기 마감 또는 변경될 수 있습니다

기업 정보
기업정보 더보기
사원수
51 ~ 300명 이하
기업구분
중소기업 (비상장)
산업(업종)
전자상거래 소매업
지도보기
위치
부산 해운대구 해운대로219번길 3 (재송동, YJ타워) 핫핑","{
  ""@context"": ""https://schema.org"",
  ""@type"": ""JobPosting"",
  ""title"": ""여성복 브랜드 런던다다 디자인팀 채용."",
  ""description"": ""㈜에스에스엘케이에이치에서 정규직 경력 채용을 진행합니다. 근무지는 부산광역시 해운대구 해운대로219번길 3  (재송동)이며, 자세한 조건은 공고를 통해 확인할 수 있습니다."",
  ""datePosted"": ""2026-05-04"",
  ""validThrough"": ""2026-06-03T23:59"",
  ""employmentType"": ""FULL_TIME"",
  ""experienceRequirements"": ""경력"",
  ""educationRequirements"": ""학력무관"",
  ""directApply"": true,
  ""hiringOrganization"": {
    ""@type"": ""Organization"",
    ""name"": ""㈜에스에스엘케이에이치""
  },
  ""jobLocation"": {
    ""@type"": ""Place"",
    ""address"": {
      ""@type"": ""PostalAddress"",
      ""streetAddress"": ""부산광역시 해운대구 해운대로219번길 3  (재송동) YJ타워""
    }
  },
  ""identifier"": {
    ""@type"": ""PropertyValue"",
    ""name"": ""JobKorea"",
    ""value"": ""49100158""
  },
  ""url"": ""https://www.jobkorea.co.kr/Recruit/GI_Read/49100158""
}",success,
㈜퍼니메이드,https://www.jobkorea.co.kr/Recruit/GI_Read/49100159,"㈜퍼니메이드
퍼니메이드 콘텐츠 마케터 채용공고
포지션 및 자격요건
마케팅 콘텐츠
( 1명 )
콘텐츠 마케터 채용 (SNS/릴스 영상 제작)
회사 소개
빠르게 성장 중인 자사 브랜드를 운영하고 있으며,
SNS 콘텐츠를 기반으로 실제 매출을 만들어가는 팀입니다.
콘텐츠 기획부터 제작, 광고, 매출까지
전 과정을 직접 경험할 수 있는 환경입니다.
담당업무
인스타그램 릴스 콘텐츠 기획 및 제작
광고 소재 제작 및 성과 개선
SNS 채널 운영 및 관리
온라인 판매채널 관리(보조)
자격요건
[필수]
관련 경력 1~2년
영상 콘텐츠 제작 경험 (릴스/숏폼 등)
기본적인 영상 편집 가능
[우대]
SNS 트렌드에 민감한 분
광고 소재 제작 경험
브랜드 콘텐츠 운영 경험
이런 경험을 할 수 있습니다!
콘텐츠 → 광고 → 매출까지 전 과정 경험
실제 광고 소재 제작 및 성과 개선 경험
빠른 실행과 의사결정 환경에서 실무 중심 성장
근무조건
연봉 : 3,000만원 (수습 2개월 급여는 100%)
근무형태 : 정규직
근무시간 : 09:00 ~ 18:00 (12:00 ~ 13:00 점심시간)
근무지 : 경기도 파주시 운정4길 224-6 퍼니메이드
복리후생
[워라밸]
연차 자유 사용 (눈치 없이 사용 가능)
패밀리데이 월 1회 (매월 1회 금요일 4시 조기퇴근)
여름휴가 별도 제공(연차 미적용 인원)
[생활 지원]
중식 제공
교통이 불편한 경우 역(야당역, 운정역) 카풀 지원
[보상 및 성장]
명절 상여금 별도 제공
연 성과 인센티브 지급
자기계발 필요 시 지원
[기타 혜택]
경조사비 지원
생일자 선물 제공
지원방법
이력서 + 포트폴리오 제출 필수
전형절차
ㆍ서류전형 > 면접 > 최종합격
ㆍ면접일정은 추후 통보됩니다.
유의사항
ㆍ허위사실이 발견될 경우 채용이 취소될 수 있습니다.","모집요강
모집분야
마케팅 콘텐츠
모집인원
1
명
고용형태
정규직
(수습 2개월)
직급/직책
급여
연봉 3,000~3,000만원
근무시간
주5일(월~금)
09:00 ~ 18:00
근무지주소
경기 파주시 운정4길 224-6 (상지석동) 1층
지도보기
인근지하철

지원자격
경력
경력무관
학력
학력무관
핵심역량
협동심
,
메타인지
,
꼼꼼함
,
스트레스관리
,
윤리의식
,
자존감
우대조건
기본우대
인근거주자, 유관업무 경험자(인턴·알바), 유관업무 경력자(2년)

접수기간 · 방법
마감일은 기업의 사정으로 인해 조기 마감 또는 변경될 수 있습니다

기업 정보
기업정보 더보기
사원수
50명 이하
기업구분
중소기업 (비상장)
산업(업종)
의복 액세서리 및 모조 장신구 소매업
지도보기
위치
경기 파주시 운정4길 224-6 (상지석동) 1층","{
  ""@context"": ""https://schema.org"",
  ""@type"": ""JobPosting"",
  ""title"": ""퍼니메이드 콘텐츠마케터 신입/경력2년차 모집 합니다"",
  ""description"": ""㈜퍼니메이드에서 정규직 경력무관 채용을 진행합니다. 근무지는 경기 파주시 운정4길 224-6 (상지석동)이며, 자세한 조건은 공고를 통해 확인할 수 있습니다."",
  ""datePosted"": ""2026-05-04"",
  ""validThrough"": ""2026-06-03T23:59"",
  ""employmentType"": ""FULL_TIME"",
  ""experienceRequirements"": ""경력무관"",
  ""educationRequirements"": ""학력무관"",
  ""directApply"": true,
  ""hiringOrganization"": {
    ""@type"": ""Organization"",
    ""name"": ""㈜퍼니메이드""
  },
  ""jobLocation"": {
    ""@type"": ""Place"",
    ""address"": {
      ""@type"": ""PostalAddress"",
      ""streetAddress"": ""경기 파주시 운정4길 224-6 (상지석동) 1층""
    }
  },
  ""baseSalary"": {
    ""@type"": ""MonetaryAmount"",
    ""currency"": ""KRW"",
    ""value"": {
      ""@type"": ""QuantitativeValue"",
      ""unitText"": ""YEAR"",
      ""minValue"": 30000000,
      ""maxValue"": 30010000
    }
  },
  ""identifier"": {
    ""@type"": ""PropertyValue"",
    ""name"": ""JobKorea"",
    ""value"": ""49100159""
  },
  ""url"": ""https://www.jobkorea.co.kr/Recruit/GI_Read/49100159""
}",success,
㈜대정티엠,https://www.jobkorea.co.kr/Recruit/GI_Read/49100160,"[ 사이프러스 골프&리조트 ]
골프장 예약직원 채용
포지션 및 자격요건
골프장 예약실
( ○명 )
담당업무
ㆍ예약실 업무
ㆍ전화고객응대
자격요건
ㆍ학력 : 고졸이상 (졸업예정자 가능)
ㆍ경력 : 경력무관
우대사항
ㆍ컴퓨터활용능력 우수자
ㆍ유관업무 경험자(인턴·알바)
ㆍ장기근무 가능자
ㆍ전공 : 호텔경영학과
복리후생
ㆍ셔틀버스
ㆍ기숙사제공
ㆍ건강검진
전형절차
ㆍ서류전형 > 1차면접 > 2차면접 > 임원면접 > 최종합격
ㆍ면접일정은 추후 통보됩니다.
유의사항
ㆍ허위사실이 발견될 경우 채용이 취소될 수 있습니다.","모집요강
모집분야
사이프러스 예약실 직원 채용
모집인원
○
명
고용형태
정규직
(수습 3개월)
직급/직책
급여
회사 내규에 따름 (면접 후 결정)
근무시간
격주휴무
탄력근무제
스케줄근무
근무지주소
제주 서귀포시 표선면 번영로 2300 (성읍리)
지도보기

지원자격
경력
경력무관
학력
학력무관
우대조건
기본우대
컴퓨터활용능력 우수자, 유관업무 경험자(인턴·알바), 지방근무 가능자, 기숙사 생활가능자, 즉시출근 가능자, 장기근무 가능자
우대전공

접수기간 · 방법
마감일은 기업의 사정으로 인해 조기 마감 또는 변경될 수 있습니다

기업 정보
기업정보 더보기
사원수
51 ~ 300명 이하
기업구분
중소기업 (-)
산업(업종)
골프장 운영업
지도보기
위치
경기 용인시 처인구 남사읍 원암로39번길 3-8 (원암리) -","{
  ""@context"": ""https://schema.org"",
  ""@type"": ""JobPosting"",
  ""title"": ""[ 사이프러스 골프&리조트 ] 골프장 예약실 부서별 직원 채용"",
  ""description"": ""㈜대정티엠에서 정규직 경력무관 채용을 진행합니다. 근무지는 제주 서귀포시 표선면 번영로 2300 (성읍리)이며, 자세한 조건은 공고를 통해 확인할 수 있습니다."",
  ""datePosted"": ""2026-05-04"",
  ""validThrough"": ""2026-06-03T23:59"",
  ""employmentType"": ""FULL_TIME"",
  ""experienceRequirements"": ""경력무관"",
  ""educationRequirements"": ""학력무관"",
  ""directApply"": true,
  ""hiringOrganization"": {
    ""@type"": ""Organization"",
    ""name"": ""㈜대정티엠""
  },
  ""jobLocation"": {
    ""@type"": ""Place"",
    ""address"": {
      ""@type"": ""PostalAddress"",
      ""streetAddress"": ""제주 서귀포시 표선면 번영로 2300 (성읍리) ""
    }
  },
  ""identifier"": {
    ""@type"": ""PropertyValue"",
    ""name"": ""JobKorea"",
    ""value"": ""49100160""
  },
  ""url"": ""https://www.jobkorea.co.kr/Recruit/GI_Read/49100160""
}",success,
㈜유쾌한프로젝트,https://www.jobkorea.co.kr/Recruit/GI_Read/49100161,"㈜유쾌한프로젝트
심리상담센터 예약 및 운영관리 담당자 채용
㈜유쾌한프로젝트는 2023년에 설립된 회사로 사원수 30명 규모의 중소기업입니다. 서울특별시 강남구에 위치하고 있으며, AI기반 멘탈케어플랫폼 회사입니다.
포지션 및 자격요건
사무보조
( 1명 )
담당업무
ㆍ
상담예약 관리 (방문 및 전화 예약 포함)
ㆍ
방문 내담자 접수 및 안내
ㆍ
상담비 결제
ㆍ
심리검사 진행 및 결과 배포 (전화 안내 포함)
ㆍ
상담센터 및
각종 교육 홍보 및 신청자 관리
ㆍ
전화 응대 및 문의 처리
ㆍ
기타 사무보조
자격요건
ㆍ학력 : 고졸 이상
ㆍ경력 : 경력무관 (리셉션, 의료 및 상담기관 행정 경력자 우대)
ㆍ내담자 정보 등 민감한 개인정보를 다루는 업무 특성상 높은 수준의 보안의식 및 개인정보 보호 의지를 갖추신 분
ㆍ심리적으로 어려운 상황에 있는 내담자를 응대하는 업무 특성상 공감 능력과 신중한 언행이 요구
ㆍ상담 내용 및 내담자 관련 정보에 대한 철저한 비밀유지 가능하신 분
ㆍ전화 응대가 능숙하고 친절한 커뮤니케이션 가능하신 분
근무조건
ㆍ근무형태 : 아르바이트 (수습 3개월)
ㆍ근무일 : 주5일
월~금 10~19시, 토 9시~18시
(토요일 필수 근무 / 휴무일 협의 가능)
전형절차
ㆍ서류전형 > 1차면접  > 최종합격
ㆍ면접일정은 추후 통보됩니다.
유의사항
ㆍ허위사실이 발견될 경우 채용이 취소될 수 있습니다.","모집요강
모집분야
리셉션, 사무보조
모집인원
○
명
고용형태
아르바이트
(근무기간 12개월, 정규직 전환 가능)
직급/직책
급여
시급 12,000원
근무시간
주5일 (월, 화, 목, 금, 토)
10:00 ~ 19:00
근무지주소
서울 강남구 언주로174길 13 (신사동) 4층
지도보기
인근지하철

지원자격
경력
경력무관
학력
학력무관

접수기간 · 방법
마감일은 기업의 사정으로 인해 조기 마감 또는 변경될 수 있습니다

기업 정보
기업정보 더보기
사원수
50명 이하
기업구분
중소기업 (비상장)
산업(업종)
솔루션·SI·CRM·ERP
지도보기
위치
서울 강남구 언주로174길 13 (신사동) 4층","{
  ""@context"": ""https://schema.org"",
  ""@type"": ""JobPosting"",
  ""title"": ""심리상담센터 예약 및 운영관리 담당자 채용"",
  ""description"": ""㈜유쾌한프로젝트에서 아르바이트 경력무관 채용을 진행합니다. 근무지는 서울 강남구 언주로174길 13 (신사동)이며, 자세한 조건은 공고를 통해 확인할 수 있습니다."",
  ""datePosted"": ""2026-05-04"",
  ""validThrough"": ""2026-06-03T23:59"",
  ""employmentType"": ""PART_TIME"",
  ""experienceRequirements"": ""경력무관"",
  ""educationRequirements"": ""학력무관"",
  ""directApply"": true,
  ""hiringOrganization"": {
    ""@type"": ""Organization"",
    ""name"": ""㈜유쾌한프로젝트""
  },
  ""jobLocation"": {
    ""@type"": ""Place"",
    ""address"": {
      ""@type"": ""PostalAddress"",
      ""streetAddress"": ""서울 강남구 언주로174길 13 (신사동) 4층""
    }
  },
  ""baseSalary"": {
    ""@type"": ""MonetaryAmount"",
    ""currency"": ""KRW"",
    ""value"": {
      ""@type"": ""QuantitativeValue"",
      ""value"": 120000000,
      ""unitText"": ""HOUR""
    }
  },
  ""identifier"": {
    ""@type"": ""PropertyValue"",
    ""name"": ""JobKorea"",
    ""value"": ""49100161""
  },
  ""url"": ""https://www.jobkorea.co.kr/Recruit/GI_Read/49100161""
}",success,
㈜웹젠,https://www.jobkorea.co.kr/Recruit/GI_Read/49100162,"㈜웹젠
[웹젠크레빅스] 밸런스기획(경력)
""디지털 시대의 놀이 문화를 선도하는 기업"" 디지털 엔터테인먼트를 창조하는 기업으로서 ㈜웹젠은 게임의
 작품성을 결정하는 주요 기술인 디자인, 클라이언트, 서버 부문에서 국내 최고를 자랑하고 있습니다. 
㈜웹젠의 기술력은 3D 온라인게임 리더 ‘뮤’의 개발과 퍼블리싱을 통해 입증되었으며, 이러한 기술력과
 마케팅력을 바탕으로 국내 시장을 넘어 세계 시장에서 인정받는 게임회사로의 성장을 목표로 하고 있습니다. 

㈜웹젠이 서비스하고 있는 온라인게임 ‘뮤’, 썬, C9은 기술적으로 한국 온라인게임의 수준을 한 단계 
끌어올렸으며, 해외 온라인게임 시장에서도 강한 주목을 받아 한국 게임소프트웨어 수출 사상 최고의 
대우를 받으며 해외시장에 진출한 바 있습니다.
포지션 및 자격요건
밸런스기획
( ○명 )
담당업무
- 성장 전반의 속도, 난이도, 리텐션 설계
- 전투력 계산식 설계
- 콘텐츠 간 경제순환구조 구축 및
재화 관리
- 유닛능력치,스킬,AI 매개변수 밸런싱
- 데이터기반 전투/성장/경제 시뮬레이션
- BM설계
자격요건
- 밸런스 관련 실무 경력 3년 이상
- 논리적 수치 설계 및 구조 설계 역량이 있는 분
- 엑셀 기반 시뮬레이션 능숙한 분
- 전투경험곡선 설계, 경제 수급,회수 모델링
경험이 있는 분
- 전투/성장/경제를 하나의 페이스로 통합해
설계할  수 있는 시각이 있는 분
우대사항
- 〈디펜스게임의 폭군이 되었다〉 IP에 대한 높은
이해도와 애정이 있는 분
- 언리얼5 기반의 전투 스케치나 프로토타입을
직접 만들어본 경험이 있는 분
- 가챠,라이브게임 경제 및 BM설계 경험이
있는 분
- 성장,전투,경제 간 트레이드오프 구조를
설계해본 경험이 있는 분
- 문서화 능력 및 수치/그래프 기반 보고 능력이
우수한 분
전형절차
ㆍ서류전형 > 실무면접 > 인성검사 > 임원면접 > 최종합격
ㆍ면접일정은 추후 통보됩니다.
기타
- 수시채용은 공고 게시 중에도 전형이 진행되오니 이점 유의하시어 지원 바랍니다.
- 서류전형 통과자에 한하여 개별적으로 일정 안내를 드립니다.
- 장애인, 국가보훈대상자는 관련법규에 의거하여 우대합니다.
- 채용이 완료되거나 채용에 적합한 지원자가 없을 시 공고가 마감될 수 있습니다.
- 전형에 따라 필기 테스트가 진행될 수 있습니다.","모집요강
모집분야
게임기획
모집인원
○
명
고용형태
정규직
급여
회사 내규에 따름
근무지주소
경기 성남시 분당구 판교로 242 (삼평동) 판교디지털센터 B동
지도보기

지원자격
경력
경력
(3년이상)
학력
학력무관

접수기간 · 방법
마감일은 기업의 사정으로 인해 조기 마감 또는 변경될 수 있습니다

기업 정보
기업정보 더보기
사원수
501 ~ 1,000명 이하
기업구분
중견기업 (코스닥 상장)
산업(업종)
게임·애니메이션
지도보기
위치
경기 성남시 분당구 판교로 242 (삼평동) 판교디지털센터 B동","{
  ""@context"": ""https://schema.org"",
  ""@type"": ""JobPosting"",
  ""title"": ""[웹젠크레빅스] 밸런스기획(경력)"",
  ""description"": ""㈜웹젠에서 정규직 경력 채용을 진행합니다. 근무지는 경기 성남시 분당구 판교로 242 (삼평동)이며, 자세한 조건은 공고를 통해 확인할 수 있습니다."",
  ""datePosted"": ""2026-05-04"",
  ""validThrough"": ""2026-06-30T23:59"",
  ""employmentType"": ""FULL_TIME"",
  ""experienceRequirements"": ""경력"",
  ""educationRequirements"": ""학력무관"",
  ""directApply"": true,
  ""hiringOrganization"": {
    ""@type"": ""Organization"",
    ""name"": ""㈜웹젠""
  },
  ""jobLocation"": {
    ""@type"": ""Place"",
    ""address"": {
      ""@type"": ""PostalAddress"",
      ""streetAddress"": ""경기 성남시 분당구 판교로 242 (삼평동) 판교디지털센터 B동""
    }
  },
  ""identifier"": {
    ""@type"": ""PropertyValue"",
    ""name"": ""JobKorea"",
    ""value"": ""49100162""
  },
  ""url"": ""https://www.jobkorea.co.kr/Recruit/GI_Read/49100162""
}",success,
JS가든 블랙,https://www.jobkorea.co.kr/Recruit/GI_Read/49100163,"[js가든 센터필드점] 파인다이닝 중식부문
주방 신입 채용 (칼판)
외식사업부 채용 인스타 바로가기 →
https://www.instagram.com/medilab_recruit/
외식사업부 채용 블로그 바로가기 →
https://blog.naver.com/PostList.naver?blogId=medilab_recruit
포지션 및 자격요건
- 담당업무:
* 중식 메뉴 조리 업무 (칼판 파트)
* 식자재 & 위생관리
- 자격요건:
* 신입~경력2년
전형절차
ㆍ서류전형 > 1차면접 >최종합격
ㆍ면접일정은 추후 통보됩니다.
유의사항
ㆍ허위사실이 발견될 경우 채용이 취소될 수 있습니다.","모집요강
모집분야
주방직원-칼판
모집인원
○
명
고용형태
정규직
(수습 3개월)
급여
회사 내규에 따름 (면접 후 결정)
근무시간
월8회 휴무 + a / 탄력적 스케줄근무
09:30 ~ 20:30
15시-17시 브레이크타임 (일9시간근무)
근무지주소
서울 강남구 테헤란로 231 (역삼동, 센터필드) 센터필드 이스트
지도보기
인근지하철

지원자격
경력
신입·경력
(2년이상)
학력
학력무관
우대조건
기본우대
인근거주자, 유관업무 경험자(인턴·알바), 유관업무 경력자

접수기간 · 방법
마감일은 기업의 사정으로 인해 조기 마감 또는 변경될 수 있습니다

기업 정보
기업정보 더보기
사원수
51 ~ 300명 이하
기업구분
중소기업 (비상장)
산업(업종)
음식료·외식·프랜차이즈
지도보기
위치
서울 강남구 언주로150길 32 (논현동, 천지일가) 1층(논현동) JS가든 블랙","{
  ""@context"": ""https://schema.org"",
  ""@type"": ""JobPosting"",
  ""title"": ""[js가든 센터필드점] 파인다이닝 중식부문 주방 신입 직원 채용"",
  ""description"": ""JS가든 블랙에서 정규직 신입·경력 채용을 진행합니다. 근무지는 서울 강남구 테헤란로 231 (역삼동, 센터필드)이며, 자세한 조건은 공고를 통해 확인할 수 있습니다."",
  ""datePosted"": ""2026-05-04"",
  ""validThrough"": ""2026-05-29T23:59"",
  ""employmentType"": ""FULL_TIME"",
  ""experienceRequirements"": ""신입·경력"",
  ""educationRequirements"": ""학력무관"",
  ""directApply"": true,
  ""hiringOrganization"": {
    ""@type"": ""Organization"",
    ""name"": ""JS가든 블랙""
  },
  ""jobLocation"": {
    ""@type"": ""Place"",
    ""address"": {
      ""@type"": ""PostalAddress"",
      ""streetAddress"": ""서울 강남구 테헤란로 231 (역삼동, 센터필드) 센터필드 이스트""
    }
  },
  ""identifier"": {
    ""@type"": ""PropertyValue"",
    ""name"": ""JobKorea"",
    ""value"": ""49100163""
  },
  ""url"": ""https://www.jobkorea.co.kr/Recruit/GI_Read/49100163""
}",success,
연세프라임병원,https://www.jobkorea.co.kr/Recruit/GI_Read/49100164,"연세프라임병원
연세프라임병원 원무과 접수/수납 직원 모집합니다
연세프라임병원은 2017년에 설립된 회사로 사원수 84명 규모의 중소기업입니다. 경기 용인시 기흥구 용구대로 2355 (마북동, 용인프라임병원)에 위치하고 있으며, 관절척추전문병원사업을 하고 있습니다.
포지션 및 자격요건
병원 접수/수납
( ○○명 )
담당업무
ㆍ병원 접수/수납 환자응대
ㆍ원무행정
자격요건
ㆍ학력 : 학력무관
ㆍ경력 : 경력무관
우대사항
ㆍ인근거주자
ㆍ유관업무 경험자(인턴·알바)
ㆍ즉시출근 가능자
전형절차
ㆍ서류전형 > 1차면접 > 2차면접 > 임원면접 > 최종합격
ㆍ면접일정은 추후 통보됩니다.
유의사항
ㆍ허위사실이 발견될 경우 채용이 취소될 수 있습니다.","모집요강
모집분야
병원 접수/수납
모집인원
○○
명
고용형태
정규직
(수습 3개월)
직급/직책
급여
연봉 2,800~3,000만원 (면접 후 결정)
근무시간
격주휴무(월~토)
09:00 ~ 17:30
격주 토요일 근무 ( 09:00 ~ 13:00)
근무지주소
경기 용인시 기흥구 용구대로 2355 (마북동, 용인프라임병원) 연세프라임병원
지도보기
인근지하철

지원자격
경력
경력무관
학력
학력무관
우대조건
기본우대
인근거주자, 유관업무 경험자(인턴·알바), 즉시출근 가능자

접수기간 · 방법
마감일은 기업의 사정으로 인해 조기 마감 또는 변경될 수 있습니다

기업 정보
기업정보 더보기
사원수
51 ~ 300명 이하
기업구분
중소기업 (비상장)
산업(업종)
의료(병원분류별)
지도보기
위치
경기 용인시 기흥구 용구대로 2355 (마북동, 용인프라임병원) 연세프라임병원","{
  ""@context"": ""https://schema.org"",
  ""@type"": ""JobPosting"",
  ""title"": ""연세프라임병원 원무과 접수/수납 직원 모집합니다"",
  ""description"": ""연세프라임병원에서 정규직 경력무관 채용을 진행합니다. 근무지는 경기 용인시 기흥구 용구대로 2355 (마북동, 용인프라임병원)이며, 자세한 조건은 공고를 통해 확인할 수 있습니다."",
  ""datePosted"": ""2026-05-04"",
  ""validThrough"": ""2026-06-03T23:59"",
  ""employmentType"": ""FULL_TIME"",
  ""experienceRequirements"": ""경력무관"",
  ""educationRequirements"": ""학력무관"",
  ""directApply"": true,
  ""hiringOrganization"": {
    ""@type"": ""Organization"",
    ""name"": ""연세프라임병원""
  },
  ""jobLocation"": {
    ""@type"": ""Place"",
    ""address"": {
      ""@type"": ""PostalAddress"",
      ""streetAddress"": ""경기 용인시 기흥구 용구대로 2355 (마북동, 용인프라임병원) 연세프라임병원""
    }
  },
  ""baseSalary"": {
    ""@type"": ""MonetaryAmount"",
    ""currency"": ""KRW"",
    ""value"": {
      ""@type"": ""QuantitativeValue"",
      ""unitText"": ""YEAR"",
      ""minValue"": 28000000,
      ""maxValue"": 30010000
    }
  },
  ""identifier"": {
    ""@type"": ""PropertyValue"",
    ""name"": ""JobKorea"",
    ""value"": ""49100164""
  },
  ""url"": ""https://www.jobkorea.co.kr/Recruit/GI_Read/49100164""
}",success,
동서식품,https://www.jobkorea.co.kr/Recruit/GI_Read/49100165,"동서식품
동서식품(주) 맥심플랜트 카페 바리스타 채용
동서식품은 1970년에 설립된 회사로 자본금 1,720억원, 매출액 1조 7,514억 6,364만원, 사원수 1,086명 규모의 중견기업입니다. 서울 용산구 이태원로 250 (한남동)에 위치하고 있으며, 제조업사업을 하고 있습니다.
포지션 및 자격요건
바리스타
( ○명 )
담당업무
ㆍ음료제조 및 판매
자격요건
ㆍ학력 : 학력무관
ㆍ경력 : 경력무관
우대사항
ㆍ유관업무 경험자(인턴·알바)
ㆍ관련 자격증 보유자
전형절차
ㆍ서류전형(~5/11 월) > 면접(5/13 수) > 채용검진
(5/14 목)
> 입사(5/19 화)
ㆍ면접일정은 추후 통보됩니다.
유의사항
ㆍ허위사실이 발견될 경우 채용이 취소될 수 있습니다.","모집요강
모집분야
바리스타
모집인원
○
명
고용형태
계약직
(근무기간 2년)
직급/직책
급여
월급 282~282만원
근무시간
주5일(월~일) 스케줄근무
07:30 ~ 21:00
07시30분~21시 내 8시간 오픈/미들/마감 스케줄 근무
근무지주소
서울 용산구 이태원로 250 (한남동) 맥심플랜트
지도보기
인근지하철

지원자격
경력
경력무관
학력
학력무관
우대조건
기본우대
유관업무 경험자(인턴·알바), 관련 자격증 보유자

접수기간 · 방법
마감일은 기업의 사정으로 인해 조기 마감 또는 변경될 수 있습니다

기업 정보
기업정보 더보기
사원수
1,001 ~ 10,000명 이하
기업구분
중견기업 (비상장)
산업(업종)
커피 가공업
지도보기
위치
서울 용산구 이태원로 250 (한남동) 맥심플랜트","{
  ""@context"": ""https://schema.org"",
  ""@type"": ""JobPosting"",
  ""title"": ""동서식품(주) 맥심플랜트 카페 바리스타 채용"",
  ""description"": ""동서식품에서 계약직 경력무관 채용을 진행합니다. 근무지는 서울 용산구 이태원로 250 (한남동)이며, 자세한 조건은 공고를 통해 확인할 수 있습니다."",
  ""datePosted"": ""2026-05-04"",
  ""validThrough"": ""2026-05-11T23:59"",
  ""employmentType"": ""CONTRACTOR"",
  ""experienceRequirements"": ""경력무관"",
  ""educationRequirements"": ""학력무관"",
  ""directApply"": true,
  ""hiringOrganization"": {
    ""@type"": ""Organization"",
    ""name"": ""동서식품""
  },
  ""jobLocation"": {
    ""@type"": ""Place"",
    ""address"": {
      ""@type"": ""PostalAddress"",
      ""streetAddress"": ""서울 용산구 이태원로 250 (한남동) 맥심플랜트""
    }
  },
  ""baseSalary"": {
    ""@type"": ""MonetaryAmount"",
    ""currency"": ""KRW"",
    ""value"": {
      ""@type"": ""QuantitativeValue"",
      ""unitText"": ""MONTH"",
      ""minValue"": 2820000,
      ""maxValue"": 2830000
    }
  },
  ""identifier"": {
    ""@type"": ""PropertyValue"",
    ""name"": ""JobKorea"",
    ""value"": ""49100165""
  },
  ""url"": ""https://www.jobkorea.co.kr/Recruit/GI_Read/49100165""
}",success,
㈜세븐플로어,https://www.jobkorea.co.kr/Recruit/GI_Read/49100166,"[폴라리스] 컨텐츠 마케터 경력자 채용
포지션 및 자격요건
세븐플로어 - 폴라리스 컨텐츠
                                        마케터
담당업무
당신의 아이디어가 누군가의 캠핑이 됩니다.
[폴라리스]와 함께할 마케터를 찾습니다
자사 캠핑 브랜드 및 제품의 온라인 콘텐츠 전략 수립 및 실행
캠핑/아웃도어 라이프 스타일을 반영한 브랜드 스토리텔링 및 캠페인 기획
숏폼 중심의 제품/브랜드 영상 기획, 촬영 디렉팅, 편집 수행
(Reels, TikTok, YouTube Shorts 등)
광고·콘텐츠 성과 분석 및 개선
(조회수, 전환율, ROAS 등)
인플루언서·크리에이터 협업 콘텐츠 기획 및 커뮤니케이션
자격요건
관련 경력 2년 이상 콘텐츠/영상 마케터 경험 보유자
영상 편집 프로그램 활용 가능 (Premiere, Final Cut 등)
기획부터 촬영·편집까지 실행 경험 보유
포트폴리오 제출 필수 (본인이 직접 참여한  콘텐츠 위주)
우대사항
캠핑/아웃도어, 리빙, 미디어커머스 등 관련 업계 근무 경험이 있는 분
브랜디드 콘텐츠, 광고 영상, 쇼핑몰/커머스 영상 제작 경험이 있는 분
자사 SNS 채널 운영 및 성장 경험, 커뮤니티/구독자 관리 경험이 있는 분
촬영 장비(카메라, 조명 등) 사용 및 촬영 디렉팅이 가능한 분
(제공 촬영장비_카메라 : 소니a7c / 드론 : DJI미니3 PRO)
아웃도어 및 캠핑을 다년간 즐기시는 분
◆입사 시 축하금 50만원
◆
이런 분을
찾습니다
단순 제작자가 아닌, “왜 이 콘텐츠가 팔리는지” 고민하는 분
트렌드에 민감하고 빠르게 실험하는 분
감각과 데이터 두 가지를 모두 보는 분
브랜드 성장에 직접 기여하고 싶은 분
모집인원
1명
복리후생
전형절차
유의사항
허위 사실이 발견될 경우 채용이 취소될 수 있습니다.
직무적 적합도를 판단하는 시기로 3개월 계약 기간, 수습 기간이 적용됩니다.","모집요강
모집분야
세븐플로어-컨텐츠 마케터 채용 공고
모집인원
1
명
고용형태
정규직
(수습 3개월)
직급/직책
급여
회사 내규에 따름 (면접 후 결정)
근무시간
주5일(월~금)
09:00 ~ 18:00
근무지주소
경기 용인시 기흥구 흥덕1로 101  (영덕동) 스타프라자 704호
지도보기

지원자격
경력
경력
(2년이상)
학력
초대졸이상
(졸업예정자 가능)
스킬
핵심역량
창의성
,
성장지향성
,
계획성
,
성실성
,
성취지향성
우대조건
기본우대
인근거주자, 운전가능자, 유관업무 경력자(3년), 장기근무 가능자

접수기간 · 방법
마감일은 기업의 사정으로 인해 조기 마감 또는 변경될 수 있습니다

기업 정보
기업정보 더보기
사원수
50명 이하
기업구분
중소기업 (비상장)
산업(업종)
생활용품·소비재·기타
지도보기
위치
경남 김해시 주촌면 서부로1638번길 92-31 (천곡리) (주)폴라리스","{
  ""@context"": ""https://schema.org"",
  ""@type"": ""JobPosting"",
  ""title"": ""[폴라리스] 컨텐츠 마케터 경력자 채용"",
  ""description"": ""㈜세븐플로어에서 정규직 경력 채용을 진행합니다. 근무지는 경기 용인시 기흥구 흥덕1로 101  (영덕동)이며, 자세한 조건은 공고를 통해 확인할 수 있습니다."",
  ""datePosted"": ""2026-05-04"",
  ""validThrough"": ""2026-06-03T23:59"",
  ""employmentType"": ""FULL_TIME"",
  ""experienceRequirements"": ""경력"",
  ""educationRequirements"": ""초대졸 이상"",
  ""directApply"": true,
  ""hiringOrganization"": {
    ""@type"": ""Organization"",
    ""name"": ""㈜세븐플로어""
  },
  ""jobLocation"": {
    ""@type"": ""Place"",
    ""address"": {
      ""@type"": ""PostalAddress"",
      ""streetAddress"": ""경기 용인시 기흥구 흥덕1로 101  (영덕동) 스타프라자 704호""
    }
  },
  ""identifier"": {
    ""@type"": ""PropertyValue"",
    ""name"": ""JobKorea"",
    ""value"": ""49100166""
  },
  ""url"": ""https://www.jobkorea.co.kr/Recruit/GI_Read/49100166""
}",success,
㈜데일리앤코,https://www.jobkorea.co.kr/Recruit/GI_Read/49100167,"01
모집부문 및 자격요건
모집부문
담당업무
자격요건 및 우대사항
인원
상품
기획/개발자
(OEM/ODM)
[담당업무]
-
신제품 개발 및 시장 조사
- 제품 개발 일정 및 스케줄 관리
- 신규 제조사 소싱
- 제조사 핸들링 및 일정 관리
- 유통사 기획 제품 관리
[자격조건]
- 성별 : 무관
- 학력 : 대학교 졸업 이상
- 경력 : 2년 이상
- 해외여행에 결격사유가 없는 자
[필수 요건]
-
기본적인 OA 역량(엑셀/파워포인트/워드)을 갖추신 분
- 커뮤니케이션 능력이 탁월하신 분
- 꼼꼼하고 성실한 마인드를 보유하신 분
- 도전 정신이 강하신 분
[우대 사항]
-
화장품/전자제품/침구류 제품 OEM/ODM 경험 있으신 분
- 화장품/전자제품/침구류 제품 상품 개발 경험 있으신 분
- 북미, 일본제품 등 해외 타겟 제품 개발 경험 있으신 분
0명
02
근무조건
- 근무형태 : 정규직 (수습기간 3개월 후 내부 평가에 따라 정규직 전환, 회사 내규)
- 근무지역 : 서울특별시 송파구 올림픽로 35다길 42 7층, 8층 (신천동, 한국루터회관) (잠실역 9번출구 도보 5분 이내)
- 근무시간 : 주 5일제  / 시차출퇴근제 (9시 또는 10시 출근)
03
전형절차
* 서류 접수 기간 중 면접이 진행될 수 있으며 적합한 지원자 발생시 공고가 마감될 수 있습니다.
* 면접일정 및 면접과제는 서류 합격자에 한해 개별적으로 안내 드릴 예정입니다.
*
전형 절차는 직무별로 다르게 운영될 수 있으며 일정 및 상황에 따라 변경될 수 있습니다.
* 입사지원서 내용이 사실과 다를 경우 합격이 취소되거나 전형상의 불이익을 받을 수 있습니다.
04
제출서류
- 필수 :
이력서, 자기소개서 (지원동기 포함 必)
- 선택 : 포트폴리오 및 기타 제출 서류
05
복리후생","모집요강
모집분야
상품기획
모집인원
○
명
고용형태
정규직
(수습 3개월)
직급/직책
급여
회사 내규에 따름 (면접 후 결정)
근무시간
주5일(월~금)
10:00 ~ 19:00
시차출퇴근제 운영 (9시 또는 10시 출근)
근무지주소
서울 송파구 신천동 7-20 한국루터회관 7층, 8층
지도보기
인근지하철

지원자격
경력
경력
(2년이상)
학력
대졸이상
우대조건
기본우대
유관업무 경력자, 커뮤니케이션 능력 우수자

접수기간 · 방법
마감일은 기업의 사정으로 인해 조기 마감 또는 변경될 수 있습니다

기업 정보
기업정보 더보기
사원수
51 ~ 300명 이하
기업구분
중견기업 (비상장)
산업(업종)
전자상거래 소매업
지도보기
위치
서울 송파구 올림픽로35다길 42 (신천동, 한국루터회관) 7층, 8층","{
  ""@context"": ""https://schema.org"",
  ""@type"": ""JobPosting"",
  ""title"": ""[티타드, 몽제] 상품기획/개발자 추가 채용 (OEM/ODM)"",
  ""description"": ""㈜데일리앤코에서 정규직 경력 채용을 진행합니다. 근무지는 서울 송파구 신천동이며, 자세한 조건은 공고를 통해 확인할 수 있습니다."",
  ""datePosted"": ""2026-05-04"",
  ""validThrough"": ""2026-05-18T23:59"",
  ""employmentType"": ""FULL_TIME"",
  ""experienceRequirements"": ""경력"",
  ""educationRequirements"": ""대졸 이상"",
  ""directApply"": true,
  ""hiringOrganization"": {
    ""@type"": ""Organization"",
    ""name"": ""㈜데일리앤코""
  },
  ""jobLocation"": {
    ""@type"": ""Place"",
    ""address"": {
      ""@type"": ""PostalAddress"",
      ""streetAddress"": ""서울 송파구 신천동 7-20 한국루터회관 7층, 8층""
    }
  },
  ""identifier"": {
    ""@type"": ""PropertyValue"",
    ""name"": ""JobKorea"",
    ""value"": ""49100167""
  },
  ""url"": ""https://www.jobkorea.co.kr/Recruit/GI_Read/49100167""
}",success,
㈜에이치제이매그놀리아용평파인리즈골프앤리조트,https://www.jobkorea.co.kr/Recruit/GI_Read/49100168,"모집분야 및 지원자격
채용분야 정보
모집부문
담당업무
자격요건
인원
시설관리
[영선파트]
시설관리 및 설비 유지 보수 등
학력 : 학력 무관
경력 : 2년 이상
관련 업무 경력자 우대
강원 고성
0명
근무조건
근무형태
: 정규직 / 계약직
급여조건
: 회사 내규에 따름 (면접 후 결정)
근무지
: 강원도 고성군 토성면 잼버리동로 267 (기숙사 제공)
복리후생
모집분야 및 자격요건 정보
퇴직금 별도 지급
통근셔틀 운행
자녀학자금 운영
4대 보험 적용
식사제공
인센티브 지급
명절 성과금 지급
기숙사 제공
전형절차
접수기간 및 방법
접수기간 :
채용시마감
접수방법 : 잡코리아 온라인 입사지원
접수방-- 법 :
이메일 입사지원 :
lmk1023@pineridge.co.kr
접수-- 방법 :
우편지원 : (24763) 강원도 고성군 토성면 잼버리동로 267
제출서류 : 이력서, 자기소개서
문의사항
담당자 : 파인리즈리조트 경영지원팀 이미경(033-630-6364)
기타사항
허위사실이 발견될 경우 채용이 취소될 수 있습니다.
홈페이지 바로가기","모집요강
모집분야
시설관리 (영선)
모집인원
○○
명
고용형태
정규직
,
계약직
(근무기간 1년)
급여
회사 내규에 따름
근무지주소
서울 용산구 서빙고로 17 (한강로3가) 서빙고로 17 센트럴파크타워 27F
지도보기
강원 고성군 토성면 잼버리동로 267 (인흥리, 파인리즈컨드리클럽)
지도보기
인근지하철

지원자격
경력
신입·경력
학력
학력무관

접수기간 · 방법
마감일은 기업의 사정으로 인해 조기 마감 또는 변경될 수 있습니다

기업 정보
기업정보 더보기
사원수
51 ~ 300명 이하
기업구분
중소기업 (비상장)
산업(업종)
골프장 운영업
지도보기
위치
강원 고성군 토성면 신평리 산 23번지","{
  ""@context"": ""https://schema.org"",
  ""@type"": ""JobPosting"",
  ""title"": ""[파인리즈리조트] 시설관리(영선) 경력 모집"",
  ""description"": ""㈜에이치제이매그놀리아용평파인리즈골프앤리조트에서 정규직 신입·경력 채용을 진행합니다. 근무지는 서울 용산구 서빙고로 17 (한강로3가)이며, 자세한 조건은 공고를 통해 확인할 수 있습니다."",
  ""datePosted"": ""2026-05-04"",
  ""validThrough"": ""2026-06-03T23:59"",
  ""employmentType"": [
    ""FULL_TIME"",
    ""CONTRACTOR""
  ],
  ""experienceRequirements"": ""신입·경력"",
  ""educationRequirements"": ""학력무관"",
  ""directApply"": true,
  ""hiringOrganization"": {
    ""@type"": ""Organization"",
    ""name"": ""㈜에이치제이매그놀리아용평파인리즈골프앤리조트""
  },
  ""jobLocation"": {
    ""@type"": ""Place"",
    ""address"": {
      ""@type"": ""PostalAddress"",
      ""streetAddress"": ""서울 용산구 서빙고로 17 (한강로3가) 서빙고로 17 센트럴파크타워 27F""
    }
  },
  ""identifier"": {
    ""@type"": ""PropertyValue"",
    ""name"": ""JobKorea"",
    ""value"": ""49100168""
  },
  ""url"": ""https://www.jobkorea.co.kr/Recruit/GI_Read/49100168""
}",success,
㈜엠케이로드,https://www.jobkorea.co.kr/Recruit/GI_Read/49100169,"㈜엠케이로드를 소개해요
엠케이로드는 2014년 설립된 종합 디지털 퍼포먼스 마케팅 에이전시로,
패션·뷰티·라이프스타일·생활용품 등 다양한 업종의 파트너사들과 함께
꾸준히 성장하고 있는 퍼포먼스 전문 그룹입니다.
우리는 단순한 ‘광고대행사’가 아닙니다.
데이터 기반의 분석력, 크리에이티브 구현력, 운영 노하우를 기반으로
고객사의 매출 성장과 브랜드 가치 향상을 함께 만들어가는 마케팅 솔루션 파트너입니다.
“엠케이로드는 광고를 집행하는 곳이 아니라, 성장을 설계하는 곳입니다.”
[지원자에게 한마디]
엠케이로드의 디자이너는
단순한 작업자가 아니라 광고 성과를 만드는 크리에이터입니다.
트렌드를 좋아하고, 여러 브랜드를 경험하며 빠르게 성장하고 싶다면
엠케이로드에서 당신의 감각과 역량을 마음껏 펼칠 수 있을 거예요.
[홈페이지]
https://mkroad.co.kr/
이런 업무를 해요
ㆍ메타 / GFA / 구글 디멘드젠 / 카카오모먼트 등 퍼포먼스 광고용 이미지 & 영상 콘텐츠 제작
ㆍ광고 성과 기반으로 CTR, 전환율 개선을 위한 크리에이티브 기획 및 제작
ㆍ패션 브랜드 중심 상품 USP 기반 광고 소재 (배너, 숏폼, 썸네일) 제작
ㆍ동일 상품으로 A/B 테스트용 다수 버전 제작 및 개선
ㆍ이미지 → 영상 전환 (Deevid 등) 및 숏폼 광고 소재 제작
이런 분들을 찾고 있어요
ㆍ학력 : 학력무관
ㆍ단순 디자인이 아닌 “광고 성과를 위한 디자인” 경험이 있는 분
ㆍ메타 / GFA / 구글 / 틱톡 등 광고 소재 제작 경험 필수
ㆍCTR, ROAS 등 광고 지표 기반으로 작업해본 경험이 있는 분
ㆍ하나의 디자인이 아닌 “여러 버전 테스트 제작” 경험 있는 분
ㆍ패션/의류 콘텐츠 제작 경험자
이런 분이면 더 좋아요
ㆍ쇼핑몰 / 브랜드 / 광고대행사에서 퍼포먼스 광고 소재 제작 경험
ㆍ썸네일, 배너에서 “클릭 유도 카피 & 후킹 구조” 이해하는 분
ㆍ이미지 + 영상 (숏폼) 둘 다 가능한 분
ㆍ트렌드 카피, 밈, 후킹 포인트 빠르게 캐치하는 분
ㆍ디자인보다 “잘 팔리는 소재” 만드는 데 집중하는 분
이런 조건에서 근무할 예정이에요
ㆍ고용 형태 : 정규직
ㆍ근무지 주소 : 서울 노원구 석계로15길 9 (월계동, MK빌딩) 2,3층
지도보기
ㆍ근무 요일/시간 : 주5일(월~금) 09:00 ~ 18:00
함께하면 이런 점들이 좋아요
ㆍ패션/여성의류 광고 경험
ㆍDeevid / Runway / Midjourney 등 AI 활용 경험
ㆍSNS 광고 (Meta, TikTok) 소재 제작 경험
ㆍ쇼핑몰 상세페이지 → 광고 소재로 변환 경험
[복리후생]
ㆍ4대 보험, 주 5일제
ㆍ1:1 실무 맞춤 교육
ㆍ자유로운 근무 복장
ㆍ역에서 1분 역세권
ㆍ야근걍요 X, 칼퇴 가능
ㆍ수평적 조직문화
ㆍ주말&공휴일 무조건 휴무
ㆍ자유로운 연차&반차
ㆍ휴가비 지원
ㆍ명절 귀향비 지원
ㆍ경조사 지원
ㆍ출산휴가 및 휴가비 지원
ㆍ급여 외 인센티브
ㆍ직책 수당
ㆍ자기계발비 지원
ㆍ자격증 취득 수당
ㆍ장기 근속자 포상
ㆍ건강검진
ㆍ무제한 간식, 무제한 커피
ㆍ사무실 음악
ㆍ듀얼모니터 지원
ㆍ워크샵/MT
ㆍ꼰대 X, 회식강요 X
합류 여정은 이렇게 진행돼요
ㆍ서류전형 > 1차면접 > 최종합격
ㆍ면접일정은 추후 통보됩니다.
지원 시 유의해주세요
허위사실이 발견될 경우 채용이 취소될 수 있습니다.","기업 정보
기업정보 더보기
사원수
-
기업구분
중소기업 (비상장)
산업(업종)
광고·홍보·전시
지도보기
위치
서울 노원구 석계로15길 9 (월계동, MK빌딩) 2,3층","{
  ""@context"": ""https://schema.org"",
  ""@type"": ""JobPosting"",
  ""title"": ""[경력] 퍼포먼스광고 콘텐츠 제작 디자이너"",
  ""description"": ""㈜엠케이로드에서 정규직 경력 채용을 진행합니다. 근무지는 서울 노원구 석계로15길 9 (월계동, MK빌딩)이며, 자세한 조건은 공고를 통해 확인할 수 있습니다."",
  ""datePosted"": ""2026-05-04"",
  ""validThrough"": ""2026-06-03T23:59"",
  ""employmentType"": ""FULL_TIME"",
  ""experienceRequirements"": ""경력"",
  ""educationRequirements"": ""학력무관"",
  ""directApply"": true,
  ""hiringOrganization"": {
    ""@type"": ""Organization"",
    ""name"": ""㈜엠케이로드""
  },
  ""jobLocation"": {
    ""@type"": ""Place"",
    ""address"": {
      ""@type"": ""PostalAddress"",
      ""streetAddress"": ""서울 노원구 석계로15길 9 (월계동, MK빌딩) 2,3층""
    }
  },
  ""baseSalary"": {
    ""@type"": ""MonetaryAmount"",
    ""currency"": ""KRW"",
    ""value"": {
      ""@type"": ""QuantitativeValue"",
      ""unitText"": ""YEAR"",
      ""minValue"": 30000000,
      ""maxValue"": 50010000
    }
  },
  ""identifier"": {
    ""@type"": ""PropertyValue"",
    ""name"": ""JobKorea"",
    ""value"": ""49100169""
  },
  ""url"": ""https://www.jobkorea.co.kr/Recruit/GI_Read/49100169""
}",success,
㈜얼터너티브자산운용,https://www.jobkorea.co.kr/Recruit/GI_Read/49100170,"㈜얼터너티브자산운용
오퍼레이션파트  채용
㈜얼터너티브자산운용은 2017년에 설립된 회사로 자본금 9억 1,099만원, 매출액 32억 9,257만원 규모의 중소기업입니다. 서울 강남구 언주로30길 13 (도곡동, 대림아크로빌,대림아크로텔)에 위치하고 있으며,  투자 자문업 및 투자 일임업사업을 하고 있습니다.
포지션 및 자격요건
오퍼레이션
( ○명 )
담당업무
- 미팅어레인지
- 전화응대 및 고객응대
- 문서 작성
- Block-Deal 업무
- Pre-IPO 업무
자격요건
ㆍ학력 : 고졸이상
ㆍ경력 : 경력무관
우대사항
- 영어/중국어 가능자 우대
- 문서작성능력 상위자 우대
- 해당 금융권 자격증 소지자 우대
- 커뮤니케이션 스킬 상위자 우대
- 전화응대/호텔리셉션 업무 경험자 우대
- 아나운서 학원 수료자 우대
전형절차
ㆍ서류전형 > 1차면접 >  최종합격
ㆍ면접일정은 추후 통보됩니다.
유의사항
ㆍ허위사실이 발견될 경우 채용이 취소될 수 있습니다.","모집요강
모집분야
오퍼레이션
모집인원
○
명
고용형태
정규직
(수습 3개월)
,
계약직
(근무기간 1년, 정규직 전환 가능)
급여
연봉 5,500~10,500만원
근무시간
주5일(월~금)
08:30 ~ 17:30
근무지주소
서울 강남구 언주로30길 13 (도곡동, 대림아크로빌,대림아크로텔) C동 4F
지도보기
인근지하철

지원자격
경력
경력무관
학력
고졸이상
우대조건
기본우대
유관업무 경험자(인턴·알바)

접수기간 · 방법
마감일은 기업의 사정으로 인해 조기 마감 또는 변경될 수 있습니다

기업 정보
기업정보 더보기
사원수
-
기업구분
중소기업 (-)
산업(업종)
신탁업 및 집합투자업
지도보기
위치
서울 강남구 언주로30길 13 (도곡동, 대림아크로빌,대림아크로텔) C동 4F","{
  ""@context"": ""https://schema.org"",
  ""@type"": ""JobPosting"",
  ""title"": ""오퍼레이션파트  채용"",
  ""description"": ""㈜얼터너티브자산운용에서 정규직 경력무관 채용을 진행합니다. 근무지는 서울 강남구 언주로30길 13 (도곡동, 대림아크로빌,대림아크로텔)이며, 자세한 조건은 공고를 통해 확인할 수 있습니다."",
  ""datePosted"": ""2026-05-04"",
  ""validThrough"": ""2026-05-18T23:59"",
  ""employmentType"": [
    ""FULL_TIME"",
    ""CONTRACTOR""
  ],
  ""experienceRequirements"": ""경력무관"",
  ""educationRequirements"": ""고졸 이상"",
  ""directApply"": true,
  ""hiringOrganization"": {
    ""@type"": ""Organization"",
    ""name"": ""㈜얼터너티브자산운용""
  },
  ""jobLocation"": {
    ""@type"": ""Place"",
    ""address"": {
      ""@type"": ""PostalAddress"",
      ""streetAddress"": ""서울 강남구 언주로30길 13 (도곡동, 대림아크로빌,대림아크로텔) C동 4F""
    }
  },
  ""baseSalary"": {
    ""@type"": ""MonetaryAmount"",
    ""currency"": ""KRW"",
    ""value"": {
      ""@type"": ""QuantitativeValue"",
      ""unitText"": ""YEAR"",
      ""minValue"": 55000000,
      ""maxValue"": 105010000
    }
  },
  ""identifier"": {
    ""@type"": ""PropertyValue"",
    ""name"": ""JobKorea"",
    ""value"": ""49100170""
  },
  ""url"": ""https://www.jobkorea.co.kr/Recruit/GI_Read/49100170""
}",success,
㈜대정티엠,https://www.jobkorea.co.kr/Recruit/GI_Read/49100171,"[사이프러스 골프앤리조트] 룸메이드 직원 채용
모집분야 및 자격요건
룸메이드(1명)
대한민국 통합 10대 명품 골프장 메인 프런트에서 근무하실 인재를 채용합니다.
담당업무
ㆍ객실정비
자격요건
ㆍ학력 : 초대졸이상 (졸업예정자 가능)
ㆍ경력 : 신입·경력
우대사항
ㆍ인근거주자
ㆍ차량소지자
전형절차
ㆍ서류전형 > 1차면접 > 2차면접 > 임원면접 > 최종합격
ㆍ면접일정은 추후 통보됩니다.
유의사항
ㆍ허위사실이 발견될 경우 채용이 취소될 수 있습니다.","모집요강
모집분야
사이프러스 골프&리조트 룸메이드 직원 채용
모집인원
1
명
고용형태
정규직
(수습 3개월)
직급/직책
급여
회사 내규에 따름 (면접 후 결정)
근무시간
격주휴무
08:30 ~ 17:30
탄력근무제
스케줄근무
근무지주소
제주 서귀포시 표선면 번영로 2300 (성읍리)
지도보기

지원자격
경력
신입·경력
학력
학력무관
우대조건
기본우대
인근거주자, 차량소지자

접수기간 · 방법
마감일은 기업의 사정으로 인해 조기 마감 또는 변경될 수 있습니다

기업 정보
기업정보 더보기
사원수
51 ~ 300명 이하
기업구분
중소기업 (-)
산업(업종)
골프장 운영업
지도보기
위치
경기 용인시 처인구 남사읍 원암로39번길 3-8 (원암리) -","{
  ""@context"": ""https://schema.org"",
  ""@type"": ""JobPosting"",
  ""title"": ""[사이프러스 골프&리조트]  룸메이드 직원 채용"",
  ""description"": ""㈜대정티엠에서 정규직 신입·경력 채용을 진행합니다. 근무지는 제주 서귀포시 표선면 번영로 2300 (성읍리)이며, 자세한 조건은 공고를 통해 확인할 수 있습니다."",
  ""datePosted"": ""2026-05-04"",
  ""validThrough"": ""2026-06-03T23:59"",
  ""employmentType"": ""FULL_TIME"",
  ""experienceRequirements"": ""신입·경력"",
  ""educationRequirements"": ""학력무관"",
  ""directApply"": true,
  ""hiringOrganization"": {
    ""@type"": ""Organization"",
    ""name"": ""㈜대정티엠""
  },
  ""jobLocation"": {
    ""@type"": ""Place"",
    ""address"": {
      ""@type"": ""PostalAddress"",
      ""streetAddress"": ""제주 서귀포시 표선면 번영로 2300 (성읍리) ""
    }
  },
  ""identifier"": {
    ""@type"": ""PropertyValue"",
    ""name"": ""JobKorea"",
    ""value"": ""49100171""
  },
  ""url"": ""https://www.jobkorea.co.kr/Recruit/GI_Read/49100171""
}",success,
㈜딥다이브(Deepdive Inc.),https://www.jobkorea.co.kr/Recruit/GI_Read/49100172,,"모집요강
모집분야
베리시 Product Director
모집인원
○
명
고용형태
정규직
(수습 3개월)
급여
회사 내규에 따름 (면접 후 결정)
근무시간
주5일(월~금)
10:00 ~ 19:00
근무지주소
서울 성동구 성수이로 62 (성수동2가, 무신사성수S1) 8-11충
지도보기
인근지하철

지원자격
경력
경력
(7년이상)
학력
학력무관

접수기간 · 방법
마감일은 기업의 사정으로 인해 조기 마감 또는 변경될 수 있습니다

기업 정보
기업정보 더보기
사원수
51 ~ 300명 이하
기업구분
중소기업 (비상장)
산업(업종)
속옷 및 잠옷 제조업
지도보기
위치
서울 성동구 성수이로 62 (성수동2가, 무신사성수S1) 8-11층","{
  ""@context"": ""https://schema.org"",
  ""@type"": ""JobPosting"",
  ""title"": ""[베리시] Product Director (상품기획실 실장)"",
  ""description"": ""㈜딥다이브(Deepdive Inc.)에서 정규직 경력 채용을 진행합니다. 근무지는 서울 성동구 성수이로 62 (성수동2가, 무신사성수S1)이며, 자세한 조건은 공고를 통해 확인할 수 있습니다."",
  ""datePosted"": ""2026-05-04"",
  ""validThrough"": ""2027-05-03T15:00"",
  ""employmentType"": ""FULL_TIME"",
  ""experienceRequirements"": ""경력"",
  ""educationRequirements"": ""학력무관"",
  ""directApply"": true,
  ""hiringOrganization"": {
    ""@type"": ""Organization"",
    ""name"": ""㈜딥다이브(Deepdive Inc.)""
  },
  ""jobLocation"": {
    ""@type"": ""Place"",
    ""address"": {
      ""@type"": ""PostalAddress"",
      ""streetAddress"": ""서울 성동구 성수이로 62 (성수동2가, 무신사성수S1) 8-11충""
    }
  },
  ""identifier"": {
    ""@type"": ""PropertyValue"",
    ""name"": ""JobKorea"",
    ""value"": ""49100172""
  },
  ""url"": ""https://www.jobkorea.co.kr/Recruit/GI_Read/49100172""
}",success,
㈜대정티엠,https://www.jobkorea.co.kr/Recruit/GI_Read/49100173,"㈜대정티엠
사이프러스 골프&리조트 [조리사] 직원 및 아르바이트 채용
포지션 및 자격요건
조리팀 / 조리사
( ○명 )
담당업무
ㆍ상세내용을 입력하세요
ㆍ상세내용을 입력하세요
자격요건
ㆍ학력 : 고졸이상 (졸업예정자 가능)
ㆍ경력 : 경력무관
우대사항
ㆍ인근거주자
ㆍ차량소지자
ㆍ자격증 : 한식조리기능사, 양식조리기능사, 일식조리기능사
전형절차
ㆍ서류전형 > 1차면접 > 2차면접 > 임원면접 > 최종합격
ㆍ면접일정은 추후 통보됩니다.
유의사항
ㆍ허위사실이 발견될 경우 채용이 취소될 수 있습니다.","모집요강
모집분야
조리팀 / 조리사
모집인원
○
명
고용형태
정규직
(수습 3개월)
,
계약직
(정규직 전환 가능)
,
아르바이트
(정규직 전환 가능)
직급/직책
급여
회사 내규에 따름
근무시간
격주휴무
08:30 ~ 08:30
스케줄 근무
근무지주소
제주 서귀포시 표선면 번영로 2300 (성읍리)
지도보기

지원자격
경력
경력무관
학력
고졸이상
(졸업예정자 가능)
우대조건
기본우대
인근거주자, 차량소지자
자격증

접수기간 · 방법
마감일은 기업의 사정으로 인해 조기 마감 또는 변경될 수 있습니다

기업 정보
기업정보 더보기
사원수
51 ~ 300명 이하
기업구분
중소기업 (-)
산업(업종)
골프장 운영업
지도보기
위치
경기 용인시 처인구 남사읍 원암로39번길 3-8 (원암리) -","{
  ""@context"": ""https://schema.org"",
  ""@type"": ""JobPosting"",
  ""title"": ""사이프러스 골프&리조트 [조리사] [찬모, 찬모보조] 채용"",
  ""description"": ""㈜대정티엠에서 정규직 경력무관 채용을 진행합니다. 근무지는 제주 서귀포시 표선면 번영로 2300 (성읍리)이며, 자세한 조건은 공고를 통해 확인할 수 있습니다."",
  ""datePosted"": ""2026-05-04"",
  ""validThrough"": ""2026-06-03T23:59"",
  ""employmentType"": [
    ""FULL_TIME"",
    ""CONTRACTOR"",
    ""PART_TIME""
  ],
  ""experienceRequirements"": ""경력무관"",
  ""educationRequirements"": ""고졸 이상"",
  ""directApply"": true,
  ""hiringOrganization"": {
    ""@type"": ""Organization"",
    ""name"": ""㈜대정티엠""
  },
  ""jobLocation"": {
    ""@type"": ""Place"",
    ""address"": {
      ""@type"": ""PostalAddress"",
      ""streetAddress"": ""제주 서귀포시 표선면 번영로 2300 (성읍리) ""
    }
  },
  ""identifier"": {
    ""@type"": ""PropertyValue"",
    ""name"": ""JobKorea"",
    ""value"": ""49100173""
  },
  ""url"": ""https://www.jobkorea.co.kr/Recruit/GI_Read/49100173""
}",success,
,https://www.jobkorea.co.kr/Recruit/GI_Read/49100174,,,,fail,HTTP status code 404
㈜컴패니언시스템,https://www.jobkorea.co.kr/Recruit/GI_Read/49100175,"㈜컴패니언시스템
쇼핑몰 시스템 운영 개발 (React필수)
㈜컴패니언시스템은 2014년에 설립된 회사로 자본금 1억원, 매출액 138억 , 사원수 40명 규모의 중소기업입니다. 서울 강남구 테헤란로 327 (역삼동, 빅토리아오피스텔)에 위치하고 있으며, 솔루션개발, SI 및 IT컨설팅사업을 하고 있습니다.
포지션 및 자격요건
포지션
( 1명 )
담당업무
ㆍ당사가 개발/운영 중인 쇼핑몰 추가 개발 및 운영 업무
ㆍ현재 10명의 운영팀이 고객사 상주 개발중이고 협업하여 개발/운영 수행
ㆍ
프론트는 React, 백엔드는 JAVA 사용
ㆍReact는 필수로 사용가능하여야 함(JAVA만 가능시 지원 불가능)
ㆍ기간은  즉시-26.12.31(매년 1월1일 부터 연말까지 계약)
ㆍ등급 :
중급
자격요건
ㆍ학력 : 학력무관
우대사항
ㆍReact, JAVA 두가지 사용 경력자
ㆍ쇼핑몰 개발 경력자
전형절차
ㆍ서류전형 > 1차면접 > 최종합격
ㆍ면접일정은 추후 통보됩니다.
유의사항
ㆍ허위사실이 발견될 경우 채용이 취소될 수 있습니다.","모집요강
모집분야
쇼핑몰 시스템 운영/개발
모집인원
○○
명
고용형태
프리랜서
(근무기간 8개월)
급여
회사 내규에 따름 (면접 후 결정)
근무시간
주5일(월~금)
09:00 ~ 18:00
근무지주소
경기 용인시 기흥구 마북동 553-3 삼성에버랜드유통사업부
지도보기
인근지하철

지원자격
경력
경력
(7년이상)
학력
초대졸이상
스킬
핵심역량
성실성
,
꼼꼼함
,
적응성
,
협동심
,
성취지향성

접수기간 · 방법
마감일은 기업의 사정으로 인해 조기 마감 또는 변경될 수 있습니다

기업 정보
기업정보 더보기
사원수
50명 이하
기업구분
중소기업 (비상장)
산업(업종)
응용 소프트웨어 개발 및 공급업
지도보기
위치
서울 강남구 테헤란로 327 (역삼동, 빅토리아오피스텔) 707호

복리후생
기타 복리후생
통신비 지원","{
  ""@context"": ""https://schema.org"",
  ""@type"": ""JobPosting"",
  ""title"": ""쇼핑몰 시스템 운영 개발 (React 필수)"",
  ""description"": ""㈜컴패니언시스템에서  경력 채용을 진행합니다. 근무지는 경기 용인시 기흥구 마북동이며, 자세한 조건은 공고를 통해 확인할 수 있습니다."",
  ""datePosted"": ""2026-05-04"",
  ""validThrough"": ""2026-06-03T23:59"",
  ""employmentType"": ""CONTRACTOR"",
  ""experienceRequirements"": ""경력"",
  ""educationRequirements"": ""초대졸 이상"",
  ""directApply"": true,
  ""hiringOrganization"": {
    ""@type"": ""Organization"",
    ""name"": ""㈜컴패니언시스템""
  },
  ""jobLocation"": {
    ""@type"": ""Place"",
    ""address"": {
      ""@type"": ""PostalAddress"",
      ""streetAddress"": ""경기 용인시 기흥구 마북동 553-3 삼성에버랜드유통사업부""
    }
  },
  ""identifier"": {
    ""@type"": ""PropertyValue"",
    ""name"": ""JobKorea"",
    ""value"": ""49100175""
  },
  ""url"": ""https://www.jobkorea.co.kr/Recruit/GI_Read/49100175""
}",success,
㈜오멜론,https://www.jobkorea.co.kr/Recruit/GI_Read/49100176,"㈜오멜론
화장품 및 미용 디바이스 영업관리부 팀원
㈜오멜론은 2011년에 설립된 회사로 자본금 9억 7,500만원, 매출액 16억 1,525만원, 사원수 12명 규모의 중소기업입니다. 서울 동작구 등용로 85 (대방동)에 위치하고 있으며, 미용제품 및 기기 개발, 연구, 생산사업을 하고 있습니다.
포지션 및 자격요건
화장품 및 미용 디바이스 영업관리부 팀원
( 1명 )
담당업무
ㆍ
국내 거래처 영업 및 발주&제품 입출고 관리
ㆍ
해외 공장 및 지사 발주 및 입출고 관리
ㆍ
재고 관리, 자사 제품 AS 관리
ㆍ
신규 거래처 발굴
스킬
ㆍ2종보통운전면허(카니발 운전), Microsoft Office, 이카운트
핵심역량
ㆍ
계획성,
성실성,
적응성,
협동심,
성장지향성,
자격요건
ㆍ학력 : 학력무관
ㆍ경력 : 경력무관
우대사항
ㆍ컴퓨터활용능력 우수자
ㆍ유관업무 경험자(인턴·알바)
ㆍ장기근무 가능자
전형절차
ㆍ서류전형 > 1차면접 > 2차면접 > 임원면접 > 최종합격
ㆍ면접일정은 추후 통보됩니다.
유의사항
ㆍ허위사실이 발견될 경우 채용이 취소될 수 있습니다.","모집요강
모집분야
화장품 및 미용 디바이스 영업관리부 팀원
모집인원
1
명
고용형태
정규직
(수습 2개월)
직급/직책
급여
연봉 3,000~4,500만원 (면접 후 결정)
근무시간
주5일(월~금)
09:00 ~ 18:00
근무지주소
서울 동작구 등용로 85 (대방동) 5~7층
지도보기
인근지하철

지원자격
경력
경력무관
학력
학력무관
스킬
,
이카운트
핵심역량
성실성
,
협동심
,
성장지향성
,
성취지향성
,
적응성
우대조건
기본우대
컴퓨터활용능력 우수자, 유관업무 경험자(인턴·알바), 장기근무 가능자

접수기간 · 방법
마감일은 기업의 사정으로 인해 조기 마감 또는 변경될 수 있습니다

기업 정보
기업정보 더보기
사원수
50명 이하
기업구분
중소기업 (비상장)
산업(업종)
그 외 기타 달리 분류되지 않은 제품 제조업
지도보기
위치
서울 동작구 등용로 85 (대방동) 5~7층

복리후생
기타 복리후생
생일휴가","{
  ""@context"": ""https://schema.org"",
  ""@type"": ""JobPosting"",
  ""title"": ""화장품 및 미용 디바이스 영업관리부 팀원"",
  ""description"": ""㈜오멜론에서 정규직 경력무관 채용을 진행합니다. 근무지는 서울 동작구 등용로 85 (대방동)이며, 자세한 조건은 공고를 통해 확인할 수 있습니다."",
  ""datePosted"": ""2026-05-04"",
  ""validThrough"": ""2026-06-03T23:59"",
  ""employmentType"": ""FULL_TIME"",
  ""experienceRequirements"": ""경력무관"",
  ""educationRequirements"": ""학력무관"",
  ""directApply"": true,
  ""hiringOrganization"": {
    ""@type"": ""Organization"",
    ""name"": ""㈜오멜론""
  },
  ""jobLocation"": {
    ""@type"": ""Place"",
    ""address"": {
      ""@type"": ""PostalAddress"",
      ""streetAddress"": ""서울 동작구 등용로 85 (대방동) 5~7층""
    }
  },
  ""baseSalary"": {
    ""@type"": ""MonetaryAmount"",
    ""currency"": ""KRW"",
    ""value"": {
      ""@type"": ""QuantitativeValue"",
      ""unitText"": ""YEAR"",
      ""minValue"": 30000000,
      ""maxValue"": 45010000
    }
  },
  ""identifier"": {
    ""@type"": ""PropertyValue"",
    ""name"": ""JobKorea"",
    ""value"": ""49100176""
  },
  ""url"": ""https://www.jobkorea.co.kr/Recruit/GI_Read/49100176""
}",success,
㈜에이프릴인터내셔널,https://www.jobkorea.co.kr/Recruit/GI_Read/49100177,,"모집요강
모집분야
온라인마케팅
모집인원
1
명
고용형태
정규직
(수습 6개월)
급여
회사 내규에 따름 (면접 후 결정)
근무시간
주5일(월~금)
09:00 ~ 18:00
근무지주소
경기 성남시 수정구 금토로79번길 28 (금토동)
지도보기

지원자격
경력
신입·경력
(1년이상)
학력
학력무관

접수기간 · 방법
마감일은 기업의 사정으로 인해 조기 마감 또는 변경될 수 있습니다

기업 정보
기업정보 더보기
사원수
50명 이하
기업구분
중소기업 (비상장)
산업(업종)
쇼핑몰·오픈마켓·소셜커머스
지도보기
위치
경기 성남시 수정구 금토동 723","{
  ""@context"": ""https://schema.org"",
  ""@type"": ""JobPosting"",
  ""title"": ""키시닝뷰티 브랜드 마케터 신입·경력 채용공고"",
  ""description"": ""㈜에이프릴인터내셔널에서 정규직 신입·경력 채용을 진행합니다. 근무지는 경기 성남시 수정구 금토로79번길 28 (금토동)이며, 자세한 조건은 공고를 통해 확인할 수 있습니다."",
  ""datePosted"": ""2026-05-04"",
  ""validThrough"": ""2026-07-03T23:59"",
  ""employmentType"": ""FULL_TIME"",
  ""experienceRequirements"": ""신입·경력"",
  ""educationRequirements"": ""학력무관"",
  ""directApply"": true,
  ""hiringOrganization"": {
    ""@type"": ""Organization"",
    ""name"": ""㈜에이프릴인터내셔널""
  },
  ""jobLocation"": {
    ""@type"": ""Place"",
    ""address"": {
      ""@type"": ""PostalAddress"",
      ""streetAddress"": ""경기 성남시 수정구 금토로79번길 28 (금토동) ""
    }
  },
  ""identifier"": {
    ""@type"": ""PropertyValue"",
    ""name"": ""JobKorea"",
    ""value"": ""49100177""
  },
  ""url"": ""https://www.jobkorea.co.kr/Recruit/GI_Read/49100177""
}",success,
㈜웨이버스,https://www.jobkorea.co.kr/Recruit/GI_Read/49100178,"㈜웨이버스
포지션 및 자격요건
GIS
( ○명 )
담당업무
ㆍDB구축
ㆍ사무업무 보조
스킬
ㆍAutoCAD,
QGIS, ArcGIS,
MMS
핵심역량
ㆍ
성실성,
꼼꼼함,
계획성, 협동심, 성장지향성
자격요건
ㆍ학력 : 초대졸이상 (관련 학과 졸업자 우대)
ㆍ경력 : 유관업무 경력자 우대
우대사항
ㆍ유관업무 경험자(인턴·알바)
ㆍ유관업무 경력자
ㆍ즉시출근 가능자
ㆍ문서작성 우수자
전형절차
ㆍ서류전형 > 1차면접 > 최종합격
ㆍ면접일정은 추후 통보됩니다.
유의사항
ㆍ허위사실이 발견될 경우 채용이 취소될 수 있습니다.","모집요강
모집분야
GIS
모집인원
○
명
고용형태
계약직
(근무기간 5개월)
,
아르바이트
(근무기간 5개월)
급여
회사 내규에 따름 (면접 후 결정)
근무시간
주5일(월~금)
09:00 ~ 18:00
근무지주소
서울 구로구 디지털로26길 61 (구로동, 에이스하이엔드타워2차) 1003호
지도보기
인근지하철

지원자격
경력
경력
학력
초대졸이상
스킬
핵심역량
성실성
,
꼼꼼함
,
협동심
,
성장지향성
,
계획성
우대조건
기본우대
유관업무 경험자(인턴·알바), 문서작성 우수자, 유관업무 경력자, 즉시출근 가능자

접수기간 · 방법
마감일은 기업의 사정으로 인해 조기 마감 또는 변경될 수 있습니다

기업 정보
기업정보 더보기
사원수
301 ~ 500명 이하
기업구분
중소기업 (코스닥 상장)
산업(업종)
솔루션·SI·CRM·ERP
지도보기
위치
서울 구로구 디지털로26길 61 (구로동, 에이스하이엔드타워2차) 1001호","{
  ""@context"": ""https://schema.org"",
  ""@type"": ""JobPosting"",
  ""title"": ""(주)웨이버스 DB구축 및 사무보조 아르바이트 채용"",
  ""description"": ""㈜웨이버스에서 계약직 경력 채용을 진행합니다. 근무지는 서울 구로구 디지털로26길 61 (구로동, 에이스하이엔드타워2차)이며, 자세한 조건은 공고를 통해 확인할 수 있습니다."",
  ""datePosted"": ""2026-05-04"",
  ""validThrough"": ""2026-06-03T23:59"",
  ""employmentType"": [
    ""CONTRACTOR"",
    ""PART_TIME""
  ],
  ""experienceRequirements"": ""경력"",
  ""educationRequirements"": ""초대졸 이상"",
  ""directApply"": true,
  ""hiringOrganization"": {
    ""@type"": ""Organization"",
    ""name"": ""㈜웨이버스""
  },
  ""jobLocation"": {
    ""@type"": ""Place"",
    ""address"": {
      ""@type"": ""PostalAddress"",
      ""streetAddress"": ""서울 구로구 디지털로26길 61 (구로동, 에이스하이엔드타워2차) 1003호""
    }
  },
  ""identifier"": {
    ""@type"": ""PropertyValue"",
    ""name"": ""JobKorea"",
    ""value"": ""49100178""
  },
  ""url"": ""https://www.jobkorea.co.kr/Recruit/GI_Read/49100178""
}",success,
검색,https://www.jobkorea.co.kr/Recruit/GI_Read/49100179,"베스트 네트워크
R&D 팀장 [유명 글로벌 코스메틱 기업]
-베스트 네트워크(주)
베스트 네트워크는 1999년에 설립된 회사로 중견기업입니다. 서울 강남구 언주로30길 13 (도곡동, 대림아크로빌)에 위치하고 있으며, 헤드헌팅, 인재추천사업을 하고 있습니다.
포지션 및 자격요건
R&D 팀장
( 1명 )
담당업무
? Building and managing the R&D team, while serving as R&D head
? Driving communication with the Global R&D Leader and each function’s Leadership Team.
? Drive innovation with partners on concepts and technologies
? Ensure compliance and support global product rollout
자격요건
? Chemistry/biochemistry background with
cosmetic industry experience
? Korea product launch experience
? Native Korean, English capable; global exposure preferred
전형절차
ㆍ서류전형 > 1차면접 > 2차면접 > 임원면접 > 최종합격
ㆍ면접일정은 추후 통보됩니다.
최호식 대표 (eagle@bestnetwork.net, best6@bestnetwork.net)에게 보내주세요.
**** 반드시 위의 두 이메일 계정 모두로 보내주시고, 이메일 제목에 지원 포지션명 기재 부탁드립니다.
국문이력서, 영문이력서 (각종 증빙서류는 서류전형 합격자에 한해 추후 제출)
유의사항
ㆍ허위사실이 발견될 경우 채용이 취소될 수 있습니다.",,,success,
㈜한컴즈,https://www.jobkorea.co.kr/Recruit/GI_Read/49100180,"㈜쿡섬
선릉역/손보사/ETL,Websquare/즉시/6월말/고급
㈜한컴즈는 2011년에 설립된 회사로 중소기업입니다. 서울 마포구 독막로 10 (합정동)에 위치하고 있으며, 소프트웨어 개발 및 공급업사업을 하고 있습니다.
포지션 및 자격요건
- 고급 1명
00손해보험
- 자동자보험 단기 개발
- JAVA, Oracle
- Nexacro, Miplatform, Websqure 등 UI툴 개발
- ETL툴(TeraStream 등) 개발 경력 필수
- 5/11 ~ 6/30
- 고급 1명
- 선릉역
*(필수)손해보험 자동차보험 계약업무 경력 필수
자격요건
ㆍ학력 : 초대졸이상
ㆍ경력 : 경력10년이상~20년미만
전형절차
ㆍ서류전형 > 1차면접 > 최종합격
ㆍ면접일정은 추후 통보됩니다.
유의사항
ㆍ허위사실이 발견될 경우 채용이 취소될 수 있습니다.","모집요강
모집분야
SI 개발
모집인원
○
명
고용형태
계약직
(근무기간 2개월)
,
프리랜서
(근무기간 2개월)
급여
회사 내규에 따름 (면접 후 결정)
근무시간
주5일(월~금)
09:00 ~ 18:00
근무지주소
서울 강남구 테헤란로 340 (삼성동, 선릉역)
지도보기
인근지하철

지원자격
경력
경력
(10년이상)
학력
초대졸이상
스킬

접수기간 · 방법
마감일은 기업의 사정으로 인해 조기 마감 또는 변경될 수 있습니다

기업 정보
기업정보 더보기
사원수
50명 이하
기업구분
중소기업 (비상장)
산업(업종)
솔루션·SI·CRM·ERP
지도보기
위치
서울 금천구 디지털로9길 47 (가산동, 한신IT 타워2차) 비2층 비204호","{
  ""@context"": ""https://schema.org"",
  ""@type"": ""JobPosting"",
  ""title"": ""선릉역/손보사/ETL,Websquare/즉시/6월말/고급"",
  ""description"": ""㈜한컴즈에서 계약직 경력 채용을 진행합니다. 근무지는 서울 강남구 테헤란로 340 (삼성동, 선릉역)이며, 자세한 조건은 공고를 통해 확인할 수 있습니다."",
  ""datePosted"": ""2026-05-04"",
  ""validThrough"": ""2026-06-03T23:59"",
  ""employmentType"": [
    ""CONTRACTOR"",
    ""CONTRACTOR""
  ],
  ""experienceRequirements"": ""경력"",
  ""educationRequirements"": ""초대졸 이상"",
  ""directApply"": true,
  ""hiringOrganization"": {
    ""@type"": ""Organization"",
    ""name"": ""㈜한컴즈""
  },
  ""jobLocation"": {
    ""@type"": ""Place"",
    ""address"": {
      ""@type"": ""PostalAddress"",
      ""streetAddress"": ""서울 강남구 테헤란로 340 (삼성동, 선릉역) ""
    }
  },
  ""identifier"": {
    ""@type"": ""PropertyValue"",
    ""name"": ""JobKorea"",
    ""value"": ""49100180""
  },
  ""url"": ""https://www.jobkorea.co.kr/Recruit/GI_Read/49100180""
}",success,
㈜웹젠,https://www.jobkorea.co.kr/Recruit/GI_Read/49100181,"㈜웹젠
[웹젠크레빅스] 클라이언트(경력)
""디지털 시대의 놀이 문화를 선도하는 기업"" 디지털 엔터테인먼트를 창조하는 기업으로서 ㈜웹젠은 게임의
 작품성을 결정하는 주요 기술인 디자인, 클라이언트, 서버 부문에서 국내 최고를 자랑하고 있습니다. 
㈜웹젠의 기술력은 3D 온라인게임 리더 ‘뮤’의 개발과 퍼블리싱을 통해 입증되었으며, 이러한 기술력과
 마케팅력을 바탕으로 국내 시장을 넘어 세계 시장에서 인정받는 게임회사로의 성장을 목표로 하고 있습니다. 

㈜웹젠이 서비스하고 있는 온라인게임 ‘뮤’, 썬, C9은 기술적으로 한국 온라인게임의 수준을 한 단계 
끌어올렸으며, 해외 온라인게임 시장에서도 강한 주목을 받아 한국 게임소프트웨어 수출 사상 최고의 
대우를 받으며 해외시장에 진출한 바 있습니다.
포지션 및 자격요건
클라이언트
( ○명 )
담당업무
- 언리얼 엔진 5 기반 클라이언트
프로그래밍
- 2.5D SRPG 게임의 시스템
(전투/퀘스트/AI 등) 설계 및 구현
자격요건
- 경력 5년 이상
- C++, 언리얼 엔진 등 프로그래밍 언어에 대한
깊은 이해를 가진 분
- 새로운 기술을 학습하고 적용하는데 열정적인
분
- 원활한 커뮤니케이션 능력을 가진 분
우대사항
- 〈디펜스게임의 폭군이 되었다〉 IP에 대한 높은
이해도와 애정을 가진 분
- 언리얼 엔진을 이용한 모바일 게임 클라이언트
개발 경험이 있는 분
- 직군의 제한 없이 적극적이고 다양한 의견을
통해 게임 퀄리티 향상에 기여할 수 있는 분
전형절차
ㆍ서류전형 > 실무면접 > 인성검사 > 임원면접 > 최종합격
ㆍ면접일정은 추후 통보됩니다.
기타
- 수시채용은 공고 게시 중에도 전형이 진행되오니 이점 유의하시어 지원 바랍니다.
- 서류전형 통과자에 한하여 개별적으로 일정 안내를 드립니다.
- 장애인, 국가보훈대상자는 관련법규에 의거하여 우대합니다.
- 채용이 완료되거나 채용에 적합한 지원자가 없을 시 공고가 마감될 수 있습니다.
- 전형에 따라 필기 테스트가 진행될 수 있습니다.","모집요강
모집분야
클라이언트
모집인원
○
명
고용형태
정규직
급여
회사 내규에 따름
근무지주소
경기 성남시 분당구 판교로 242 (삼평동) 판교디지털센터 B동
지도보기

지원자격
경력
경력
(5년이상)
학력
학력무관
스킬
,
언리얼 엔진

접수기간 · 방법
마감일은 기업의 사정으로 인해 조기 마감 또는 변경될 수 있습니다

기업 정보
기업정보 더보기
사원수
501 ~ 1,000명 이하
기업구분
중견기업 (코스닥 상장)
산업(업종)
게임·애니메이션
지도보기
위치
경기 성남시 분당구 판교로 242 (삼평동) 판교디지털센터 B동","{
  ""@context"": ""https://schema.org"",
  ""@type"": ""JobPosting"",
  ""title"": ""[웹젠크레빅스] 클라이언트(경력)"",
  ""description"": ""㈜웹젠에서 정규직 경력 채용을 진행합니다. 근무지는 경기 성남시 분당구 판교로 242 (삼평동)이며, 자세한 조건은 공고를 통해 확인할 수 있습니다."",
  ""datePosted"": ""2026-05-04"",
  ""validThrough"": ""2026-06-30T23:59"",
  ""employmentType"": ""FULL_TIME"",
  ""experienceRequirements"": ""경력"",
  ""educationRequirements"": ""학력무관"",
  ""directApply"": true,
  ""hiringOrganization"": {
    ""@type"": ""Organization"",
    ""name"": ""㈜웹젠""
  },
  ""jobLocation"": {
    ""@type"": ""Place"",
    ""address"": {
      ""@type"": ""PostalAddress"",
      ""streetAddress"": ""경기 성남시 분당구 판교로 242 (삼평동) 판교디지털센터 B동""
    }
  },
  ""identifier"": {
    ""@type"": ""PropertyValue"",
    ""name"": ""JobKorea"",
    ""value"": ""49100181""
  },
  ""url"": ""https://www.jobkorea.co.kr/Recruit/GI_Read/49100181""
}",success,
㈜휴먼피부임상시험센터,https://www.jobkorea.co.kr/Recruit/GI_Read/49100182,㈜휴먼피부임상시험센터,"모집요강
모집분야
센터 안내 및 안전관리 담당자
모집인원
○
명
고용형태
계약직
(근무기간 3개월, 정규직 전환 가능)
급여
회사 내규에 따름 (면접 후 결정)
근무시간
주5일(월~금)
09:00 ~ 18:00
근무지주소
서울 구로구 디지털로31길 62 (구로동, 아티스포럼) 1511~1513호
지도보기
인근지하철

지원자격
경력
경력무관
학력
학력무관

접수기간 · 방법
마감일은 기업의 사정으로 인해 조기 마감 또는 변경될 수 있습니다

기업 정보
기업정보 더보기
사원수
50명 이하
기업구분
중소기업 (비상장)
산업(업종)
물질성분 검사 및 분석업
지도보기
위치
서울 구로구 디지털로31길 62 (구로동, 아티스포럼) 1511~1513호","{
  ""@context"": ""https://schema.org"",
  ""@type"": ""JobPosting"",
  ""title"": ""센터 안내 및 안전관리 담당자"",
  ""description"": ""㈜휴먼피부임상시험센터에서 계약직 경력무관 채용을 진행합니다. 근무지는 서울 구로구 디지털로31길 62 (구로동, 아티스포럼)이며, 자세한 조건은 공고를 통해 확인할 수 있습니다."",
  ""datePosted"": ""2026-05-04"",
  ""validThrough"": ""2027-05-03T15:00"",
  ""employmentType"": ""CONTRACTOR"",
  ""experienceRequirements"": ""경력무관"",
  ""educationRequirements"": ""학력무관"",
  ""directApply"": true,
  ""hiringOrganization"": {
    ""@type"": ""Organization"",
    ""name"": ""㈜휴먼피부임상시험센터""
  },
  ""jobLocation"": {
    ""@type"": ""Place"",
    ""address"": {
      ""@type"": ""PostalAddress"",
      ""streetAddress"": ""서울 구로구 디지털로31길 62 (구로동, 아티스포럼) 1511~1513호""
    }
  },
  ""identifier"": {
    ""@type"": ""PropertyValue"",
    ""name"": ""JobKorea"",
    ""value"": ""49100182""
  },
  ""url"": ""https://www.jobkorea.co.kr/Recruit/GI_Read/49100182""
}",success,
더프라이드 성형외과,https://www.jobkorea.co.kr/Recruit/GI_Read/49100183,"더프라이드 성형외과
압구정역 더프라이드성형외과
수술실/시술/치료실 선생님 모십니다
더프라이드 성형외과는 2025년에 설립된 회사로 중소기업입니다. 서울 강남구 논현로 842  (신사동)에 위치하고 있으며, 성형외과의원사업을 하고 있습니다.
포지션 및 자격요건
피부 ㆍ치료실
( 1명 )
담당업무
ㆍ시술 후 처치 및 회복관리
ㆍ회복실 및 치료 전반적인 업무
ㆍ피부시술 (필러,보톡스,레이저 등) 관련 어시스트
ㆍ수면 및 시술 진행 시 관리/세팅/보조
ㆍ환자케어 및 의료진 서포트
ㆍ시술 사용 모든 약물관리 및 준비
ㆍIM / IV 포함 각종 주사
자격요건
ㆍ고졸이상
ㆍ간호조무사 자격증
우대사항
ㆍ수술실 경력자 우대
ㆍ경력 없어도 가능
ㆍ성실하고 팀워크에 강한분
전형절차
ㆍ서류전형 > 1차면접 > 2차면접 > 임원면접 > 최종합격
ㆍ면접일정은 추후 통보됩니다.
유의사항
ㆍ허위사실이 발견될 경우 채용이 취소될 수 있습니다.","모집요강
모집분야
수술실/시술/치료실
모집인원
1
명
고용형태
정규직
급여
회사 내규에 따름 (면접 후 결정)
근무시간
주5일(월~금)
09:30 ~ 19:00
탄력근무제
근무지주소
서울특별시 강남구 논현로 842  (신사동) 4층 더프라이드성형외과
지도보기
인근지하철

지원자격
경력
경력무관
학력
고졸이상
(졸업예정자 가능)
스킬
핵심역량
성실성
,
꼼꼼함
,
윤리의식
,
적응성
,
협동심
우대조건
자격증

접수기간 · 방법
마감일은 기업의 사정으로 인해 조기 마감 또는 변경될 수 있습니다

기업 정보
기업정보 더보기
사원수
50명 이하
기업구분
중소기업 (비상장)
산업(업종)
일반 의원
지도보기
위치
서울 강남구 논현로 842  (신사동) 4층 더프라이드성형외과","{
  ""@context"": ""https://schema.org"",
  ""@type"": ""JobPosting"",
  ""title"": ""더프라이드성형외과 수술실/시술/치료실 선생님 모십니다"",
  ""description"": ""더프라이드 성형외과에서 정규직 경력무관 채용을 진행합니다. 근무지는 서울특별시 강남구 논현로 842  (신사동)이며, 자세한 조건은 공고를 통해 확인할 수 있습니다."",
  ""datePosted"": ""2026-05-04"",
  ""validThrough"": ""2026-06-03T23:59"",
  ""employmentType"": ""FULL_TIME"",
  ""experienceRequirements"": ""경력무관"",
  ""educationRequirements"": ""고졸 이상"",
  ""directApply"": true,
  ""hiringOrganization"": {
    ""@type"": ""Organization"",
    ""name"": ""더프라이드 성형외과""
  },
  ""jobLocation"": {
    ""@type"": ""Place"",
    ""address"": {
      ""@type"": ""PostalAddress"",
      ""streetAddress"": ""서울특별시 강남구 논현로 842  (신사동) 4층 더프라이드성형외과""
    }
  },
  ""identifier"": {
    ""@type"": ""PropertyValue"",
    ""name"": ""JobKorea"",
    ""value"": ""49100183""
  },
  ""url"": ""https://www.jobkorea.co.kr/Recruit/GI_Read/49100183""
}",success,
코웨이 문화대리점,https://www.jobkorea.co.kr/Recruit/GI_Read/49100184,"코웨이 문화대리점
렌탈종합법인 대구지사 국장모집
포지션 및 근무요건
국장
( 3명 )
담당업무
- 국장
ㆍ조직관리 유경험자 (1년이상)
ㆍ방판업종 종사자
ㆍ렌탈사업에 관심있으신분
근무요건
- 국장
ㆍ10시~5시 퇴근
ㆍ주 5일
ㆍ국공일 휴무
기타사항
ㆍ상세내용은 전화문의 바랍니다
ㆍ면접일정은 추후 통보됩니다.
ㆍ010-2472-5732
유의사항
ㆍ허위사실이 발견될 경우 채용이 취소될 수 있습니다.","모집요강
모집분야
렌탈종합법인 대구지사 국장모집
모집인원
1
명
고용형태
계약직
급여
회사 내규에 따름 (면접 후 결정)
근무시간
주5일(월~금)
10:00 ~ 17:00
근무지주소
대구 동구 신암로 128 (신암동, 연곡빌딩) 4층 406호
지도보기
인근지하철

지원자격
경력
경력
(1년이상)
학력
학력무관

접수기간 · 방법
마감일은 기업의 사정으로 인해 조기 마감 또는 변경될 수 있습니다

기업 정보
기업정보 더보기
사원수
-
기업구분
중소기업 (-)
산업(업종)
렌탈·임대·리스
지도보기
위치
경북 의성군 안계면 용기6길 49 (용기리) 49-2","{
  ""@context"": ""https://schema.org"",
  ""@type"": ""JobPosting"",
  ""title"": ""렌탈종합법인 대구지사 국장모집"",
  ""description"": ""코웨이 문화대리점에서 계약직 경력 채용을 진행합니다. 근무지는 대구 동구 신암로 128 (신암동, 연곡빌딩)이며, 자세한 조건은 공고를 통해 확인할 수 있습니다."",
  ""datePosted"": ""2026-05-04"",
  ""validThrough"": ""2026-05-29T23:59"",
  ""employmentType"": ""CONTRACTOR"",
  ""experienceRequirements"": ""경력"",
  ""educationRequirements"": ""학력무관"",
  ""directApply"": true,
  ""hiringOrganization"": {
    ""@type"": ""Organization"",
    ""name"": ""코웨이 문화대리점""
  },
  ""jobLocation"": {
    ""@type"": ""Place"",
    ""address"": {
      ""@type"": ""PostalAddress"",
      ""streetAddress"": ""대구 동구 신암로 128 (신암동, 연곡빌딩) 4층 406호""
    }
  },
  ""identifier"": {
    ""@type"": ""PropertyValue"",
    ""name"": ""JobKorea"",
    ""value"": ""49100184""
  },
  ""url"": ""https://www.jobkorea.co.kr/Recruit/GI_Read/49100184""
}",success,
㈜쿠디,https://www.jobkorea.co.kr/Recruit/GI_Read/49100185,"㈜쿠디
쿠디ㅣ마케터ㅣ상시 채용
왜 쿠디여야 할까요?
세계
시장에서 인정받는 브랜드
감각적인 디자인으로 차별화된 캠핑 용품을 만들어냅니다.
글로벌 확장
대한민국 no.1 캠핑 브랜드를 넘어 미국, 호주, 일본, 영국, 대만, 중국 등 나양한 나라에서 사랑받는 브랜드
자체 개발 제품 보유
텐트, 화목난로, 에어매트 등 독자적인 제품을 직접 기획하고 판매합니다.
[쿠디 공식 웹사이트]
https://brand.naver.com/coody
모집부문 및 상세내용
쿠디가 찾는 사람
ㆍ브랜드 철학과 제품의 특징을 담아
상세페이지 기획, 디자인 가능하신 분
ㆍ콘텐츠를 통해 브랜드를 표현하고, 스토리텔링에 감각이 있는 분
ㆍ캠핑에 관심이 있고, 협업을 즐기고, 함께 성장하는 팀 문화를 중요하게 여기는 분
ㆍ책임감 있게 주도적으로 프로젝트를 이끌 수 있는 사람
ㆍ배우고 함께 성장하고자 하는 열정이 있는 분
ㆍ꼼꼼하게 쇼핑몰 관리 가능하신 분
주요업무
ㆍ자사몰 및 온라인몰
상세페이지 기획 및 제작
ㆍ자사 및 협력몰(스마트스토어 등)
상품 페이지·배너·컨텐츠 제작
ㆍ
제품 패키지 디자인
및 리뉴얼
ㆍ
전시회·행사용 디자인물
제작 (부스 그래픽, POP 등)
ㆍ자사 홈페이지 및 오픈마켓 운영 및 관리
ㆍ사내 필요 디자인물 전반 제작
자격요건
ㆍ
상세페이지 디자인 경험 필수 (실무 경력 必)
ㆍAdobe Photoshop / Illustrator 등 디자인 툴 숙련자
ㆍ기획부터 결과물까지
스스로 작업물 진행 및 일정 관리가 가능한 분
ㆍ포트폴리오 제출 필수
우대사항
ㆍ
쇼핑몰(자사몰·스마트스토어)에서 디자인 업무를 경험하신 분
ㆍ상세페이지
기획 및 디자인 경험 보유자
ㆍ
제품 패키지 / 브랜딩 경험자
ㆍ
캠핑·라이프스타일 브랜드 경험 또는 관심자
ㆍ어도비 포토샵, 일러스트 외 영상 편집 툴 사용 가능자
ㆍ직급 및 연봉은 경력과 역량에 따라 협의 결정됩니다.
ㆍ기타 필수 사항
- 포트폴리오 제출 필수
근무조건
ㆍ근무 형태 : 정규직(수습기간)-3개월
ㆍ 근무일시 : 주 5일(월~금)
ㆍ 근무지역 : (51242) 경남 창원시 마산회원구 내서읍 신평로 35-2(주)쿠디
접수기간 및 방법
ㆍ
접수기간
:
상시
ㆍ
접수방법
:
잡코리아 입사지원
ㆍ
이력서양식
:
잡코리아 온라인 이력서
ㆍ
제출서류
:
포트폴리오
유의사항
ㆍ입사지원 서류에 허위사실이 발견될 경우, 채용확정 이후라도 채용이 취소될 수 있습니다.","모집요강
모집분야
쿠디ㅣ브랜드 디자이너 모집
모집인원
1
명
고용형태
정규직
급여
회사 내규에 따름 (면접 후 결정)
근무시간
주5일(월~금)
09:00 ~ 18:00
근무지주소
경남 창원시 마산회원구 내서읍 신평로 35-2 (중리, (주)쿠디) 쿠디
지도보기

지원자격
경력
경력
(2년이상)
학력
초대졸이상
스킬
핵심역량
계획성
,
꼼꼼함
,
협동심
,
성장지향성
,
성실성
,
성취지향성
우대조건
기본우대
유관업무 경력자(3년)

접수기간 · 방법
마감일은 기업의 사정으로 인해 조기 마감 또는 변경될 수 있습니다

기업 정보
기업정보 더보기
사원수
-
기업구분
중소기업 (-)
산업(업종)
쇼핑몰·오픈마켓·소셜커머스
지도보기
위치
경남 창원시 마산회원구 내서읍 삼계숲길 153 (삼계리) 1층 (주)쿠디","{
  ""@context"": ""https://schema.org"",
  ""@type"": ""JobPosting"",
  ""title"": ""쿠디ㅣ브랜드 디자이너 모집"",
  ""description"": ""㈜쿠디에서 정규직 경력 채용을 진행합니다. 근무지는 경남 창원시 마산회원구 내서읍 신평로 35-2 (중리, (주)쿠디)이며, 자세한 조건은 공고를 통해 확인할 수 있습니다."",
  ""datePosted"": ""2026-05-04"",
  ""validThrough"": ""2027-05-03T15:00"",
  ""employmentType"": ""FULL_TIME"",
  ""experienceRequirements"": ""경력"",
  ""educationRequirements"": ""초대졸 이상"",
  ""directApply"": true,
  ""hiringOrganization"": {
    ""@type"": ""Organization"",
    ""name"": ""㈜쿠디""
  },
  ""jobLocation"": {
    ""@type"": ""Place"",
    ""address"": {
      ""@type"": ""PostalAddress"",
      ""streetAddress"": ""경남 창원시 마산회원구 내서읍 신평로 35-2 (중리, (주)쿠디) 쿠디""
    }
  },
  ""identifier"": {
    ""@type"": ""PropertyValue"",
    ""name"": ""JobKorea"",
    ""value"": ""49100185""
  },
  ""url"": ""https://www.jobkorea.co.kr/Recruit/GI_Read/49100185""
}",success,
㈜예스콘씨에스,https://www.jobkorea.co.kr/Recruit/GI_Read/49100186,"본 채용은 예스콘씨에스 파견직 채용건입니다.
[인천국제공항] 화물터미널B 구내식당
인천국제공항 내무 화물터미널 구내식당에서 사업장에서 함께할 조리사님을 모집합니다.
아래 모집요강을 확인하여 주시고 많은 지원 바랍니다.
모집부문 및 자격요건
모집부문
담당업무
자격요건
조리사
(  오전  )
- 식자재 관리
- 주방업무 관리
- 영양사와의 소통, 식사 관리 업무
- 성별, 나이 : 무관
- 구내식당 경력직(필수)
- 장기 근무가능자
- 자격증 보유자
※ 주소:
인천광역시 중구 공항동로 295번길 77-65, 화물터미널B
내 식당
근무환경
근무요일:  월~일 (중_주6일)
근무시간:  10:00~19:00 (8시간)
급여: 월 300만원~350만원(협의)
식수 / 조식 50명 /  중식 150명 / 석식  120명
입니다.
복리후생 : 4대보험, 연차, 퇴직금, 경조휴가 및 경조사비 등
접수기간 및 방법
전형절차 : 서류전형 → 비대면면접(약식)→ 대면면접 → 최종합격
지원방법 : 온라인지원, 이메일지원 (본사이력서양식
dmsk2002@naver.com
)
이메일 지원시 제목 "" 인천 화물터미널 구내식당 지원자 OOO 입니다""
담당자 : 조은하 대리 (02-2643-6565 / 010-2998-1506)
접수마감일 : 적합한 인재 채용시까지
건강진단결과서(보건증)는 입사시 필요하오니 사전에 준비 부탁드립니다.
기타사항
문의시 ""인천 화물터미널
조리사 ""  공고보고 연락주셨다고 말씀하셔야 빠른문의가 가능합니다.
※ 당사는 채용절차법을 준수하며, 제11조(채용서류의 반환) 등 관련 채용여부가 확정된 날 이후 14일간 보관합니다. 14일 도과 후에는 개인정보보호법 시행령 제16조(개인정보의 파기방법)에 의해 전자적 파일형태의 경우 복원불가의 영구삭제, 서면 기타 기록매체의 경우 파쇄합니다.","모집요강
모집분야
조리사
모집인원
1
명
고용형태
파견직
(근무기간 12년, 정규직 전환 가능)
급여
월급 300~350만원 (면접 후 결정)
근무시간
주6일 스케줄 근무
05:00 ~ 14:00
상세확인
실근무기업
예스콘씨에스
중소기업
(비상장)
근무지주소
인천 중구 운서동 2859-1 에어제타화물터미널 (내부 구내식당)
지도보기
인근지하철

지원자격
경력
경력
학력
학력무관
스킬
우대조건
기본우대
인근거주자, 차량소지자, 관련 자격증 보유자, 즉시출근 가능자, 장기근무 가능자

접수기간 · 방법
마감일은 기업의 사정으로 인해 조기 마감 또는 변경될 수 있습니다

기업 정보
기업정보 더보기
사원수
301 ~ 500명 이하
기업구분
중소기업 (비상장)
산업(업종)
임시 및 일용 인력 공급업
지도보기
위치
서울 영등포구 여의도동 44-32","{
  ""@context"": ""https://schema.org"",
  ""@type"": ""JobPosting"",
  ""title"": ""[인천국제공항] 화물터미널B 구내식당 조리사 모집"",
  ""description"": ""㈜예스콘씨에스에서  경력 채용을 진행합니다. 근무지는 인천 중구 운서동이며, 자세한 조건은 공고를 통해 확인할 수 있습니다."",
  ""datePosted"": ""2026-05-04"",
  ""validThrough"": ""2026-06-03T23:59"",
  ""employmentType"": ""TEMPORARY"",
  ""experienceRequirements"": ""경력"",
  ""educationRequirements"": ""학력무관"",
  ""directApply"": true,
  ""hiringOrganization"": {
    ""@type"": ""Organization"",
    ""name"": ""㈜예스콘씨에스""
  },
  ""jobLocation"": {
    ""@type"": ""Place"",
    ""address"": {
      ""@type"": ""PostalAddress"",
      ""streetAddress"": ""인천 중구 운서동 2859-1 에어제타화물터미널 (내부 구내식당)""
    }
  },
  ""baseSalary"": {
    ""@type"": ""MonetaryAmount"",
    ""currency"": ""KRW"",
    ""value"": {
      ""@type"": ""QuantitativeValue"",
      ""unitText"": ""MONTH"",
      ""minValue"": 3000000,
      ""maxValue"": 3510000
    }
  },
  ""identifier"": {
    ""@type"": ""PropertyValue"",
    ""name"": ""JobKorea"",
    ""value"": ""49100186""
  },
  ""url"": ""https://www.jobkorea.co.kr/Recruit/GI_Read/49100186""
}",success,
㈜커피창고,https://www.jobkorea.co.kr/Recruit/GI_Read/49100187,,"모집요강
모집분야
사무보조
모집인원
○
명
고용형태
정규직
(수습 3개월)
,
계약직
(근무기간 3개월, 정규직 전환 가능)
급여
회사 내규에 따름
근무시간
주5일(월~금)
09:00 ~ 18:00
탄력근무제
탄력근무로 근무시간 조정 가능 / 4시간 파트타임 및 시간제 근무 가능
근무지주소
경기 광주시 봉골길134번길 42-11 (문형동) 커피창고 로스팅센터
지도보기

지원자격
경력
경력무관
학력
학력무관
스킬
핵심역량
성실성
,
꼼꼼함
,
윤리의식
,
적응성
,
협동심
우대조건
기본우대
장애인, 인근거주자, 컴퓨터활용능력 우수자, 즉시출근 가능자

접수기간 · 방법
마감일은 기업의 사정으로 인해 조기 마감 또는 변경될 수 있습니다

기업 정보
기업정보 더보기
사원수
-
기업구분
중소기업 (비상장)
산업(업종)
식품가공
지도보기
위치
서울 강남구 압구정로 104 (신사동, 보암빌딩) 504호","{
  ""@context"": ""https://schema.org"",
  ""@type"": ""JobPosting"",
  ""title"": ""커피창고 [장애인] 사무보조 채용"",
  ""description"": ""㈜커피창고에서 정규직 경력무관 채용을 진행합니다. 근무지는 경기 광주시 봉골길134번길 42-11 (문형동)이며, 자세한 조건은 공고를 통해 확인할 수 있습니다."",
  ""datePosted"": ""2026-05-04"",
  ""validThrough"": ""2026-06-03T23:59"",
  ""employmentType"": [
    ""FULL_TIME"",
    ""CONTRACTOR""
  ],
  ""experienceRequirements"": ""경력무관"",
  ""educationRequirements"": ""학력무관"",
  ""directApply"": true,
  ""hiringOrganization"": {
    ""@type"": ""Organization"",
    ""name"": ""㈜커피창고""
  },
  ""jobLocation"": {
    ""@type"": ""Place"",
    ""address"": {
      ""@type"": ""PostalAddress"",
      ""streetAddress"": ""경기 광주시 봉골길134번길 42-11 (문형동) 커피창고 로스팅센터""
    }
  },
  ""identifier"": {
    ""@type"": ""PropertyValue"",
    ""name"": ""JobKorea"",
    ""value"": ""49100187""
  },
  ""url"": ""https://www.jobkorea.co.kr/Recruit/GI_Read/49100187""
}",success,
㈜움트리,https://www.jobkorea.co.kr/Recruit/GI_Read/49100188,"㈜움트리
(주)움트리 식품 포장 및 배합 직원 채용
㈜움트리는 1996년에 설립된 회사로 자본금 5억 9,360만원, 매출액 578억 5,226만원, 사원수 135명 규모의 고용노동부에서 선정한  강소기업입니다.  경기 포천시 창수면 오가리에 위치하고 있으며, 식품제조업사업을 하고 있습니다.
포지션 및 자격요건
식품생산직 포장
( ○명 )
담당업무
ㆍ식품생산 포장
자격요건
ㆍ학력 : 학력무관
ㆍ경력 : 경력무관
우대사항
ㆍ국가유공자
ㆍ장애인
ㆍ인근거주자
ㆍ고용촉진지원금 대상자
ㆍ차량소지자
ㆍ운전가능자
ㆍ취업보호대상자
ㆍ유관업무 경험자(인턴·알바)
ㆍ보훈대상자
ㆍ즉시출근 가능자
ㆍ장기근무 가능자
배합
( ○명 )
담당업무
ㆍ식품 배합
자격요건
ㆍ학력 : 학력무관
ㆍ경력 : 경력무관
우대사항
ㆍ국가유공자
ㆍ장애인
ㆍ인근거주자
ㆍ고용촉진지원금 대상자
ㆍ차량소지자
ㆍ운전가능자
ㆍ취업보호대상자
ㆍ유관업무 경험자(인턴·알바)
ㆍ보훈대상자
ㆍ즉시출근 가능자
ㆍ장기근무 가능자
전형절차
ㆍ서류전형 > 1차면접 > 임원면접 > 최종합격
ㆍ면접일정은 추후 통보됩니다.
유의사항
ㆍ허위사실이 발견될 경우 채용이 취소될 수 있습니다.","모집요강
모집분야
식품생산직 포장, 배합
모집인원
○
명
고용형태
계약직
(근무기간 12개월, 정규직 전환 가능)
직급/직책
급여
월급 270만원 이상 (면접 후 결정)
근무시간
주6일(월~토)
08:30 ~ 17:30
근무지주소
경기 포천시 창수면 오가리 523
지도보기

지원자격
경력
경력무관
학력
고졸이상
우대조건
기본우대
국가유공자, 장애인, 인근거주자, 고용촉진지원금 대상자, 차량소지자, 운전가능자, 취업보호대상자, 유관업무 경험자(인턴·알바), 보훈대상자, 즉시출근 가능자, 장기근무 가능자

접수기간 · 방법
마감일은 기업의 사정으로 인해 조기 마감 또는 변경될 수 있습니다

기업 정보
기업정보 더보기
사원수
51 ~ 300명 이하
기업구분
중소기업 (비상장)
산업(업종)
천연 및 혼합조제 조미료 제조업
지도보기
위치
경기 포천시 창수면 오가리 523","{
  ""@context"": ""https://schema.org"",
  ""@type"": ""JobPosting"",
  ""title"": ""(주)움트리 포천 본사 식품 포장 및 배합 직원 채용"",
  ""description"": ""㈜움트리에서 계약직 경력무관 채용을 진행합니다. 근무지는 경기 포천시 창수면 오가리이며, 자세한 조건은 공고를 통해 확인할 수 있습니다."",
  ""datePosted"": ""2026-05-04"",
  ""validThrough"": ""2026-06-03T23:59"",
  ""employmentType"": ""CONTRACTOR"",
  ""experienceRequirements"": ""경력무관"",
  ""educationRequirements"": ""고졸 이상"",
  ""directApply"": true,
  ""hiringOrganization"": {
    ""@type"": ""Organization"",
    ""name"": ""㈜움트리""
  },
  ""jobLocation"": {
    ""@type"": ""Place"",
    ""address"": {
      ""@type"": ""PostalAddress"",
      ""streetAddress"": ""경기 포천시 창수면 오가리 523""
    }
  },
  ""baseSalary"": {
    ""@type"": ""MonetaryAmount"",
    ""currency"": ""KRW"",
    ""value"": {
      ""@type"": ""QuantitativeValue"",
      ""value"": 2700000,
      ""unitText"": ""MONTH""
    }
  },
  ""identifier"": {
    ""@type"": ""PropertyValue"",
    ""name"": ""JobKorea"",
    ""value"": ""49100188""
  },
  ""url"": ""https://www.jobkorea.co.kr/Recruit/GI_Read/49100188""
}",success,
디아더스㈜,https://www.jobkorea.co.kr/Recruit/GI_Read/49100189,디아더스㈜,"모집요강
모집분야
디아더스와 함께 할 라이선스 담당자 모집합니다
모집인원
○
명
고용형태
정규직
(수습 3개월)
급여
회사 내규에 따름 (면접 후 결정)
근무시간
주5일(월~금)
10:00 ~ 19:00
근무지주소
서울 서초구 언남16길 16 (양재동, 중원빌딩) 5층
지도보기
인근지하철

지원자격
경력
경력무관
학력
학력무관

접수기간 · 방법
마감일은 기업의 사정으로 인해 조기 마감 또는 변경될 수 있습니다

기업 정보
기업정보 더보기
사원수
50명 이하
기업구분
중소기업 (비상장)
산업(업종)
매니저업
지도보기
위치
서울 서초구 언남16길 16 (양재동, 중원빌딩) 5층","{
  ""@context"": ""https://schema.org"",
  ""@type"": ""JobPosting"",
  ""title"": ""디아더스와 함께 할 라이선스 담당자 모집합니다."",
  ""description"": ""디아더스㈜에서 정규직 경력무관 채용을 진행합니다. 근무지는 서울 서초구 언남16길 16 (양재동, 중원빌딩)이며, 자세한 조건은 공고를 통해 확인할 수 있습니다."",
  ""datePosted"": ""2026-05-04"",
  ""validThrough"": ""2026-06-03T23:59"",
  ""employmentType"": ""FULL_TIME"",
  ""experienceRequirements"": ""경력무관"",
  ""educationRequirements"": ""학력무관"",
  ""directApply"": true,
  ""hiringOrganization"": {
    ""@type"": ""Organization"",
    ""name"": ""디아더스㈜""
  },
  ""jobLocation"": {
    ""@type"": ""Place"",
    ""address"": {
      ""@type"": ""PostalAddress"",
      ""streetAddress"": ""서울 서초구 언남16길 16 (양재동, 중원빌딩) 5층""
    }
  },
  ""identifier"": {
    ""@type"": ""PropertyValue"",
    ""name"": ""JobKorea"",
    ""value"": ""49100189""
  },
  ""url"": ""https://www.jobkorea.co.kr/Recruit/GI_Read/49100189""
}",success,
㈜원아,https://www.jobkorea.co.kr/Recruit/GI_Read/49100190,"㈜원아
식품원료 물류/자재관리 채용 공고
㈜원아는 2012년에 설립된 회사로 자본금 1억원, 매출액 236억 2,596만원, 사원수 21명 규모의 중소기업입니다. 경기 안양시 만안구 안양동에 위치하고 있으며, 식품 원재료, 상품무역사업을 하고 있습니다.
포지션 및 자격요건
식품원료 물류/자재관리
( 1명 )
담당업무
ㆍ
자재입출고 관리
ㆍ
입식지게차 사용
ㆍ
납품일정 조율및 확인
ㆍ
재고현황 모니터링 및 분석
스킬
ㆍ1종보통운전면허, 원동기 운전면허, 화물차 운전면허, 지게차운전기능사 자격, 산업안전기사 자격
자격요건
ㆍ학력 : 학력무관
ㆍ경력 : 경력무관
우대사항
ㆍ유관업무 경험자(인턴·알바)
ㆍ유관업무 경력자
ㆍ인근거주자
ㆍ즉시출근 가능자
전형절차
ㆍ서류전형 > 1차면접 > 2차면접 > 임원면접 > 최종합격
ㆍ면접일정은 추후 통보됩니다.
유의사항
ㆍ허위사실이 발견될 경우 채용이 취소될 수 있습니다.","모집요강
모집분야
식품원료 물류/자재관리
모집인원
1
명
고용형태
정규직
(수습 3개월)
직급/직책
급여
회사 내규에 따름 (면접 후 결정)
근무시간
주5일(월~금)
09:00 ~ 18:00
근무지주소
경기 안양시 만안구 덕천로152번길 25 (안양동, 안양아이에스BIZ타워센트럴) B동 727, 728호
지도보기
인근지하철

지원자격
경력
경력무관
학력
학력무관
스킬
우대조건
기본우대
인근거주자, 유관업무 경험자(인턴·알바), 유관업무 경력자, 즉시출근 가능자

접수기간 · 방법
마감일은 기업의 사정으로 인해 조기 마감 또는 변경될 수 있습니다

기업 정보
기업정보 더보기
사원수
50명 이하
기업구분
중소기업 (비상장)
산업(업종)
무역·상사
지도보기
위치
경기 안양시 만안구 안양동  1432 안양아이에스BIZ타워센트럴 B동 727,728호","{
  ""@context"": ""https://schema.org"",
  ""@type"": ""JobPosting"",
  ""title"": ""식품원료 물류/자재관리 채용 공고"",
  ""description"": ""㈜원아에서 정규직 경력무관 채용을 진행합니다. 근무지는 경기 안양시 만안구 덕천로152번길 25 (안양동, 안양아이에스BIZ타워센트럴)이며, 자세한 조건은 공고를 통해 확인할 수 있습니다."",
  ""datePosted"": ""2026-05-04"",
  ""validThrough"": ""2026-06-03T23:59"",
  ""employmentType"": ""FULL_TIME"",
  ""experienceRequirements"": ""경력무관"",
  ""educationRequirements"": ""학력무관"",
  ""directApply"": true,
  ""hiringOrganization"": {
    ""@type"": ""Organization"",
    ""name"": ""㈜원아""
  },
  ""jobLocation"": {
    ""@type"": ""Place"",
    ""address"": {
      ""@type"": ""PostalAddress"",
      ""streetAddress"": ""경기 안양시 만안구 덕천로152번길 25 (안양동, 안양아이에스BIZ타워센트럴) B동 727, 728호""
    }
  },
  ""identifier"": {
    ""@type"": ""PropertyValue"",
    ""name"": ""JobKorea"",
    ""value"": ""49100190""
  },
  ""url"": ""https://www.jobkorea.co.kr/Recruit/GI_Read/49100190""
}",success,
검색,https://www.jobkorea.co.kr/Recruit/GI_Read/49100191,"베스트 네트워크
HR Director [외국계 기업]
-베스트 네트워크(주)
베스트 네트워크는 1999년에 설립된 회사로 중견기업입니다. 서울 강남구 언주로30길 13 (도곡동, 대림아크로빌)에 위치하고 있으며, 헤드헌팅, 인재추천사업을 하고 있습니다.
포지션 및 자격요건
HR인사기획
( 1명 )
담당업무
비즈니스 리더와 협업하여 조직/인사 전략 수립 및 실행
채용, 온보딩, 성과관리, 노무, 교육 등 HR 전반 운영 총괄
조직문화 구축 및 임직원 관계 관리, HR 정책 및 제도 운영
자격요건
APAC 등 다국적 환경에서의 업무 경험 및 영어 커뮤니케이션 역량 우수자
성장 단계 조직에서 HR 체계 수립 및 변화관리 경험 보유자
전형절차
ㆍ서류전형 > 1차면접 > 2차면접 > 임원면접 > 최종합격
ㆍ면접일정은 추후 통보됩니다.
최호식 대표 (eagle@bestnetwork.net, best6@bestnetwork.net)에게 보내주세요.
**** 반드시 위의 두 이메일 계정 모두로 보내주시고, 이메일 제목에 지원 포지션명 기재 부탁드립니다.
국문이력서, 영문이력서 (각종 증빙서류는 서류전형 합격자에 한해 추후 제출)
유의사항
ㆍ허위사실이 발견될 경우 채용이 취소될 수 있습니다.
당사 내 오픈된 모든 포지션은 아래의 링크를 통하여 확인할 수 있습니다.
https://blog.naver.com/bestnetwork__inc
https://www.linkedin.com/company/best-network-corp/
많은 방문 부탁드립니다! 감사합니다.",,,success,
㈜웹젠,https://www.jobkorea.co.kr/Recruit/GI_Read/49100192,"㈜웹젠
[웹젠크레빅스] 서버(신입/경력)
""디지털 시대의 놀이 문화를 선도하는 기업"" 디지털 엔터테인먼트를 창조하는 기업으로서 ㈜웹젠은 게임의
 작품성을 결정하는 주요 기술인 디자인, 클라이언트, 서버 부문에서 국내 최고를 자랑하고 있습니다. 
㈜웹젠의 기술력은 3D 온라인게임 리더 ‘뮤’의 개발과 퍼블리싱을 통해 입증되었으며, 이러한 기술력과
 마케팅력을 바탕으로 국내 시장을 넘어 세계 시장에서 인정받는 게임회사로의 성장을 목표로 하고 있습니다. 

㈜웹젠이 서비스하고 있는 온라인게임 ‘뮤’, 썬, C9은 기술적으로 한국 온라인게임의 수준을 한 단계 
끌어올렸으며, 해외 온라인게임 시장에서도 강한 주목을 받아 한국 게임소프트웨어 수출 사상 최고의 
대우를 받으며 해외시장에 진출한 바 있습니다.
포지션 및 자격요건
서버
( ○명 )
담당업무
- 모바일 게임 서버 프레임워크 및
컨텐츠 개발
자격요건
- 신입(채용연계형 인턴) 또는 경력 10년 이하
- C# 혹은 C/C++ 등을 이용한 서버 개발 경험을
보유한 분
- 데이터베이스, 운영체제, 네트워크 프로토콜에
대한 이해가 높은 분
- 비동기 프로그래밍 및 멀티스레딩에 대한 이해가
높은 분
우대사항
- 〈디펜스게임의 폭군이 되었다〉 IP에 대한 높은
이해도와 애정이 있는 분
- 클라우드 기반 서버 인프라(AWS 등) 경험이
있는 분
- 개발 과정에서 문서화의 중요성을 이해하고
기여할 수 있는 분
전형절차
ㆍ서류전형 > 실무면접 > 인성검사 > 임원면접 > 최종합격
ㆍ면접일정은 추후 통보됩니다.
기타
- 수시채용은 공고 게시 중에도 전형이 진행되오니 이점 유의하시어 지원 바랍니다.
- 서류전형 통과자에 한하여 개별적으로 일정 안내를 드립니다.
- 장애인, 국가보훈대상자는 관련법규에 의거하여 우대합니다.
- 채용이 완료되거나 채용에 적합한 지원자가 없을 시 공고가 마감될 수 있습니다.
- 전형에 따라 필기 테스트가 진행될 수 있습니다.","모집요강
모집분야
서버
모집인원
○
명
고용형태
정규직
,
인턴
(근무기간 6개월, 정규직 전환 가능)
급여
회사 내규에 따름
근무지주소
경기 성남시 분당구 판교로 242 (삼평동) 판교디지털센터 B동
지도보기

지원자격
경력
신입·경력
학력
학력무관
스킬

접수기간 · 방법
마감일은 기업의 사정으로 인해 조기 마감 또는 변경될 수 있습니다

기업 정보
기업정보 더보기
사원수
501 ~ 1,000명 이하
기업구분
중견기업 (코스닥 상장)
산업(업종)
게임·애니메이션
지도보기
위치
경기 성남시 분당구 판교로 242 (삼평동) 판교디지털센터 B동","{
  ""@context"": ""https://schema.org"",
  ""@type"": ""JobPosting"",
  ""title"": ""[웹젠크레빅스] 서버(신입/경력)"",
  ""description"": ""㈜웹젠에서 정규직 신입·경력 채용을 진행합니다. 근무지는 경기 성남시 분당구 판교로 242 (삼평동)이며, 자세한 조건은 공고를 통해 확인할 수 있습니다."",
  ""datePosted"": ""2026-05-04"",
  ""validThrough"": ""2026-06-30T23:59"",
  ""employmentType"": [
    ""FULL_TIME"",
    ""INTERN""
  ],
  ""experienceRequirements"": ""신입·경력"",
  ""educationRequirements"": ""학력무관"",
  ""directApply"": true,
  ""hiringOrganization"": {
    ""@type"": ""Organization"",
    ""name"": ""㈜웹젠""
  },
  ""jobLocation"": {
    ""@type"": ""Place"",
    ""address"": {
      ""@type"": ""PostalAddress"",
      ""streetAddress"": ""경기 성남시 분당구 판교로 242 (삼평동) 판교디지털센터 B동""
    }
  },
  ""identifier"": {
    ""@type"": ""PropertyValue"",
    ""name"": ""JobKorea"",
    ""value"": ""49100192""
  },
  ""url"": ""https://www.jobkorea.co.kr/Recruit/GI_Read/49100192""
}",success,
㈜신건,https://www.jobkorea.co.kr/Recruit/GI_Read/49100193,,"모집요강
모집분야
쿠팡 생수 배송
모집인원
○○
명
고용형태
정규직
,
계약직
,
프리랜서
직급/직책
급여
월급 500~700만원
근무시간
주5일(월~금)
11:00 ~ 18:00
탄력근무제
주5일/6일 협의 가능함

지원자격
경력
경력무관
학력
학력무관
우대조건
기본우대
운전가능자
자격증

접수기간 · 방법
마감일은 기업의 사정으로 인해 조기 마감 또는 변경될 수 있습니다

기업 정보
기업정보 더보기
사원수
301 ~ 500명 이하
기업구분
중소기업 (비상장)
산업(업종)
화물운송 중개, 대리 및 관련 서비스업
지도보기
위치
서울 강남구 선릉로 703 (논현동, HS TOWER) 12층","{
  ""@context"": ""https://schema.org"",
  ""@type"": ""JobPosting"",
  ""title"": ""쿠팡 생수 배송 채용 강동,관악,마포구"",
  ""description"": ""㈜신건에서 정규직 경력무관 채용을 진행합니다. 근무지는 이며, 자세한 조건은 공고를 통해 확인할 수 있습니다."",
  ""datePosted"": ""2026-05-04"",
  ""validThrough"": ""2027-05-03T15:00"",
  ""employmentType"": [
    ""FULL_TIME"",
    ""CONTRACTOR"",
    ""CONTRACTOR""
  ],
  ""experienceRequirements"": ""경력무관"",
  ""educationRequirements"": ""학력무관"",
  ""directApply"": true,
  ""hiringOrganization"": {
    ""@type"": ""Organization"",
    ""name"": ""㈜신건""
  },
  ""jobLocation"": {
    ""@type"": ""Place"",
    ""address"": {
      ""@type"": ""PostalAddress""
    }
  },
  ""baseSalary"": {
    ""@type"": ""MonetaryAmount"",
    ""currency"": ""KRW"",
    ""value"": {
      ""@type"": ""QuantitativeValue"",
      ""unitText"": ""MONTH"",
      ""minValue"": 5000000,
      ""maxValue"": 7010000
    }
  },
  ""identifier"": {
    ""@type"": ""PropertyValue"",
    ""name"": ""JobKorea"",
    ""value"": ""49100193""
  },
  ""url"": ""https://www.jobkorea.co.kr/Recruit/GI_Read/49100193""
}",success,
㈜신건,https://www.jobkorea.co.kr/Recruit/GI_Read/49100194,,"모집요강
모집분야
쿠팡 생수 배송
모집인원
○○
명
고용형태
정규직
,
계약직
,
프리랜서
직급/직책
급여
월급 500~700만원
근무시간
주5일(월~금)
11:00 ~ 18:00
탄력근무제
주5일/6일 협의 가능함

지원자격
경력
경력무관
학력
학력무관
우대조건
기본우대
운전가능자
자격증

접수기간 · 방법
마감일은 기업의 사정으로 인해 조기 마감 또는 변경될 수 있습니다

기업 정보
기업정보 더보기
사원수
301 ~ 500명 이하
기업구분
중소기업 (비상장)
산업(업종)
화물운송 중개, 대리 및 관련 서비스업
지도보기
위치
서울 강남구 선릉로 703 (논현동, HS TOWER) 12층","{
  ""@context"": ""https://schema.org"",
  ""@type"": ""JobPosting"",
  ""title"": ""쿠팡 생수 배송 채용 송파,은평,고양시"",
  ""description"": ""㈜신건에서 정규직 경력무관 채용을 진행합니다. 근무지는 이며, 자세한 조건은 공고를 통해 확인할 수 있습니다."",
  ""datePosted"": ""2026-05-04"",
  ""validThrough"": ""2027-05-03T15:00"",
  ""employmentType"": [
    ""FULL_TIME"",
    ""CONTRACTOR"",
    ""CONTRACTOR""
  ],
  ""experienceRequirements"": ""경력무관"",
  ""educationRequirements"": ""학력무관"",
  ""directApply"": true,
  ""hiringOrganization"": {
    ""@type"": ""Organization"",
    ""name"": ""㈜신건""
  },
  ""jobLocation"": {
    ""@type"": ""Place"",
    ""address"": {
      ""@type"": ""PostalAddress""
    }
  },
  ""baseSalary"": {
    ""@type"": ""MonetaryAmount"",
    ""currency"": ""KRW"",
    ""value"": {
      ""@type"": ""QuantitativeValue"",
      ""unitText"": ""MONTH"",
      ""minValue"": 5000000,
      ""maxValue"": 7010000
    }
  },
  ""identifier"": {
    ""@type"": ""PropertyValue"",
    ""name"": ""JobKorea"",
    ""value"": ""49100194""
  },
  ""url"": ""https://www.jobkorea.co.kr/Recruit/GI_Read/49100194""
}",success,
㈜신건,https://www.jobkorea.co.kr/Recruit/GI_Read/49100195,,"모집요강
모집분야
쿠팡 생수 배송
모집인원
○○
명
고용형태
정규직
,
계약직
,
프리랜서
직급/직책
급여
월급 500~700만원
근무시간
주5일(월~금)
11:00 ~ 18:00
탄력근무제
주5일/6일 협의 가능함

지원자격
경력
경력무관
학력
학력무관
우대조건
기본우대
운전가능자
자격증

접수기간 · 방법
마감일은 기업의 사정으로 인해 조기 마감 또는 변경될 수 있습니다

기업 정보
기업정보 더보기
사원수
301 ~ 500명 이하
기업구분
중소기업 (비상장)
산업(업종)
화물운송 중개, 대리 및 관련 서비스업
지도보기
위치
서울 강남구 선릉로 703 (논현동, HS TOWER) 12층","{
  ""@context"": ""https://schema.org"",
  ""@type"": ""JobPosting"",
  ""title"": ""쿠팡 생수 배송 채용 남양주,성남,수원시"",
  ""description"": ""㈜신건에서 정규직 경력무관 채용을 진행합니다. 근무지는 이며, 자세한 조건은 공고를 통해 확인할 수 있습니다."",
  ""datePosted"": ""2026-05-04"",
  ""validThrough"": ""2027-05-03T15:00"",
  ""employmentType"": [
    ""FULL_TIME"",
    ""CONTRACTOR"",
    ""CONTRACTOR""
  ],
  ""experienceRequirements"": ""경력무관"",
  ""educationRequirements"": ""학력무관"",
  ""directApply"": true,
  ""hiringOrganization"": {
    ""@type"": ""Organization"",
    ""name"": ""㈜신건""
  },
  ""jobLocation"": {
    ""@type"": ""Place"",
    ""address"": {
      ""@type"": ""PostalAddress""
    }
  },
  ""baseSalary"": {
    ""@type"": ""MonetaryAmount"",
    ""currency"": ""KRW"",
    ""value"": {
      ""@type"": ""QuantitativeValue"",
      ""unitText"": ""MONTH"",
      ""minValue"": 5000000,
      ""maxValue"": 7010000
    }
  },
  ""identifier"": {
    ""@type"": ""PropertyValue"",
    ""name"": ""JobKorea"",
    ""value"": ""49100195""
  },
  ""url"": ""https://www.jobkorea.co.kr/Recruit/GI_Read/49100195""
}",success,
㈜신건,https://www.jobkorea.co.kr/Recruit/GI_Read/49100196,,"모집요강
모집분야
쿠팡 생수 배송
모집인원
○○
명
고용형태
정규직
,
계약직
,
프리랜서
직급/직책
급여
월급 500~700만원
근무시간
주5일(월~금)
11:00 ~ 18:00
탄력근무제
주5일/6일 협의 가능함

지원자격
경력
경력무관
학력
학력무관
우대조건
기본우대
운전가능자
자격증

접수기간 · 방법
마감일은 기업의 사정으로 인해 조기 마감 또는 변경될 수 있습니다

기업 정보
기업정보 더보기
사원수
301 ~ 500명 이하
기업구분
중소기업 (비상장)
산업(업종)
화물운송 중개, 대리 및 관련 서비스업
지도보기
위치
서울 강남구 선릉로 703 (논현동, HS TOWER) 12층","{
  ""@context"": ""https://schema.org"",
  ""@type"": ""JobPosting"",
  ""title"": ""쿠팡 생수 배송 채용 안산,용인,의정부시"",
  ""description"": ""㈜신건에서 정규직 경력무관 채용을 진행합니다. 근무지는 이며, 자세한 조건은 공고를 통해 확인할 수 있습니다."",
  ""datePosted"": ""2026-05-04"",
  ""validThrough"": ""2027-05-03T15:00"",
  ""employmentType"": [
    ""FULL_TIME"",
    ""CONTRACTOR"",
    ""CONTRACTOR""
  ],
  ""experienceRequirements"": ""경력무관"",
  ""educationRequirements"": ""학력무관"",
  ""directApply"": true,
  ""hiringOrganization"": {
    ""@type"": ""Organization"",
    ""name"": ""㈜신건""
  },
  ""jobLocation"": {
    ""@type"": ""Place"",
    ""address"": {
      ""@type"": ""PostalAddress""
    }
  },
  ""baseSalary"": {
    ""@type"": ""MonetaryAmount"",
    ""currency"": ""KRW"",
    ""value"": {
      ""@type"": ""QuantitativeValue"",
      ""unitText"": ""MONTH"",
      ""minValue"": 5000000,
      ""maxValue"": 7010000
    }
  },
  ""identifier"": {
    ""@type"": ""PropertyValue"",
    ""name"": ""JobKorea"",
    ""value"": ""49100196""
  },
  ""url"": ""https://www.jobkorea.co.kr/Recruit/GI_Read/49100196""
}",success,
크레팜㈜,https://www.jobkorea.co.kr/Recruit/GI_Read/49100197,"크레팜㈜
[크레팜(주)] 육가공 식품제조업
생산팀 팀장 구인
포지션 및 자격요건
육가공 식품제조업
생산팀장 (과장~차장급)
( 1명 )
담당업무
ㆍ생산 총괄 및 전략 수립 : 연간/월간 생산 계획 수립, 원/부자재 및 생산 인력 운영 최적화
ㆍ현장 경영 및 KPI 관리 : 생산성, 수율 개선, 가동률 극대화 및 제조 원가 관리
ㆍ품질 및 위생 관리 : HACCP 기준 공정 관리, 클레임 원인 분석 및 재발 방지 대책 수립
ㆍ조직 관리 : 현장 작업자 근태 관리, 직무 교육 및 안전사고 예방 관리
스킬
ㆍMicrosoft Office
핵심역량
ㆍ
계획성,
성실성,
꼼꼼함,
성취지향성, 협동심
자격요건
ㆍ학력: 전문대졸 이상 (식품공학, 산업공학 등 관련 전공자 우대)
ㆍ경력: 식품업계(식육가공품 경험 우대) 생산관리/제조 분야 7년 이상 (과~차장급)
ㆍ역량: MS Office(Excel) 활용 능숙자 (데이터 기반 관리 가능자)
ㆍ기타: 보건증 발급에 결격 사유가 없는 분, 운전 가능자
우대사항
ㆍ육가공(Processed Meat) 및 신선식품 제조 경력자 우대
ㆍ제조공장 실무 경험자 (HACCP 공장)
ㆍ운전가능자
** 인천지하철2호선 왕길역 출퇴근 버스 운행
전형절차
ㆍ서류전형 > 1차면접 > 임원면접 > 최종합격
ㆍ면접일정은 추후 통보됩니다.
유의사항
ㆍ허위사실이 발견될 경우 채용이 취소될 수 있습니다.","모집요강
모집분야
육가공 식품제조업 생산팀장
모집인원
1
명
고용형태
정규직
직급/직책
급여
회사 내규에 따름 (면접 후 결정)
근무시간
주5일(월~금)
08:00 ~ 17:00
근무지주소
인천 서구 소담2로 22 (금곡동) I FOOD PARK
지도보기
인근지하철

지원자격
경력
경력
(7년이상)
학력
초대졸이상
스킬
핵심역량
계획성
,
성실성
,
꼼꼼함
,
협동심
,
성취지향성

접수기간 · 방법
마감일은 기업의 사정으로 인해 조기 마감 또는 변경될 수 있습니다

기업 정보
기업정보 더보기
사원수
51 ~ 300명 이하
기업구분
중소기업 (비상장)
산업(업종)
식품가공
지도보기
위치
인천광역시 서구 소담2로 22  (금곡동) 아이푸드파크산업단지","{
  ""@context"": ""https://schema.org"",
  ""@type"": ""JobPosting"",
  ""title"": ""[크레팜(주)] 육가공 식품제조업 생산팀 팀장 구인"",
  ""description"": ""크레팜㈜에서 정규직 경력 채용을 진행합니다. 근무지는 인천 서구 소담2로 22 (금곡동)이며, 자세한 조건은 공고를 통해 확인할 수 있습니다."",
  ""datePosted"": ""2026-05-04"",
  ""validThrough"": ""2027-05-03T15:00"",
  ""employmentType"": ""FULL_TIME"",
  ""experienceRequirements"": ""경력"",
  ""educationRequirements"": ""초대졸 이상"",
  ""directApply"": true,
  ""hiringOrganization"": {
    ""@type"": ""Organization"",
    ""name"": ""크레팜㈜""
  },
  ""jobLocation"": {
    ""@type"": ""Place"",
    ""address"": {
      ""@type"": ""PostalAddress"",
      ""streetAddress"": ""인천 서구 소담2로 22 (금곡동) I FOOD PARK""
    }
  },
  ""identifier"": {
    ""@type"": ""PropertyValue"",
    ""name"": ""JobKorea"",
    ""value"": ""49100197""
  },
  ""url"": ""https://www.jobkorea.co.kr/Recruit/GI_Read/49100197""
}",success,
㈜신건,https://www.jobkorea.co.kr/Recruit/GI_Read/49100198,,"모집요강
모집분야
쿠팡 생수 배송
모집인원
○○
명
고용형태
정규직
,
계약직
,
프리랜서
직급/직책
급여
월급 500~700만원
근무시간
주5일(월~금)
11:00 ~ 18:00
탄력근무제
주5일/6일 협의 가능함

지원자격
경력
경력무관
학력
학력무관
우대조건
기본우대
운전가능자
자격증

접수기간 · 방법
마감일은 기업의 사정으로 인해 조기 마감 또는 변경될 수 있습니다

기업 정보
기업정보 더보기
사원수
301 ~ 500명 이하
기업구분
중소기업 (비상장)
산업(업종)
화물운송 중개, 대리 및 관련 서비스업
지도보기
위치
서울 강남구 선릉로 703 (논현동, HS TOWER) 12층","{
  ""@context"": ""https://schema.org"",
  ""@type"": ""JobPosting"",
  ""title"": ""쿠팡 생수 배송 채용 평택,화성,인천시"",
  ""description"": ""㈜신건에서 정규직 경력무관 채용을 진행합니다. 근무지는 이며, 자세한 조건은 공고를 통해 확인할 수 있습니다."",
  ""datePosted"": ""2026-05-04"",
  ""validThrough"": ""2027-05-03T15:00"",
  ""employmentType"": [
    ""FULL_TIME"",
    ""CONTRACTOR"",
    ""CONTRACTOR""
  ],
  ""experienceRequirements"": ""경력무관"",
  ""educationRequirements"": ""학력무관"",
  ""directApply"": true,
  ""hiringOrganization"": {
    ""@type"": ""Organization"",
    ""name"": ""㈜신건""
  },
  ""jobLocation"": {
    ""@type"": ""Place"",
    ""address"": {
      ""@type"": ""PostalAddress""
    }
  },
  ""baseSalary"": {
    ""@type"": ""MonetaryAmount"",
    ""currency"": ""KRW"",
    ""value"": {
      ""@type"": ""QuantitativeValue"",
      ""unitText"": ""MONTH"",
      ""minValue"": 5000000,
      ""maxValue"": 7010000
    }
  },
  ""identifier"": {
    ""@type"": ""PropertyValue"",
    ""name"": ""JobKorea"",
    ""value"": ""49100198""
  },
  ""url"": ""https://www.jobkorea.co.kr/Recruit/GI_Read/49100198""
}",success,
㈜쿠디,https://www.jobkorea.co.kr/Recruit/GI_Read/49100199,"㈜쿠디
쿠디 디자인 및 cs 담당자를 모집합니다.
포지션 및 자격요건
쿠디 디자인 및 cs 담당자를 모집합니다.
( 1명 )
주요 업무
ㆍ스마트스토어 톡톡 및 자사몰 카카오채널을 통한 고객 문의 응대
ㆍ고객 문의 내용 정리 및 응대 이력 관리
ㆍAS 접수 및 진행 현황 관리
자격요건
ㆍ학력 : 대학졸업(2,3년)이상
ㆍ경력 : 신입·경력
우대사항
ㆍ유관업무 경험자
ㆍ서비스업 경험자
근무조건
? 고용형태 :
정규직
(수습 3개월)
? 급여 :
면접 후 결정
? 근무지 :
경남 창원시 마산회원구 내서읍 신평로 35-2(주)쿠디
채용절차
?접수기간 :
2025-10-22 18시 ~ 상시
?
제출서류 :
사람인 온라인 이력서
?접수방법 : 잡코리아
입사지원
?
전형절차 :
서류전형 → 1차면접 → 최종합격
회사정보
(주)쿠디는 캠핑용품 전문 회사입니다.
https://brand.naver.com/coody
전형절차
ㆍ서류전형 > 1차면접 > 임원면접 > 최종합격
ㆍ면접일정은 추후 통보됩니다.
유의사항
ㆍ허위사실이 발견될 경우 채용이 취소될 수 있습니다.","모집요강
모집분야
쿠디 cs 담당자를 모집합니다.
모집인원
1
명
고용형태
정규직
(수습 3개월)
직급/직책
급여
회사 내규에 따름 (면접 후 결정)
근무시간
주5일(월~금)
09:00 ~ 18:00
근무지주소
경남 창원시 마산회원구 내서읍 신평로 35-2 (중리, (주)쿠디) 쿠디
지도보기

지원자격
경력
경력무관
학력
학력무관
핵심역량
성취지향성
,
창의성
,
협동심
,
성장지향성
,
성실성
우대조건
기본우대
유관업무 경험자(인턴·알바)

접수기간 · 방법
마감일은 기업의 사정으로 인해 조기 마감 또는 변경될 수 있습니다

기업 정보
기업정보 더보기
사원수
-
기업구분
중소기업 (-)
산업(업종)
쇼핑몰·오픈마켓·소셜커머스
지도보기
위치
경남 창원시 마산회원구 내서읍 삼계숲길 153 (삼계리) 1층 (주)쿠디","{
  ""@context"": ""https://schema.org"",
  ""@type"": ""JobPosting"",
  ""title"": ""쿠디 cs 담당자를 모집합니다."",
  ""description"": ""㈜쿠디에서 정규직 경력무관 채용을 진행합니다. 근무지는 경남 창원시 마산회원구 내서읍 신평로 35-2 (중리, (주)쿠디)이며, 자세한 조건은 공고를 통해 확인할 수 있습니다."",
  ""datePosted"": ""2026-05-04"",
  ""validThrough"": ""2027-05-03T15:00"",
  ""employmentType"": ""FULL_TIME"",
  ""experienceRequirements"": ""경력무관"",
  ""educationRequirements"": ""학력무관"",
  ""directApply"": true,
  ""hiringOrganization"": {
    ""@type"": ""Organization"",
    ""name"": ""㈜쿠디""
  },
  ""jobLocation"": {
    ""@type"": ""Place"",
    ""address"": {
      ""@type"": ""PostalAddress"",
      ""streetAddress"": ""경남 창원시 마산회원구 내서읍 신평로 35-2 (중리, (주)쿠디) 쿠디""
    }
  },
  ""identifier"": {
    ""@type"": ""PropertyValue"",
    ""name"": ""JobKorea"",
    ""value"": ""49100199""
  },
  ""url"": ""https://www.jobkorea.co.kr/Recruit/GI_Read/49100199""
}",success,
진원에프엠,https://www.jobkorea.co.kr/Recruit/GI_Read/49100200,"진원에프엠
[진원에프엠] 썬키스트 견과 사무직 채용
포지션 및 자격요건
사무
( 1명 )
담당업무
ㆍ전자수발주
ㆍ재고관리
ㆍ월마감
ㆍ택배송장출력
우대사항
ㆍ관련업무 유경험자
전형절차
ㆍ서류전형 > 면접 >  최종합격
ㆍ면접일정은 추후 통보됩니다.
유의사항
ㆍ허위사실이 발견될 경우 채용이 취소될 수 있습니다.","모집요강
모집분야
사무
모집인원
1
명
고용형태
정규직
급여
회사 내규에 따름 (면접 후 결정)
근무시간
주5일(월~금)
09:00 ~ 18:00
근무지주소
인천 서구 건지로250번길 50 (가좌동)
지도보기
인근지하철

지원자격
경력
경력무관
학력
학력무관

접수기간 · 방법
마감일은 기업의 사정으로 인해 조기 마감 또는 변경될 수 있습니다

기업 정보
기업정보 더보기
사원수
-
기업구분
중소기업 (-)
산업(업종)
전자상거래 소매 중개업
위치
인천 서구 건지로250번길 50 (가좌동) -","{
  ""@context"": ""https://schema.org"",
  ""@type"": ""JobPosting"",
  ""title"": ""[진원에프엠] 썬키스트 견과 사무직 채용"",
  ""description"": ""진원에프엠에서 정규직 경력무관 채용을 진행합니다. 근무지는 인천 서구 건지로250번길 50 (가좌동)이며, 자세한 조건은 공고를 통해 확인할 수 있습니다."",
  ""datePosted"": ""2026-05-04"",
  ""validThrough"": ""2026-06-03T23:59"",
  ""employmentType"": ""FULL_TIME"",
  ""experienceRequirements"": ""경력무관"",
  ""educationRequirements"": ""학력무관"",
  ""directApply"": true,
  ""hiringOrganization"": {
    ""@type"": ""Organization"",
    ""name"": ""진원에프엠""
  },
  ""jobLocation"": {
    ""@type"": ""Place"",
    ""address"": {
      ""@type"": ""PostalAddress"",
      ""streetAddress"": ""인천 서구 건지로250번길 50 (가좌동) ""
    }
  },
  ""identifier"": {
    ""@type"": ""PropertyValue"",
    ""name"": ""JobKorea"",
    ""value"": ""49100200""
  },
  ""url"": ""https://www.jobkorea.co.kr/Recruit/GI_Read/49100200""
}",success,
㈜엠케이로드,https://www.jobkorea.co.kr/Recruit/GI_Read/49100201,"㈜엠케이로드를 소개해요
엠케이로드는 2014년 설립된 종합 디지털 퍼포먼스 마케팅 에이전시로,
패션·뷰티·라이프스타일·생활용품 등 다양한 업종의 파트너사들과 함께
꾸준히 성장하고 있는 퍼포먼스 전문 그룹입니다.
우리는 단순한 ‘광고대행사’가 아닙니다.
데이터 기반의 분석력, 크리에이티브 구현력, 운영 노하우를 기반으로
고객사의 매출 성장과 브랜드 가치 향상을 함께 만들어가는 마케팅 솔루션 파트너입니다.
“엠케이로드는 광고를 집행하는 곳이 아니라, 성장을 설계하는 곳입니다.”
[지원자에게 한마디]
엠케이로드의 디자이너는
단순한 작업자가 아니라 광고 성과를 만드는 크리에이터입니다.
트렌드를 좋아하고, 여러 브랜드를 경험하며 빠르게 성장하고 싶다면
엠케이로드에서 당신의 감각과 역량을 마음껏 펼칠 수 있을 거예요.
[홈페이지]
https://mkroad.co.kr/
이런 업무를 해요
ㆍAI 기반 광고 이미지 제작
- Midjourney, DALL·E, Stable Diffusion 등 AI 이미지 활용
- 제품 콘셉트에 맞는 AI 씬 생성 및 편집
- 광고 후킹에 맞는 메인 비주얼 구성
- 실제 촬영 컷 + AI 컷 믹스 제작
ㆍAI 기반 숏폼 영상 제작
- Runway, Deevid.ai, Pika, Luma 등 AI 영상 툴 활용
- 쇼츠·릴스·틱톡 광고용 숏폼 영상 제작
- AI 인페인팅·카메라 고정 이미지→영상 변환 작업
- 제품 USP를 강조하는 후킹 모션·텍스트 기획
ㆍ퍼포먼스 광고 크리에이티브 디자인
- 인스타그램/페이스북/틱톡 광고 이미지·영상 제작
- 네이버·카카오·구글 DA 광고용 배너 제작
- A/B 테스트용 다량의 버전 제작 및 개선
ㆍ자사몰·랜딩페이지 간단 퍼블리싱 지원
- HTML/CSS 기반 텍스트·레이아웃 수정
- 이벤트 페이지·배너 업데이트
- 기획자 요청 사항 간단 반영
※ 전문 개발 수준이 필요하진 않습니다.
이런 분들을 찾고 있어요
ㆍ학력 : 학력무관
ㆍ디자인 전공 또는 유사 실무경험 보유자
ㆍ광고 크리에이티브 제작 경험자
ㆍAI 이미지·영상 제작에 관심 있고 적극 활용 가능한 분
ㆍ다양한 스타일을 빠르게 제작할 수 있는 분
ㆍSNS·광고 매체 트렌드를 잘 이해하는 분
ㆍ브랜드마다 다른 무드를 비주얼로 표현하는 감각이 있는 분
ㆍ빠른 작업과 책임감 있게 콘텐츠를 끝까지 완성할 수 있는 분
이런 분이면 더 좋아요
ㆍ카페24·고도몰 등 쇼핑몰 솔루션 수정 경험
ㆍ숏폼 영상 편집(Premiere, CapCut, AE) 가능자
ㆍMidjourney, Runway, Deevid.ai, Pika 등 AI 툴 활용 경험
ㆍ퍼포먼스 마케팅 기반 크리에이티브 제작 경험
ㆍ패션/뷰티/리빙 카테고리를 좋아하는 분
이런 기술이 필요해요
CSS
HTML
Photoshop
Midjourney
Premiere Pro
runway
Pika
Deevid.ai
이런 조건에서 근무할 예정이에요
ㆍ고용 형태 : 정규직
ㆍ근무지 주소 : 서울 노원구 석계로15길 9 (월계동, MK빌딩) 2,3층
지도보기
ㆍ근무 요일/시간 : 주5일(월~금) 09:00 ~ 18:00
함께하면 이런 점들이 좋아요
ㆍ다양한 카테고리 경험
- 패션/뷰티/리빙/라이프스타일 등 여러 브랜드의 디자인을 경험하며 포트폴리오가 빠르게 성장합니다.
ㆍ 퍼포먼스 중심의 실전 디자인
- 단순한 예쁜 디자인이 아니라 매출을 만드는 디자인, 성과가 증명되는 디자인을 경험할 수 있습니다.
ㆍ 크리에이티브 팀과의 협업
- 광고 운영자·기획자와 실시간으로 소통하며
전략 → 크리에이티브 → 결과를 하나의 흐름으로 경험합니다.
ㆍ 트렌디한 콘텐츠 활용
- SNS 기반의 빠른 콘텐츠 트렌드를 반영해 다양한 스타일의 촬영 컷과 영상소스를 직접 활용합니다.
ㆍ책임감과 자율성을 존중하는 조직
- 운영의 자율성을 최대한 보장하며, 성과에 따른 보상과 성장 기회가 명확합니다.
[복리후생]
ㆍ4대 보험, 주 5일제
ㆍ1:1 실무 맞춤 교육
ㆍ자유로운 근무 복장
ㆍ역에서 1분 역세권
ㆍ야근걍요 X, 칼퇴 가능
ㆍ수평적 조직문화
ㆍ주말&공휴일 무조건 휴무
ㆍ자유로운 연차&반차
ㆍ휴가비 지원
ㆍ명절 귀향비 지원
ㆍ경조사 지원
ㆍ출산휴가 및 휴가비 지원
ㆍ급여 외 인센티브
ㆍ직책 수당
ㆍ자기계발비 지원
ㆍ자격증 취득 수당
ㆍ장기 근속자 포상
ㆍ건강검진
ㆍ무제한 간식, 무제한 커피
ㆍ사무실 음악
ㆍ듀얼모니터 지원
ㆍ워크샵/MT
ㆍ꼰대 X, 회식강요 X
합류 여정은 이렇게 진행돼요
ㆍ서류전형 > 1차면접 > 최종합격
ㆍ면접일정은 추후 통보됩니다.
지원 시 유의해주세요
허위사실이 발견될 경우 채용이 취소될 수 있습니다.","기업 정보
기업정보 더보기
사원수
-
기업구분
중소기업 (비상장)
산업(업종)
광고·홍보·전시
지도보기
위치
서울 노원구 석계로15길 9 (월계동, MK빌딩) 2,3층","{
  ""@context"": ""https://schema.org"",
  ""@type"": ""JobPosting"",
  ""title"": ""경력 콘텐츠제작-AI영상편집, 이미지제작"",
  ""description"": ""㈜엠케이로드에서 정규직 경력 채용을 진행합니다. 근무지는 서울 노원구 석계로15길 9 (월계동, MK빌딩)이며, 자세한 조건은 공고를 통해 확인할 수 있습니다."",
  ""datePosted"": ""2026-05-04"",
  ""validThrough"": ""2026-06-03T23:59"",
  ""employmentType"": ""FULL_TIME"",
  ""experienceRequirements"": ""경력"",
  ""educationRequirements"": ""학력무관"",
  ""directApply"": true,
  ""hiringOrganization"": {
    ""@type"": ""Organization"",
    ""name"": ""㈜엠케이로드""
  },
  ""jobLocation"": {
    ""@type"": ""Place"",
    ""address"": {
      ""@type"": ""PostalAddress"",
      ""streetAddress"": ""서울 노원구 석계로15길 9 (월계동, MK빌딩) 2,3층""
    }
  },
  ""baseSalary"": {
    ""@type"": ""MonetaryAmount"",
    ""currency"": ""KRW"",
    ""value"": {
      ""@type"": ""QuantitativeValue"",
      ""unitText"": ""YEAR"",
      ""minValue"": 30000000,
      ""maxValue"": 80010000
    }
  },
  ""identifier"": {
    ""@type"": ""PropertyValue"",
    ""name"": ""JobKorea"",
    ""value"": ""49100201""
  },
  ""url"": ""https://www.jobkorea.co.kr/Recruit/GI_Read/49100201""
}",success,
디아더스㈜,https://www.jobkorea.co.kr/Recruit/GI_Read/49100202,,"모집요강
모집분야
디아더스와 함께 할 사업기획 담당자 모집합니다
모집인원
○
명
고용형태
정규직
(수습 3개월)
급여
회사 내규에 따름 (면접 후 결정)
근무시간
주5일(월~금)
10:00 ~ 19:00
근무지주소
서울 서초구 언남16길 16 (양재동, 중원빌딩) 5층
지도보기
인근지하철

지원자격
경력
경력무관
학력
학력무관

접수기간 · 방법
마감일은 기업의 사정으로 인해 조기 마감 또는 변경될 수 있습니다

기업 정보
기업정보 더보기
사원수
50명 이하
기업구분
중소기업 (비상장)
산업(업종)
매니저업
지도보기
위치
서울 서초구 언남16길 16 (양재동, 중원빌딩) 5층","{
  ""@context"": ""https://schema.org"",
  ""@type"": ""JobPosting"",
  ""title"": ""디아더스와 함께 할 사업기획 담당자 모집합니다."",
  ""description"": ""디아더스㈜에서 정규직 경력무관 채용을 진행합니다. 근무지는 서울 서초구 언남16길 16 (양재동, 중원빌딩)이며, 자세한 조건은 공고를 통해 확인할 수 있습니다."",
  ""datePosted"": ""2026-05-04"",
  ""validThrough"": ""2026-06-03T23:59"",
  ""employmentType"": ""FULL_TIME"",
  ""experienceRequirements"": ""경력무관"",
  ""educationRequirements"": ""학력무관"",
  ""directApply"": true,
  ""hiringOrganization"": {
    ""@type"": ""Organization"",
    ""name"": ""디아더스㈜""
  },
  ""jobLocation"": {
    ""@type"": ""Place"",
    ""address"": {
      ""@type"": ""PostalAddress"",
      ""streetAddress"": ""서울 서초구 언남16길 16 (양재동, 중원빌딩) 5층""
    }
  },
  ""identifier"": {
    ""@type"": ""PropertyValue"",
    ""name"": ""JobKorea"",
    ""value"": ""49100202""
  },
  ""url"": ""https://www.jobkorea.co.kr/Recruit/GI_Read/49100202""
}",success,
,https://www.jobkorea.co.kr/Recruit/GI_Read/49100203,,,,fail,HTTP status code 404
대진휀스㈜,https://www.jobkorea.co.kr/Recruit/GI_Read/49100204,"대진휀스㈜
영업팀(제품영업) 담당자 모집
대진휀스㈜는 1997년에 설립된 회사로 자본금 9억 5,000만원, 매출액 220억 2,367만원, 사원수 56명 규모의 고용노동부에서 선정한  강소기업입니다.  경기 안산시 단원구 원시동에 위치하고 있으며, 휀스 울타리 제조업사업을 하고 있습니다.
포지션 및 자격요건
제품영업
( ○명 )
담당업무
ㆍ영업 기획 및 전략 수립
ㆍ기술영업
ㆍ거래처 관리
ㆍ경쟁사 및 시장 분석
ㆍ매출관리 및 데이터 분석
ㆍ제품 출하
자격요건
ㆍ학력 : 초대졸이상
ㆍ경력 : 경력무관
우대사항
ㆍ인근거주자
ㆍ즉시출근 가능자
전형절차
ㆍ서류전형 > 1차면접 > 2차면접 > 임원면접 > 최종합격
ㆍ면접일정은 추후 통보됩니다.
유의사항
ㆍ허위사실이 발견될 경우 채용이 취소될 수 있습니다.","모집요강
모집분야
제품영업
모집인원
○
명
고용형태
정규직
(수습 3개월)
직급/직책
급여
회사 내규에 따름 (면접 후 결정)
근무시간
주5일(월~금)
09:00 ~ 18:00
근무지주소
경기 안산시 단원구 산단로19번길 20 (원시동, 대진휀스(주))
지도보기
인근지하철

지원자격
경력
경력무관
학력
초대졸이상
우대조건
기본우대
인근거주자, 즉시출근 가능자

접수기간 · 방법
마감일은 기업의 사정으로 인해 조기 마감 또는 변경될 수 있습니다

기업 정보
기업정보 더보기
사원수
51 ~ 300명 이하
기업구분
중소기업 (비상장)
산업(업종)
구조용 금속 판제품 및 공작물 제조업
지도보기
위치
경기 안산시 단원구 원시동 743-8 대진휀스(주)","{
  ""@context"": ""https://schema.org"",
  ""@type"": ""JobPosting"",
  ""title"": ""영업팀(제품영업) 담당자 모집"",
  ""description"": ""대진휀스㈜에서 정규직 경력무관 채용을 진행합니다. 근무지는 경기 안산시 단원구 산단로19번길 20 (원시동, 대진휀스(주))이며, 자세한 조건은 공고를 통해 확인할 수 있습니다."",
  ""datePosted"": ""2026-05-04"",
  ""validThrough"": ""2026-06-03T23:59"",
  ""employmentType"": ""FULL_TIME"",
  ""experienceRequirements"": ""경력무관"",
  ""educationRequirements"": ""초대졸 이상"",
  ""directApply"": true,
  ""hiringOrganization"": {
    ""@type"": ""Organization"",
    ""name"": ""대진휀스㈜""
  },
  ""jobLocation"": {
    ""@type"": ""Place"",
    ""address"": {
      ""@type"": ""PostalAddress"",
      ""streetAddress"": ""경기 안산시 단원구 산단로19번길 20 (원시동, 대진휀스(주)) ""
    }
  },
  ""identifier"": {
    ""@type"": ""PropertyValue"",
    ""name"": ""JobKorea"",
    ""value"": ""49100204""
  },
  ""url"": ""https://www.jobkorea.co.kr/Recruit/GI_Read/49100204""
}",success,
㈜이브릿지,https://www.jobkorea.co.kr/Recruit/GI_Read/49100205,"㈜이브릿지
[김해공항]
스카이허브라운지
홀서비스 운영 사원 채용(식사제공)
㈜이브릿지는 2003년에 설립된 회사로 중소기업입니다. 서울 중구 남대문로 113 (다동, 동부다동빌딩)에 위치하고 있으며, SR승무운영, 면세점 안내/판매/물류 운영, 공항 라운지 운영, 마케팅(신용카드,통신)사업을 하고 있습니다.
포지션 및 자격요건
김해공항
스카이허브라운지 서비스
( 0명 )
담당업무
ㆍ
입장객 체크인 및 제휴사 카드 입장 관리
ㆍ
고객 제공 서비스 물품 보충 및 재고 관리, 발주 업무
ㆍ
뷔페 스테이션 청결 관리
ㆍ
고객 테이블 정리 및 라운지 환경 관리
근무조건
ㆍ
근무표에 의한 스케줄 근무(주말 근무 필수), 주 5일 40시간 탄력적 근무제
ㆍ
A조 06시~15시 / B조 13시~22시(8시간 근무, 1시간 휴게시간)
ㆍ
연봉 3,160만원~(식사 제공, 연 2회 상여금 별도 지급)/수습기간 3개월 내 급여 100% 지급
우대사항
ㆍ유관업무 경험자(인턴·알바)
ㆍ2교대 근무 가능자
ㆍ즉시출근 가능자
ㆍ장기근무 가능자
전형절차
ㆍ서류전형 > 실무면접 > 최종합격
ㆍ면접일정은 추후 통보됩니다.
유의사항
ㆍ허위사실이 발견될 경우 채용이 취소될 수 있습니다.","모집요강
모집분야
김해공항 스카이허브라운지 서비스
모집인원
1
명
고용형태
정규직
,
계약직
(정규직 전환 가능)
직급/직책
급여
월급 263만원 이상
근무시간
06:00 ~ 22:00
탄력근무제
오전 06:00~15:00/ 오후 13:00~22:00
근무지주소
부산 강서구 공항진입로 108 (대저2동) 김해국제공항
지도보기
인근지하철

지원자격
경력
경력무관
학력
고졸이상
우대조건
기본우대
유관업무 경험자(인턴·알바), 2교대 근무 가능자, 즉시출근 가능자, 장기근무 가능자

접수기간 · 방법
마감일은 기업의 사정으로 인해 조기 마감 또는 변경될 수 있습니다

기업 정보
기업정보 더보기
사원수
-
기업구분
중소기업 (비상장)
산업(업종)
광고·홍보·전시
지도보기
위치
서울 중구 남대문로 113 (다동, 동부다동빌딩) 3층 이브릿지","{
  ""@context"": ""https://schema.org"",
  ""@type"": ""JobPosting"",
  ""title"": ""[김해국제공항] 스카이허브라운지 홀서비스 사원 채용(식사제공)"",
  ""description"": ""㈜이브릿지에서 정규직 경력무관 채용을 진행합니다. 근무지는 부산 강서구 공항진입로 108 (대저2동)이며, 자세한 조건은 공고를 통해 확인할 수 있습니다."",
  ""datePosted"": ""2026-05-04"",
  ""validThrough"": ""2026-06-30T23:59"",
  ""employmentType"": [
    ""FULL_TIME"",
    ""CONTRACTOR""
  ],
  ""experienceRequirements"": ""경력무관"",
  ""educationRequirements"": ""고졸 이상"",
  ""directApply"": true,
  ""hiringOrganization"": {
    ""@type"": ""Organization"",
    ""name"": ""㈜이브릿지""
  },
  ""jobLocation"": {
    ""@type"": ""Place"",
    ""address"": {
      ""@type"": ""PostalAddress"",
      ""streetAddress"": ""부산 강서구 공항진입로 108 (대저2동) 김해국제공항""
    }
  },
  ""baseSalary"": {
    ""@type"": ""MonetaryAmount"",
    ""currency"": ""KRW"",
    ""value"": {
      ""@type"": ""QuantitativeValue"",
      ""value"": 2630000,
      ""unitText"": ""MONTH""
    }
  },
  ""identifier"": {
    ""@type"": ""PropertyValue"",
    ""name"": ""JobKorea"",
    ""value"": ""49100205""
  },
  ""url"": ""https://www.jobkorea.co.kr/Recruit/GI_Read/49100205""
}",success,
하나증권㈜,https://www.jobkorea.co.kr/Recruit/GI_Read/49100206,"하나증권㈜
WM기획실 경력직 채용
포지션 및 자격요건
데이터 분석 및 비즈니스 리포팅
담당업무
ㆍ데이터 추출 및 가공 (SQL)
- 고객, 상품(주식, 금융상품) 등 데이터를 SQL을 활용하여 추출 및 분석
ㆍ비즈니스 인사이트 도출 : WM 비즈니스 성장에 필요한 핵심 지표 분석
ㆍ 데이터 시각화 및 대시보드 구축
- BI툴(Tableau, Power BI 등) 또는 시각화 솔루션을 활용하여 비즈니스 데이터 시각화
ㆍ의사결정 지원 보고서 작성 : 데이터 중심의 비즈니스 보고서 및 작성
기본사항
ㆍ4년제 학사 학위 이상 보유자
ㆍ담당 업무 경험 및 관련 3년 이상의 경력자
ㆍSQL 역량(필수) : 복잡한 쿼리를 자유자재로 원하는 데이트를 능숙하게 추출 가능한 자
ㆍ논리적인 사고 및 리포팅 능력 보유자
ㆍ해외여행에 결격 사유가 없는 자
ㆍ관련 규정상 채용 결격사유 없는 자
우대사항
ㆍ증권사 근무 경력자 우대
ㆍ분석 툴 활용 능력 (Python or R) 소지자 우대
ㆍ증권영업 관련 자격증 소지자 우대
ㆍ증권사 계정계 IT개발 경력자 우대
기타사항
ㆍ접수기간 :
2026. 04. 30 ~ 2026. 05. 13 23:59
ㆍ접수방법 :
당사 채용 홈페이지 지원
ㆍ자세한 상세요강은 반드시 채용 홈페이지에서 직접 확인해 주시기 바랍니다.
기업 채용 홈페이지 바로가기 click","모집요강
모집분야
데이터 분석 및 비즈니스 리포팅
모집인원
○
명
고용형태
계약직
급여
회사 내규에 따름
근무지주소
서울 영등포구 의사당대로 82 (여의도동, 하나증권빌딩)
지도보기

지원자격
경력
경력
학력
대졸이상

접수기간 · 방법
마감일은 기업의 사정으로 인해 조기 마감 또는 변경될 수 있습니다

기업 정보
기업정보 더보기
사원수
1,001 ~ 10,000명 이하
기업구분
대기업 (-)
산업(업종)
증권 중개업
위치
서울 영등포구 의사당대로 82 (여의도동, 하나금융투 -","{
  ""@context"": ""https://schema.org"",
  ""@type"": ""JobPosting"",
  ""title"": ""WM기획실 경력직 채용"",
  ""description"": ""하나증권㈜에서 계약직 경력 채용을 진행합니다. 근무지는 서울 영등포구 의사당대로 82 (여의도동, 하나증권빌딩)이며, 자세한 조건은 공고를 통해 확인할 수 있습니다."",
  ""datePosted"": ""2026-04-30"",
  ""validThrough"": ""2026-05-13T23:59"",
  ""employmentType"": ""CONTRACTOR"",
  ""experienceRequirements"": ""경력"",
  ""educationRequirements"": ""대졸 이상"",
  ""directApply"": true,
  ""hiringOrganization"": {
    ""@type"": ""Organization"",
    ""name"": ""하나증권㈜""
  },
  ""jobLocation"": {
    ""@type"": ""Place"",
    ""address"": {
      ""@type"": ""PostalAddress"",
      ""streetAddress"": ""서울 영등포구 의사당대로 82 (여의도동, 하나증권빌딩) ""
    }
  },
  ""identifier"": {
    ""@type"": ""PropertyValue"",
    ""name"": ""JobKorea"",
    ""value"": ""49100206""
  },
  ""url"": ""https://www.jobkorea.co.kr/Recruit/GI_Read/49100206""
}",success,
㈜금강알텍,https://www.jobkorea.co.kr/Recruit/GI_Read/49100207,"㈜금강알텍
기술개발(연구) 정규직 신입 및 경력 채용공고
㈜금강알텍은 1993년에 설립된 회사로 사원수 30명 규모의 중소기업입니다. 대구 달서구 성서공단북로3길 17 (파호동)에 위치하고 있으며, 고무CMB&FMB 제조사업을 하고 있습니다.
포지션 및 자격요건
기술연구
( 1명 )
담당업무
ㆍ연구소 개발(고무재료) 및 관리
ㆍ국책과제 관리
자격요건
ㆍ학력 : 초대졸이상
ㆍ경력 : 신입·경력
우대사항
ㆍ공학계열
전형절차
ㆍ서류전형 > 1차면접 > 최종합격
ㆍ면접일정은 추후 통보됩니다.
유의사항
ㆍ허위사실이 발견될 경우 채용이 취소될 수 있습니다.","모집요강
모집분야
기술연구
모집인원
1
명
고용형태
정규직
(협의)
급여
회사 내규에 따름 (면접 후 결정)
근무시간
주5일(월~금)
08:00 ~ 17:30
근무지주소
대구 달서구 성서공단북로3길 17 (파호동) (주)금강알텍
지도보기
인근지하철

지원자격
경력
신입·경력
학력
초대졸이상

접수기간 · 방법
마감일은 기업의 사정으로 인해 조기 마감 또는 변경될 수 있습니다

기업 정보
기업정보 더보기
사원수
50명 이하
기업구분
중소기업 (비상장)
산업(업종)
금속·재료·자재
지도보기
위치
대구 달서구 성서공단북로3길 17 (파호동) (주)금강알텍","{
  ""@context"": ""https://schema.org"",
  ""@type"": ""JobPosting"",
  ""title"": ""기술개발(연구) 정규직 신입 및 경력 채용공고"",
  ""description"": ""㈜금강알텍에서 정규직 신입·경력 채용을 진행합니다. 근무지는 대구 달서구 성서공단북로3길 17 (파호동)이며, 자세한 조건은 공고를 통해 확인할 수 있습니다."",
  ""datePosted"": ""2026-05-04"",
  ""validThrough"": ""2026-06-03T23:59"",
  ""employmentType"": ""FULL_TIME"",
  ""experienceRequirements"": ""신입·경력"",
  ""educationRequirements"": ""초대졸 이상"",
  ""directApply"": true,
  ""hiringOrganization"": {
    ""@type"": ""Organization"",
    ""name"": ""㈜금강알텍""
  },
  ""jobLocation"": {
    ""@type"": ""Place"",
    ""address"": {
      ""@type"": ""PostalAddress"",
      ""streetAddress"": ""대구 달서구 성서공단북로3길 17 (파호동) (주)금강알텍""
    }
  },
  ""identifier"": {
    ""@type"": ""PropertyValue"",
    ""name"": ""JobKorea"",
    ""value"": ""49100207""
  },
  ""url"": ""https://www.jobkorea.co.kr/Recruit/GI_Read/49100207""
}",success,
검색,https://www.jobkorea.co.kr/Recruit/GI_Read/49100208,"베스트 네트워크
영업 본부장 [국내 대기업 계열사]
-베스트 네트워크(주)
베스트 네트워크는 1999년에 설립된 회사로 중견기업입니다. 서울 강남구 언주로30길 13 (도곡동, 대림아크로빌)에 위치하고 있으며, 헤드헌팅, 인재추천사업을 하고 있습니다.
포지션 및 자격요건
영업 본부장
( 1명 )
[핵심 과제]
? B2B 영업 확대를 통한 Fleet 계약 및 매출 성장
? 영업?Fleet?정비?데이터 연계 기반 통합 운영 체계 구축
? 장기 렌터카 B2B 영업 전략 수립 및 실행
[주요 역할]
? 전략 고객 발굴 및 Fleet 계약 확대
? B2B 영업 전략 기획 및 실행
? Key Account 관리
? 영업 성과 관리 및 개선
? 영업 전략 고도화 및 실행력 강화
자격요건
? B2B 영업 전략 기획 및 핵심 고객 관리 경험
? 모빌리티 산업 및 Value Chain에 대한 이해도 보유
? 장기 고객 관계 구축 및 계약 확대 경험
? 전략을 성과로 연결하는 실행 중심 리더십
? 사업 기회 발굴 및 의사결정 역량
전형절차
ㆍ서류전형 > 1차면접 > 2차면접 > 임원면접 > 최종합격
ㆍ면접일정은 추후 통보됩니다.
이력서는 최호식 대표 (eagle@bestnetwork.net, best6@bestnetwork.net)에게 보내주세요.
**** 반드시 위의 두 이메일 계정 모두로 보내주시고, 이메일 제목에 지원 포지션명 기재 부탁드립니다.
국문이력서 (각종 증빙서류는 서류전형 합격자에 한해 추후 제출)
유의사항
ㆍ허위사실이 발견될 경우 채용이 취소될 수 있습니다.
당사 내 오픈된 모든 포지션은 아래의 링크를 통하여 확인할 수 있습니다.
https://blog.naver.com/bestnetwork__inc
https://www.linkedin.com/company/best-network-corp/
많은 방문 부탁드립니다! 감사합니다.",,,success,
㈜화경,https://www.jobkorea.co.kr/Recruit/GI_Read/49100209,"㈜화경
[주식회사 화경] 식품제조업 영업본부 신입/경력직 채용
㈜화경은 2000년에 설립된 회사로 자본금 5억원, 매출액 420억 9천만, 사원수 90명 규모의 중소기업입니다. 경기 평택시 팽성읍 추팔산단1길 58 (추팔리, 화경물산)에 위치하고 있으며, 조미식품 및 식품첨가물 제조사업을 하고 있습니다.
포지션 및 자격요건
주식회사 화경 식품제조업 영업본부 신입/경력직
( ○명 )
담당업무
ㆍ상세내용을 입력하세요
ㆍ상세내용을 입력하세요
자격요건
ㆍ학력 : 고졸이상
ㆍ경력 : 신입·경력
우대사항
ㆍ차량소지자
ㆍ운전가능자
ㆍ유관업무 경험자(인턴·알바)
ㆍ유관업무 경력자
ㆍ장기근무 가능자
ㆍ자격증 : 1종보통운전면허
전형절차
ㆍ서류전형 > 1차면접 > 2차면접 > 임원면접 > 최종합격
ㆍ면접일정은 추후 통보됩니다.
유의사항
ㆍ허위사실이 발견될 경우 채용이 취소될 수 있습니다.","모집요강
모집분야
주식회사 화경 식품제조업 영업본부 신입/경력직
모집인원
○
명
고용형태
정규직
(수습 3개월)
직급/직책
급여
회사 내규에 따름
근무시간
주5일(월~금)
08:30 ~ 17:30
주52시간제
근무지주소
서울 서초구 청계산로 203 (신원동) 내곡드림시티1, 307호
지도보기
인근지하철

지원자격
경력
신입·경력
학력
고졸이상
우대조건
기본우대
차량소지자, 운전가능자, 유관업무 경험자(인턴·알바), 유관업무 경력자, 장기근무 가능자
자격증

접수기간 · 방법
마감일은 기업의 사정으로 인해 조기 마감 또는 변경될 수 있습니다

기업 정보
기업정보 더보기
사원수
51 ~ 300명 이하
기업구분
중소기업 (비상장)
산업(업종)
식품가공
지도보기
위치
경기 평택시 팽성읍 추팔산단1길 58 (추팔리, 화경물산) 주식회사 화경","{
  ""@context"": ""https://schema.org"",
  ""@type"": ""JobPosting"",
  ""title"": ""[주식회사 화경] 식품제조업 영업본부 신입/경력직 채용"",
  ""description"": ""㈜화경에서 정규직 신입·경력 채용을 진행합니다. 근무지는 서울 서초구 청계산로 203 (신원동)이며, 자세한 조건은 공고를 통해 확인할 수 있습니다."",
  ""datePosted"": ""2026-05-04"",
  ""validThrough"": ""2026-07-03T23:59"",
  ""employmentType"": ""FULL_TIME"",
  ""experienceRequirements"": ""신입·경력"",
  ""educationRequirements"": ""고졸 이상"",
  ""directApply"": true,
  ""hiringOrganization"": {
    ""@type"": ""Organization"",
    ""name"": ""㈜화경""
  },
  ""jobLocation"": {
    ""@type"": ""Place"",
    ""address"": {
      ""@type"": ""PostalAddress"",
      ""streetAddress"": ""서울 서초구 청계산로 203 (신원동) 내곡드림시티1, 307호""
    }
  },
  ""identifier"": {
    ""@type"": ""PropertyValue"",
    ""name"": ""JobKorea"",
    ""value"": ""49100209""
  },
  ""url"": ""https://www.jobkorea.co.kr/Recruit/GI_Read/49100209""
}",success,
㈜앳홈플렌테크,https://www.jobkorea.co.kr/Recruit/GI_Read/49100210,"㈜앳홈플렌테크
업계1위 음식물처리기 제조사 자재관리팀 경력직 채용
주식회사 앳홈플렌테크는
2020
년 설립 이후 빠르게 성장한 혁신 중기업입니다
.
2025
년 기준 연 매출액
600
억원
,
사원
155
명 규모로 국내외 시장에서 입지를 확대하고 있습니다
.
우리 회사의 강점
:
#
전세계 최초
IoT
기반
음식물처리기 개발
#
자체연구소 및
Test Lab
보유
#2025
년 음식물처리기 부문 최다 판매 기록 달성
2026
년 연 매출액
1
천억원
달성이라는 목표를 향해 나아가며
함께 성장할 진취적이고 역량있는 인재를 기다립니다
.
포지션 및 자격요건
재무/회계 담당
( 1명 )
■
주요 업무
1. 결산업무
ㆍ 월/분기/연간 결산 수행
ㆍ 결산 자료 취합 및 계정 검토
ㆍ 재무제표 작성 지원
2. 외부 감사 대응
ㆍ회계감사 대응 실무
ㆍ계정과목별 명세서 작성 및 자료 준비
3. 재무 데이터 관리
ㆍ손익 자료 정리 및 기초 분석
ㆍ결산 관련 데이터 관리 및 보고 지원
4. 세무
ㆍ부가세/법인세 신고 관련 준비 지원
■
근무포지션
ㆍ 경영지원팀 소속
ㆍ팀장(차장급) 직속 실무 담당
■
자격 요건
ㆍ경력
: 7년 이상 ~ 12년 이하
ㆍ재무회계/결산 업무 경험 필수
ㆍ외부감사 대응 경험 보유자
■
우대사항
ㆍ제조업 결산 경험
ㆍERP 사용 경험
ㆍ세무 신고 경험 보유자
전형절차
ㆍ서류전형 > 1차면접 > 임원면접 > 최종합격
ㆍ면접일정은 추후 통보됩니다.
유의사항
ㆍ허위사실이 발견될 경우 채용이 취소될 수 있습니다.","모집요강
모집분야
경영지원팀 재무회계 담당
모집인원
1
명
고용형태
정규직
(수습 3개월)
직급/직책
급여
회사 내규에 따름 (면접 후 결정)
근무시간
주5일(월~금)
08:30 ~ 17:30
근무지주소
경기 부천시 오정구 부천로431번길 60 (내동, (주)미성) 5층, 주식회사 앳홈플렌테크
지도보기

지원자격
경력
경력
(7년이상)
학력
초대졸이상
스킬
핵심역량
계획성
,
성실성
,
꼼꼼함
,
적응성
,
협동심
우대조건
기본우대
엑셀 고급능력 보유자, 회계프로그램 능숙자, 유관업무 경력자(7년)

접수기간 · 방법
마감일은 기업의 사정으로 인해 조기 마감 또는 변경될 수 있습니다

기업 정보
기업정보 더보기
사원수
51 ~ 300명 이하
기업구분
중소기업 (비상장)
산업(업종)
생활용품·소비재·기타
지도보기
위치
경기 부천시 오정구 부천로431번길 60 (내동, (주)미성) 5층, 주식회사 앳홈플렌테크","{
  ""@context"": ""https://schema.org"",
  ""@type"": ""JobPosting"",
  ""title"": ""앳홈플렌테크 경영지원팀 재무회계 담당"",
  ""description"": ""㈜앳홈플렌테크에서 정규직 경력 채용을 진행합니다. 근무지는 경기 부천시 오정구 부천로431번길 60 (내동, (주)미성)이며, 자세한 조건은 공고를 통해 확인할 수 있습니다."",
  ""datePosted"": ""2026-05-04"",
  ""validThrough"": ""2026-06-03T23:59"",
  ""employmentType"": ""FULL_TIME"",
  ""experienceRequirements"": ""경력"",
  ""educationRequirements"": ""초대졸 이상"",
  ""directApply"": true,
  ""hiringOrganization"": {
    ""@type"": ""Organization"",
    ""name"": ""㈜앳홈플렌테크""
  },
  ""jobLocation"": {
    ""@type"": ""Place"",
    ""address"": {
      ""@type"": ""PostalAddress"",
      ""streetAddress"": ""경기 부천시 오정구 부천로431번길 60 (내동, (주)미성) 5층, 주식회사 앳홈플렌테크""
    }
  },
  ""identifier"": {
    ""@type"": ""PropertyValue"",
    ""name"": ""JobKorea"",
    ""value"": ""49100210""
  },
  ""url"": ""https://www.jobkorea.co.kr/Recruit/GI_Read/49100210""
}",success,
㈜이을커뮤니케이션아임,https://www.jobkorea.co.kr/Recruit/GI_Read/49100211,,"모집요강
모집분야
일본어코디네이터
모집인원
○
명
고용형태
정규직
(수습 2개월)
직급/직책
급여
연봉 38,000만원 이상 (면접 후 결정)
근무시간
협의가능
09:30 ~ 18:30
금요일 : 오전 9시30분 ~ 오후 8시30분(야간근무) / 토요일 : 오전 9시30분 ~ 오후 4시30분
근무지주소
서울 서초구 서래로 49 (반포동) 이을성형외과의원
지도보기
인근지하철

지원자격
경력
경력무관
학력
초대졸이상
스킬
,
word
핵심역량
성실성
,
성취지향성
,
협동심
,
성장지향성
,
꼼꼼함
,
스트레스관리
,
윤리의식
,
자존감
,
적응성
우대조건
기본우대
영어가능자, 중국어가능자, 컴퓨터활용능력 우수자, 프리젠테이션 능력우수자, 유관업무 경험자(인턴·알바), 엑셀 고급능력 보유자, 문서작성 우수자, 즉시출근 가능자
외국어
[
]
[
]
[
]

접수기간 · 방법
마감일은 기업의 사정으로 인해 조기 마감 또는 변경될 수 있습니다

기업 정보
기업정보 더보기
사원수
-
기업구분
중소기업 (-)
산업(업종)
광고 대행업
지도보기
위치
서울 서초구 서래로 12 (반포동, 우덕빌딩) 4층","{
  ""@context"": ""https://schema.org"",
  ""@type"": ""JobPosting"",
  ""title"": ""(주5일, 통근버스제공)성형외과 일본어 코디네이터 모집"",
  ""description"": ""㈜이을커뮤니케이션아임에서 정규직 경력무관 채용을 진행합니다. 근무지는 서울 서초구 서래로 49 (반포동)이며, 자세한 조건은 공고를 통해 확인할 수 있습니다."",
  ""datePosted"": ""2026-05-04"",
  ""validThrough"": ""2026-06-03T23:59"",
  ""employmentType"": ""FULL_TIME"",
  ""experienceRequirements"": ""경력무관"",
  ""educationRequirements"": ""초대졸 이상"",
  ""directApply"": true,
  ""hiringOrganization"": {
    ""@type"": ""Organization"",
    ""name"": ""㈜이을커뮤니케이션아임""
  },
  ""jobLocation"": {
    ""@type"": ""Place"",
    ""address"": {
      ""@type"": ""PostalAddress"",
      ""streetAddress"": ""서울 서초구 서래로 49 (반포동) 이을성형외과의원""
    }
  },
  ""baseSalary"": {
    ""@type"": ""MonetaryAmount"",
    ""currency"": ""KRW"",
    ""value"": {
      ""@type"": ""QuantitativeValue"",
      ""value"": 380000000,
      ""unitText"": ""YEAR""
    }
  },
  ""identifier"": {
    ""@type"": ""PropertyValue"",
    ""name"": ""JobKorea"",
    ""value"": ""49100211""
  },
  ""url"": ""https://www.jobkorea.co.kr/Recruit/GI_Read/49100211""
}",success,
광주신우신용협동조합,https://www.jobkorea.co.kr/Recruit/GI_Read/49100212,"광주신우신용협동조합
광주신우신협 상반기 신입 및 경력 직원채용 공고
광주신우신용협동조합은 1982년에 설립된 회사로 사원수 27명 규모의 비영리법인입니다. 광주 남구 군분로 110 (월산동, 광주신우신협)에 위치하고 있으며, 금융사업을 하고 있습니다.
포지션 및 자격요건
광주신우신협 상반기 신규 및 경력직원 채용공고
( ○○명 )
담당업무
ㆍ신협업무 전반
자격요건
ㆍ학력 : 초대졸이상 (졸업예정자 가능)
ㆍ경력 : 경력무관
전형절차
ㆍ서류전형 > 1차면접 > 2차면접  > 최종합격
ㆍ면접일정은 추후 통보됩니다.
ㆍ
제출서류
이력서 및 자기소개서,고등학교 생활기록부,최종학교 졸업증명서 또는 졸업예정증명서,최종학교 성적증명서,가족관계증명서(상세)및 주민등록초본(남자의 경우 병역사항 기재),전문교육이수증 및 자격증,경력증명서(해당자에 한함)
유의사항
? 제출서류는 구직자가 채용서류 반환을 청구하는 경우(청구일로부터 14일 이내)에 반환하며 반환을 청구하지 아니한 채용서류는[개인정보보호법]에
따라 파기합니다.
? 제출마감일까지 증빙서류를 제출하지 아니하거나,응시원서의 내용이 허위 또는 제출서류에 허위 기재사항이 있는 경우 합격을 취소합니다.
?각 전형 결과는 합격 시에만 유선으로 통지할 예정이오니 참고 바랍니다.
?문의사항은 광주신우신협 총무팀(062-364-6103)으로 문의 바랍니다.
? 입사지원 서류에 허위사실이 발견될 경우, 채용확정 이후라도 채용이 취소될 수 있습니다.","모집요강
모집분야
광주신우신협 상반기 신규 및 경력직원 채용공고
모집인원
○○
명
고용형태
계약직
(근무기간 6개월, 정규직 전환 가능)
직급/직책
급여
월급 230~230만원 (면접 후 결정)
근무시간
주5일(월~금)
08:30 ~ 17:30
근무지주소
광주 남구 군분로 110 (월산동, 광주신우신협) 광주신우신협
지도보기

지원자격
경력
경력무관
학력
초대졸이상
(졸업예정자 가능)

접수기간 · 방법
마감일은 기업의 사정으로 인해 조기 마감 또는 변경될 수 있습니다

기업 정보
기업정보 더보기
사원수
50명 이하
기업구분
비영리법인 (비상장)
산업(업종)
신용조합
지도보기
위치
광주 남구 군분로 110 (월산동, 광주신우신협) 1층","{
  ""@context"": ""https://schema.org"",
  ""@type"": ""JobPosting"",
  ""title"": ""광주신우신협 상반기 신입 및 경력 직원채용 공고"",
  ""description"": ""광주신우신용협동조합에서 계약직 경력무관 채용을 진행합니다. 근무지는 광주 남구 군분로 110 (월산동, 광주신우신협)이며, 자세한 조건은 공고를 통해 확인할 수 있습니다."",
  ""datePosted"": ""2026-05-04"",
  ""validThrough"": ""2026-05-15T12:00"",
  ""employmentType"": ""CONTRACTOR"",
  ""experienceRequirements"": ""경력무관"",
  ""educationRequirements"": ""초대졸 이상"",
  ""directApply"": true,
  ""hiringOrganization"": {
    ""@type"": ""Organization"",
    ""name"": ""광주신우신용협동조합""
  },
  ""jobLocation"": {
    ""@type"": ""Place"",
    ""address"": {
      ""@type"": ""PostalAddress"",
      ""streetAddress"": ""광주 남구 군분로 110 (월산동, 광주신우신협) 광주신우신협""
    }
  },
  ""baseSalary"": {
    ""@type"": ""MonetaryAmount"",
    ""currency"": ""KRW"",
    ""value"": {
      ""@type"": ""QuantitativeValue"",
      ""unitText"": ""MONTH"",
      ""minValue"": 2300000,
      ""maxValue"": 2310000
    }
  },
  ""identifier"": {
    ""@type"": ""PropertyValue"",
    ""name"": ""JobKorea"",
    ""value"": ""49100212""
  },
  ""url"": ""https://www.jobkorea.co.kr/Recruit/GI_Read/49100212""
}",success,
렌탈프로,https://www.jobkorea.co.kr/Recruit/GI_Read/49100213,"렌탈프로
채용제목을 입력해주세요
렌탈프로는 2022년에 설립된 회사로 중소기업입니다. 대구 수성구 들안로40길 63 (황금동)에 위치하고 있으며, 종합가전렌탈/상조/장례 방문판매사업을 하고 있습니다.
포지션 및 자격요건
포지션
(5명 )
담당업무
전단지홍보
근무조건
ㆍ주3일 (수/목/금)
ㆍ13~17시
ㆍ월 150만이상 가능
자격요건
ㆍ누구나 가능(미성년자제외)
ㆍ프리랜서가능/ 투잡가능 / 재텍가능 /주부가능
우대사항
ㆍ초보환영
전형절차
ㆍ서류전형 > 1차면접 > 2차면접 > 임원면접 > 최종합격
ㆍ면접일정은 추후 통보됩니다.
유의사항
ㆍ허위사실이 발견될 경우 채용이 취소될 수 있습니다.","모집요강
모집분야
전단지홍보
모집인원
5
명
고용형태
아르바이트
급여
회사 내규에 따름 (면접 후 결정)
근무시간
14:00 ~ 17:00
탄력근무제
근무지주소
대구 동구 신암로 128 (신암동, 연곡빌딩) 4층 406호
지도보기
인근지하철

지원자격
경력
경력무관
학력
학력무관

접수기간 · 방법
마감일은 기업의 사정으로 인해 조기 마감 또는 변경될 수 있습니다

기업 정보
기업정보 더보기
사원수
50명 이하
기업구분
중소기업 (비상장)
산업(업종)
웨딩·상조·이벤트
지도보기
위치
대구 수성구 들안로40길 63 (황금동) 1층","{
  ""@context"": ""https://schema.org"",
  ""@type"": ""JobPosting"",
  ""title"": ""전단지홍보 하실분 (주3일 /3-4시간)"",
  ""description"": ""렌탈프로에서 아르바이트 경력무관 채용을 진행합니다. 근무지는 대구 동구 신암로 128 (신암동, 연곡빌딩)이며, 자세한 조건은 공고를 통해 확인할 수 있습니다."",
  ""datePosted"": ""2026-05-04"",
  ""validThrough"": ""2026-05-13T23:59"",
  ""employmentType"": ""PART_TIME"",
  ""experienceRequirements"": ""경력무관"",
  ""educationRequirements"": ""학력무관"",
  ""directApply"": true,
  ""hiringOrganization"": {
    ""@type"": ""Organization"",
    ""name"": ""렌탈프로""
  },
  ""jobLocation"": {
    ""@type"": ""Place"",
    ""address"": {
      ""@type"": ""PostalAddress"",
      ""streetAddress"": ""대구 동구 신암로 128 (신암동, 연곡빌딩) 4층 406호""
    }
  },
  ""identifier"": {
    ""@type"": ""PropertyValue"",
    ""name"": ""JobKorea"",
    ""value"": ""49100213""
  },
  ""url"": ""https://www.jobkorea.co.kr/Recruit/GI_Read/49100213""
}",success,
㈜에이오디,https://www.jobkorea.co.kr/Recruit/GI_Read/49100214,"㈜에이오디
[GIS사업부] 측량 및 지형공간정보 신입 및 경력직 채용
㈜에이오디는 2001년에 설립된 회사로
사원 수 20명 규모의 벤처기업입니다.
제주시 연삼로38, 4층(연빌딩)에 위치하고 있으며 공공·지하시설물 측량업, 수치지도제작업,
초경량비행장치사업을 하고 있습니다.
포지션 및 자격요건
측량파트
신입 및 경력직
( ○명 )
업무소개
ㆍ측량 및 지형공간정보 분야 업무
ㆍGIS DB 구축 관련 업무
ㆍ외업 및 내업
핵심역량
ㆍ맡은 일에 책임감을 가지고 끝까지 완수하시는 분
ㆍ함께 일하는 동료를 존중하고 팀워크를 중요하게 생각하시는 분
ㆍ단기적인 목적보다는 꾸준한 성장을 함께 도모하실 분
자격요건
ㆍ학력 : 학력무관
ㆍ경력 : 신입/
경력
우대사항
ㆍ관련 자격증 보유자
(측량및지형공간정보 기사, 측량/지도제작 기능사, 초경량비행장치 조종자 )
ㆍ운전가능자
ㆍ컴퓨터활용능력 우수자
ㆍ유관업무 경험자(인턴·알바)
ㆍ관련학과 졸업자
전형절차
ㆍ서류전형 > 1차면접 > 최종합격
ㆍ면접일정은 추후 통보됩니다. (합격여부 개별통보)
유의사항
ㆍ허위사실이 발견될 경우 채용이 취소될 수 있습니다.","모집요강
모집분야
측량
모집인원
○
명
고용형태
정규직
(협의)
,
계약직
직급/직책
급여
회사 내규에 따름 (면접 후 결정)
근무시간
주5일(월~금)
08:00 ~ 17:00
탄력근무제
근무지주소
제주 제주시 연삼로 38 (연동) 4층
지도보기

지원자격
경력
신입·경력
학력
학력무관
스킬
,
EXEL, 측량기능사, 지도제작기능사, 측량및지형공간정보 기사
우대조건
자격증
우대전공

접수기간 · 방법
마감일은 기업의 사정으로 인해 조기 마감 또는 변경될 수 있습니다

기업 정보
기업정보 더보기
사원수
50명 이하
기업구분
벤처기업 (비상장)
산업(업종)
디자인·CAD
지도보기
위치
제주 제주시 연동 300-1 연빌딩 4층","{
  ""@context"": ""https://schema.org"",
  ""@type"": ""JobPosting"",
  ""title"": ""[GIS사업부] 측량 및 지형공간정보 신입 및 경력직 채용"",
  ""description"": ""㈜에이오디에서 정규직 신입·경력 채용을 진행합니다. 근무지는 제주 제주시 연삼로 38 (연동)이며, 자세한 조건은 공고를 통해 확인할 수 있습니다."",
  ""datePosted"": ""2026-05-04"",
  ""validThrough"": ""2026-06-03T23:59"",
  ""employmentType"": [
    ""FULL_TIME"",
    ""CONTRACTOR""
  ],
  ""experienceRequirements"": ""신입·경력"",
  ""educationRequirements"": ""학력무관"",
  ""directApply"": true,
  ""hiringOrganization"": {
    ""@type"": ""Organization"",
    ""name"": ""㈜에이오디""
  },
  ""jobLocation"": {
    ""@type"": ""Place"",
    ""address"": {
      ""@type"": ""PostalAddress"",
      ""streetAddress"": ""제주 제주시 연삼로 38 (연동) 4층""
    }
  },
  ""identifier"": {
    ""@type"": ""PropertyValue"",
    ""name"": ""JobKorea"",
    ""value"": ""49100214""
  },
  ""url"": ""https://www.jobkorea.co.kr/Recruit/GI_Read/49100214""
}",success,
,https://www.jobkorea.co.kr/Recruit/GI_Read/49100215,,,,fail,HTTP status code 404
㈜웹젠,https://www.jobkorea.co.kr/Recruit/GI_Read/49100216,"㈜웹젠
[웹젠크레빅스] 시스템기획(신입/경력)
""디지털 시대의 놀이 문화를 선도하는 기업"" 디지털 엔터테인먼트를 창조하는 기업으로서 ㈜웹젠은 게임의
 작품성을 결정하는 주요 기술인 디자인, 클라이언트, 서버 부문에서 국내 최고를 자랑하고 있습니다. 
㈜웹젠의 기술력은 3D 온라인게임 리더 ‘뮤’의 개발과 퍼블리싱을 통해 입증되었으며, 이러한 기술력과
 마케팅력을 바탕으로 국내 시장을 넘어 세계 시장에서 인정받는 게임회사로의 성장을 목표로 하고 있습니다. 

㈜웹젠이 서비스하고 있는 온라인게임 ‘뮤’, 썬, C9은 기술적으로 한국 온라인게임의 수준을 한 단계 
끌어올렸으며, 해외 온라인게임 시장에서도 강한 주목을 받아 한국 게임소프트웨어 수출 사상 최고의 
대우를 받으며 해외시장에 진출한 바 있습니다.
포지션 및 자격요건
전투기획
( ○명 )
담당업무
- 캐릭터 전투콘셉트 & 스킬구조 기획
- 몬스터 단계별 패턴, 속성, 약점
구조설계
- 보스 기믹, 페이즈 시스템/전투
변칙요소 설계
- 던전 구성, 몬스터 스폰, 진행 루트
설계
- 전투 몰입도 강화 콘텐츠 기획
- 밸런스 팀과 연동하여 실제 수치 반영
자격요건
- 신입(채용연계형 인턴) 또는 경력
- 독창적 전투 설계안, 스킬아이디어, 몬스터/
보스 패턴 등 창의적인 사고가 가능한 분
- 논리적으로 플레이 흐름을 설명하고 문서화할
수 있는 능력이 있는 분
- 게임 전투구조(행동,쿨타임,자원,변수)에 대한
기본 이해가 있는 분
- 디펜스/액션/전략 장르에 대한 관심 또는
플레이 경험이 있는 분
우대사항
- 〈디펜스게임의 폭군이 되었다〉 IP에 대한 높은
이해도와 애정이 있는 분
- 언리얼5 기반의 프로젝트 경험있거나 직접
만들어본 경험이 있는 분
- 전투 시스템,스킬 구조를 직접 설계해본 경험
(개인프로젝트 포함)이 있는 분
- 유닛/몬스터 패턴을 흥미롭게 재해석할 수
있는 창의적 감각이 있는 분
- 실시간 디펜스,오토배틀로,TD,액션게임 등
다수 장르 플레이 경험이 있는 분
- 전투연출, 피드백, 카메라 워크에 관심이
많거나 제안 경험이 있는 분
- 레벨디자인 경험 또는 이해가 있는 분
전형절차
ㆍ서류전형 > 실무면접 > 인성검사 > 임원면접 > 최종합격
ㆍ면접일정은 추후 통보됩니다.
기타
- 수시채용은 공고 게시 중에도 전형이 진행되오니 이점 유의하시어 지원 바랍니다.
- 서류전형 통과자에 한하여 개별적으로 일정 안내를 드립니다.
- 장애인, 국가보훈대상자는 관련법규에 의거하여 우대합니다.
- 채용이 완료되거나 채용에 적합한 지원자가 없을 시 공고가 마감될 수 있습니다.
- 전형에 따라 필기 테스트가 진행될 수 있습니다.","모집요강
모집분야
게임기획
모집인원
○
명
고용형태
정규직
,
인턴
(근무기간 6개월, 정규직 전환 가능)
급여
회사 내규에 따름
근무지주소
경기 성남시 분당구 판교로 242 (삼평동) 판교디지털센터 B동
지도보기

지원자격
경력
경력무관
학력
학력무관
스킬

접수기간 · 방법
마감일은 기업의 사정으로 인해 조기 마감 또는 변경될 수 있습니다

기업 정보
기업정보 더보기
사원수
501 ~ 1,000명 이하
기업구분
중견기업 (코스닥 상장)
산업(업종)
게임·애니메이션
지도보기
위치
경기 성남시 분당구 판교로 242 (삼평동) 판교디지털센터 B동","{
  ""@context"": ""https://schema.org"",
  ""@type"": ""JobPosting"",
  ""title"": ""[웹젠크레빅스] 전투기획(신입/경력)"",
  ""description"": ""㈜웹젠에서 정규직 경력무관 채용을 진행합니다. 근무지는 경기 성남시 분당구 판교로 242 (삼평동)이며, 자세한 조건은 공고를 통해 확인할 수 있습니다."",
  ""datePosted"": ""2026-05-04"",
  ""validThrough"": ""2026-06-30T23:59"",
  ""employmentType"": [
    ""FULL_TIME"",
    ""INTERN""
  ],
  ""experienceRequirements"": ""경력무관"",
  ""educationRequirements"": ""학력무관"",
  ""directApply"": true,
  ""hiringOrganization"": {
    ""@type"": ""Organization"",
    ""name"": ""㈜웹젠""
  },
  ""jobLocation"": {
    ""@type"": ""Place"",
    ""address"": {
      ""@type"": ""PostalAddress"",
      ""streetAddress"": ""경기 성남시 분당구 판교로 242 (삼평동) 판교디지털센터 B동""
    }
  },
  ""identifier"": {
    ""@type"": ""PropertyValue"",
    ""name"": ""JobKorea"",
    ""value"": ""49100216""
  },
  ""url"": ""https://www.jobkorea.co.kr/Recruit/GI_Read/49100216""
}",success,
이화소재㈜,https://www.jobkorea.co.kr/Recruit/GI_Read/49100217,"이화소재㈜
관리부직원
이화소재㈜는 상장기업인 이화산업(주)의 자회사로서 일본 유수의 석유화학회사의 합성수지(Engineering Plastics) 및 합성고무(CR,NBR 등), 기타 화학원료의 한국 대리점으로서 OFFER BUSINESS 및  STOCK SALES를 하고 있습니다.
포지션 및 자격요건
회계
( 1명 )
담당업무
ㆍ회계,총무 업무
ㆍ상세내용을 입력하세요
스킬
ㆍ더존 프로그램
자격요건
ㆍ학력 : 고졸이상 (졸업예정자 가능)
ㆍ경력 : 신입·경력
우대사항
ㆍ상세내용을 입력하세요
ㆍ상세내용을 입력하세요
총무
( 1명 )
담당업무
ㆍ상세내용을 입력하세요
ㆍ상세내용을 입력하세요
스킬
ㆍ더존 프로그램
자격요건
ㆍ학력 : 고졸이상 (졸업예정자 가능)
ㆍ경력 : 신입·경력
우대사항
ㆍ상세내용을 입력하세요
ㆍ상세내용을 입력하세요
포지션
( ○○명 )
담당업무
ㆍ상세내용을 입력하세요
ㆍ상세내용을 입력하세요
스킬
ㆍ상세내용을 입력하세요
ㆍ상세내용을 입력하세요
핵심역량
ㆍ상세내용을 입력하세요
ㆍ상세내용을 입력하세요
자격요건
ㆍ상세내용을 입력하세요
ㆍ상세내용을 입력하세요
우대사항
ㆍ상세내용을 입력하세요
ㆍ상세내용을 입력하세요
포지션
( ○○명 )
담당업무
ㆍ상세내용을 입력하세요
ㆍ상세내용을 입력하세요
스킬
ㆍ상세내용을 입력하세요
ㆍ상세내용을 입력하세요
핵심역량
ㆍ상세내용을 입력하세요
ㆍ상세내용을 입력하세요
자격요건
ㆍ상세내용을 입력하세요
ㆍ상세내용을 입력하세요
우대사항
ㆍ상세내용을 입력하세요
ㆍ상세내용을 입력하세요
전형절차
ㆍ서류전형 > 1차면접 > 2차면접 > 임원면접 > 최종합격
ㆍ면접일정은 추후 통보됩니다.
유의사항
ㆍ허위사실이 발견될 경우 채용이 취소될 수 있습니다.","모집요강
모집분야
회계,총무
모집인원
1
명
고용형태
정규직
직급/직책
급여
회사 내규에 따름 (면접 후 결정)
근무시간
주5일(월~금)
08:30 ~ 17:30
근무지주소
서울 중구 삼일대로 299 (충무로2가, 이화빌딩) 205호
지도보기
인근지하철

지원자격
경력
신입·경력
학력
고졸이상
(졸업예정자 가능)
스킬

접수기간 · 방법
마감일은 기업의 사정으로 인해 조기 마감 또는 변경될 수 있습니다

기업 정보
기업정보 더보기
사원수
50명 이하
기업구분
중소기업 (비상장)
산업(업종)
플라스틱물질 및 합성고무 도매업
지도보기
위치
서울 중구 삼일대로 299 (충무로2가, 이화빌딩) 205호","{
  ""@context"": ""https://schema.org"",
  ""@type"": ""JobPosting"",
  ""title"": ""관리부직원"",
  ""description"": ""이화소재㈜에서 정규직 신입·경력 채용을 진행합니다. 근무지는 서울 중구 삼일대로 299 (충무로2가, 이화빌딩)이며, 자세한 조건은 공고를 통해 확인할 수 있습니다."",
  ""datePosted"": ""2026-05-04"",
  ""validThrough"": ""2026-06-03T23:59"",
  ""employmentType"": ""FULL_TIME"",
  ""experienceRequirements"": ""신입·경력"",
  ""educationRequirements"": ""고졸 이상"",
  ""directApply"": true,
  ""hiringOrganization"": {
    ""@type"": ""Organization"",
    ""name"": ""이화소재㈜""
  },
  ""jobLocation"": {
    ""@type"": ""Place"",
    ""address"": {
      ""@type"": ""PostalAddress"",
      ""streetAddress"": ""서울 중구 삼일대로 299 (충무로2가, 이화빌딩) 205호""
    }
  },
  ""identifier"": {
    ""@type"": ""PropertyValue"",
    ""name"": ""JobKorea"",
    ""value"": ""49100217""
  },
  ""url"": ""https://www.jobkorea.co.kr/Recruit/GI_Read/49100217""
}",success,
,https://www.jobkorea.co.kr/Recruit/GI_Read/49100218,,,,fail,HTTP status code 404
검색,https://www.jobkorea.co.kr/Recruit/GI_Read/49100219,"베스트 네트워크
정비 전문가 [국내 대기업 자회사]
-베스트 네트워크(주)
베스트 네트워크는 1999년에 설립된 회사로 중견기업입니다. 서울 강남구 언주로30길 13 (도곡동, 대림아크로빌)에 위치하고 있으며, 헤드헌팅, 인재추천사업을 하고 있습니다.
포지션 및 자격요건
정비 전문가
( 1명 )
[핵심 과제]
? 차량 정비 및 유지관리 운영체계 전반의 고도화
? 전국 정비 네트워크 효율 및 품질 수준 개선
? Fleet 운영 관점의 서비스 경쟁력 강화
[주요 역할]
? 차량 정비 전략 수립 및 운영 총괄
? 직영/외주 정비 채널 운영 및 품질 관리
? 차량 Lifecycle 기반 유지관리 체계 설계 및 비용 최적화
자격요건
? 대규모 차량/장비 운영 환경에서 정비 조직 운영 경험
? 자동차 및 정비 서비스 구조에 대한 이해
? 정비 인프라 구축 및 운영 체계 관리 경험
? 부품/소모품 조달 및 공급망 운영 경험
? 운영 품질 및 효율 개선 프로젝트 수행 경험
전형절차
ㆍ서류전형 > 1차면접 > 2차면접 > 임원면접 > 최종합격
ㆍ면접일정은 추후 통보됩니다.
이력서를
최호식 대표 (eagle@bestnetwork.net, best6@bestnetwork.net)
에게 보내주세요.
****
반드시 위의 두 이메일 계정 모두로 보내주시고
, 이메일 제목에 지원 포지션명 기재 부탁드립니다.
국문이력서 (각종 증빙서류는 서류전형 합격자에 한해 추후 제출)
유의사항
ㆍ허위사실이 발견될 경우 채용이 취소될 수 있습니다.
당사 내 오픈된 모든 포지션은 아래의 링크를 통하여 확인할 수 있습니다.
https://blog.naver.com/bestnetwork__inc
https://www.linkedin.com/company/best-network-corp/
많은 방문 부탁드립니다! 감사합니다.",,,success,
㈜316컴퍼니,https://www.jobkorea.co.kr/Recruit/GI_Read/49100220,"㈜316컴퍼니
(주) 316컴퍼니 / 편집샵 [하바티]
서울점 채용공고 (매장 스태프)
포지션 및 자격요건
매장직원
( 매장직원 : 1명
)
담당업무
ㆍ오프라인 매장 세일즈 및 제품 컨디션 관리, VMD
ㆍ오프라인 고객 응대 및 판매
ㆍ오프라인 매장 내 전반적인 업무 관리
핵심역량
ㆍ
성실성,
꼼꼼함, 태도
ㆍ 외국어 가능자 우대
자격요건
ㆍ학력 : 학력무관
ㆍ경력 : 신입
우대사항
ㆍ인근거주자
ㆍ엑셀 고급능력 보유자
제출서류
ㆍ잡코리아 양식 이력서
ㆍ
SNS ID
ㆍ
최근 6개월 동안 가장 자주 입은 패션 브랜드 5가지
전형절차
ㆍ서류전형 > 1차면접 > 필요시 2차면접
>
최종합격
ㆍ면접일정은 추후 통보됩니다.
유의사항
ㆍ허위사실이 발견될 경우 채용이 취소될 수 있습니다.","모집요강
모집분야
매장직원
모집인원
1
명
고용형태
계약직
(근무기간 1년, 정규직 전환 가능)
직급/직책
급여
회사 내규에 따름 (면접 후 결정)
근무시간
주 5일 (토요일 근무/평일 1일, 일요일 1일 휴무)
12:00 ~ 21:00
월-토 (주5일)
근무지주소
서울 마포구 동교로 209-4 (동교동) 1,2층
지도보기
인근지하철

지원자격
경력
신입
학력
학력무관
핵심역량
성실성
,
꼼꼼함
,
윤리의식
,
창의성
,
협동심
우대조건
기본우대
인근거주자, 엑셀 고급능력 보유자

접수기간 · 방법
마감일은 기업의 사정으로 인해 조기 마감 또는 변경될 수 있습니다

기업 정보
기업정보 더보기
사원수
-
기업구분
중소기업 (-)
산업(업종)
남자용 겉옷 제조업
지도보기
위치
서울 마포구 동교로 209-4 (동교동) 1,2층","{
  ""@context"": ""https://schema.org"",
  ""@type"": ""JobPosting"",
  ""title"": ""(주) 316컴퍼니 / 편집샵 하바티 서울점 채용공고 [매장 스태프]"",
  ""description"": ""㈜316컴퍼니에서 계약직 신입 채용을 진행합니다. 근무지는 서울 마포구 동교로 209-4 (동교동)이며, 자세한 조건은 공고를 통해 확인할 수 있습니다."",
  ""datePosted"": ""2026-05-04"",
  ""validThrough"": ""2026-06-03T23:59"",
  ""employmentType"": ""CONTRACTOR"",
  ""experienceRequirements"": ""신입"",
  ""educationRequirements"": ""학력무관"",
  ""directApply"": true,
  ""hiringOrganization"": {
    ""@type"": ""Organization"",
    ""name"": ""㈜316컴퍼니""
  },
  ""jobLocation"": {
    ""@type"": ""Place"",
    ""address"": {
      ""@type"": ""PostalAddress"",
      ""streetAddress"": ""서울 마포구 동교로 209-4 (동교동) 1,2층""
    }
  },
  ""identifier"": {
    ""@type"": ""PropertyValue"",
    ""name"": ""JobKorea"",
    ""value"": ""49100220""
  },
  ""url"": ""https://www.jobkorea.co.kr/Recruit/GI_Read/49100220""
}",success,
㈜자연과환경,https://www.jobkorea.co.kr/Recruit/GI_Read/49100221,"㈜자연과환경
[(주)자연과환경] 건축/토목 현장소장 채용
기업소개
(주)자연과환경은 1999년 창립 이래 친환경 건축 분야를 선도하는 코스닥 상장 기업입니다. 자본금 560억 규모의 안정적인 재무구조를 바탕으로 이노비즈, 메인비즈, 벤처기업 등 다수의 정부 인증을 보유하고 있으며, ISO 국제 품질인증을 통해 기술력을 인정받고 있습니다. 서울 본사와 공주/보령 생산공장을 운영 중이며, 당진에 신규 공장을 건설하며 사업을 확장하고 있습니다. 특히 모듈러 건축이라는 미래 신사업을 적극 추진하여 성장 가능성이 높으며, 가족친화 기업 인증을 받아 일과 삶의 균형을 중시하는 조직문화를 자랑합니다. 친환경과 혁신기술로 건축의 미래를 만들어가는 (주)자연과환경에서 여러분의 커리어를 함께 성장시켜 나가시기 바랍니다.
홈페이지 주소:
http://www.e-nne.co.kr/
포지션 및 자격요건
건축/토목현장 소장
( ○○명 )
담당업무
ㆍ공정/품질/원가/안전 총괄관리 등 전반적인 현장소장 업무
ㆍ현장 프로젝트 계약직이나, 근평에 따라 계약종료시점 정규직 전환 가능
＃근무 예정지: 경기
스킬
ㆍ건축기사 자격, 토목기사 자격
자격요건
ㆍ학력 : 초대졸이상 (건축/토목)
ㆍ경력 : 경력10년↑
ㆍ자격: 건설기술인협회 건축/토목 중급 이상 기술자
우대사항
ㆍ지방근무 가능자
ㆍ유관업무 경력자 (10년)
ㆍ엑셀 고급능력 보유자
ㆍ문서작성 우수자
ㆍ컴퓨터활용능력 우수자
ㆍCAD/CAM 프로그램 능숙자
전형절차
ㆍ서류전형 > 1차면접 > 2차면접 > 최종합격
ㆍ면접일정은 추후 통보됩니다.
유의사항
ㆍ허위사실이 발견될 경우 채용이 취소될 수 있습니다.","모집요강
모집분야
건축/토목현장 소장
모집인원
○○
명
고용형태
계약직
(협의, 정규직 전환 가능)
급여
회사 내규에 따름 (면접 후 결정)
근무시간
주5일(월~금)
09:00 ~ 18:00
근무지주소
서울 마포구 월드컵북로 396 (상암동, 누리꿈스퀘어) 비즈니스타워 12층
지도보기
인근지하철

지원자격
경력
경력
(10년이상)
학력
초대졸이상
스킬
우대조건
기본우대
컴퓨터활용능력 우수자, 유관업무 경험자(인턴·알바), 엑셀 고급능력 보유자, CAD/CAM 프로그램 능숙자, 지방근무 가능자, 문서작성 우수자, 유관업무 경력자(10년)

접수기간 · 방법
마감일은 기업의 사정으로 인해 조기 마감 또는 변경될 수 있습니다

기업 정보
기업정보 더보기
사원수
51 ~ 300명 이하
기업구분
중소기업 (코스닥)
산업(업종)
그 외 기타 콘크리트 제품 및 유사제품 제조업
지도보기
위치
서울 마포구 월드컵북로 396 (상암동, 누리꿈스퀘어) 2층","{
  ""@context"": ""https://schema.org"",
  ""@type"": ""JobPosting"",
  ""title"": ""[(주)자연과환경] 건축/토목 현장소장 채용"",
  ""description"": ""㈜자연과환경에서 계약직 경력 채용을 진행합니다. 근무지는 서울 마포구 월드컵북로 396 (상암동, 누리꿈스퀘어)이며, 자세한 조건은 공고를 통해 확인할 수 있습니다."",
  ""datePosted"": ""2026-05-04"",
  ""validThrough"": ""2026-06-03T23:59"",
  ""employmentType"": ""CONTRACTOR"",
  ""experienceRequirements"": ""경력"",
  ""educationRequirements"": ""초대졸 이상"",
  ""directApply"": true,
  ""hiringOrganization"": {
    ""@type"": ""Organization"",
    ""name"": ""㈜자연과환경""
  },
  ""jobLocation"": {
    ""@type"": ""Place"",
    ""address"": {
      ""@type"": ""PostalAddress"",
      ""streetAddress"": ""서울 마포구 월드컵북로 396 (상암동, 누리꿈스퀘어) 비즈니스타워 12층""
    }
  },
  ""identifier"": {
    ""@type"": ""PropertyValue"",
    ""name"": ""JobKorea"",
    ""value"": ""49100221""
  },
  ""url"": ""https://www.jobkorea.co.kr/Recruit/GI_Read/49100221""
}",success,
㈜해외교육,https://www.jobkorea.co.kr/Recruit/GI_Read/49100222,"㈜해외교육을 소개해요
대한민국 대표 글로벌 해외캠프 브랜드, MBC연합캠프
전국 주요 MBC방송사가 공동으로 주최 및 홍보하고 ㈜해외교육이 주관 및 운영하는 MBC연합캠프는
대한민국 교육산업 대상 수상 및 현재 대한민국 해외연수 1위기업으로 자리매김하고 있습니다.
초·중·고 주니어 학생캠프, 부모동반 가족캠프, 디스커버리 교육여행 프로젝트,
국제학교 포트폴리오 캠프 등 다양한 글로벌 교육 프로그램을 운영하고 있습니다.
이런 업무를 해요
상담, 기획 및 CS 업무
ㆍ미국 캐나다 호주 뉴질랜드 등 고객 맞춤형 유학 컨설팅 제공
ㆍ웹사이트 셋팅 가능자
ㆍ영어권 국가 비자수속
이런 분들을 찾고 있어요
ㆍ학력 : 초대졸이상
ㆍ유학원/교육기관 근무 경험자 우대
ㆍ조기유학 상담업무 유경험자
ㆍ영어능력 가능자 우대
ㆍ고객 상담 및 커뮤니케이션 능력 우수자
ㆍ기본적인 웹사이트 관리 가능자 우대
[근무형태]
ㆍ풀타임 근무 정규직 및 계약직
[제출서류]
ㆍ이력서 (희망연봉 제시)
ㆍ자기소개서
ㆍ자격증 및 공인시험성적 사본
이런 분이면 더 좋아요
ㆍ동종업계 경력자
ㆍ관련업무 유경험자
ㆍ관련업무 자격증 소지자
ㆍ영어능통자
ㆍ디자인 툴 조작 가능자
ㆍ해외단기캠프 경험자
ㆍ해외단기캠프 인솔자
ㆍ해외연수 및 유학 경험자
이런 조건에서 근무할 예정이에요
ㆍ고용 형태 : 정규직, 계약직(근무기간 12개월)
ㆍ근무지 주소 : 서울 마포구 백범로31길 8 (공덕동, 공덕SK리더스뷰) 201동 432호
지도보기
ㆍ근무 요일/시간 : 주5일(월~금) 09:00 ~ 18:00 | 또는 협의
합류 여정은 이렇게 진행돼요
ㆍ서류전형 > 1차 면접 (대면 또는 화상면접) > 합격자 발표 > 최종합격
ㆍ면접일정은 추후 통보됩니다.
지원 시 유의해주세요
허위사실이 발견될 경우 채용이 취소될 수 있습니다.","기업 정보
기업정보 더보기
사원수
50명 이하
기업구분
중소기업 (비상장)
산업(업종)
학원·어학원·교육원
지도보기
위치
서울 마포구 마포대로 109 (공덕동, 롯데캐슬프레지던트) 101동 3104호","{
  ""@context"": ""https://schema.org"",
  ""@type"": ""JobPosting"",
  ""title"": ""조기 유학 신입"",
  ""description"": ""㈜해외교육에서 정규직 신입 채용을 진행합니다. 근무지는 서울 마포구 백범로31길 8 (공덕동, 공덕SK리더스뷰)이며, 자세한 조건은 공고를 통해 확인할 수 있습니다."",
  ""datePosted"": ""2026-05-04"",
  ""validThrough"": ""2026-05-30T23:59"",
  ""employmentType"": [
    ""FULL_TIME"",
    ""CONTRACTOR""
  ],
  ""experienceRequirements"": ""신입"",
  ""educationRequirements"": ""초대졸 이상"",
  ""directApply"": true,
  ""hiringOrganization"": {
    ""@type"": ""Organization"",
    ""name"": ""㈜해외교육""
  },
  ""jobLocation"": {
    ""@type"": ""Place"",
    ""address"": {
      ""@type"": ""PostalAddress"",
      ""streetAddress"": ""서울 마포구 백범로31길 8 (공덕동, 공덕SK리더스뷰) 201동 432호""
    }
  },
  ""baseSalary"": {
    ""@type"": ""MonetaryAmount"",
    ""currency"": ""KRW"",
    ""value"": {
      ""@type"": ""QuantitativeValue"",
      ""unitText"": ""YEAR"",
      ""minValue"": 36000000,
      ""maxValue"": 57010000
    }
  },
  ""identifier"": {
    ""@type"": ""PropertyValue"",
    ""name"": ""JobKorea"",
    ""value"": ""49100222""
  },
  ""url"": ""https://www.jobkorea.co.kr/Recruit/GI_Read/49100222""
}",success,
애드민,https://www.jobkorea.co.kr/Recruit/GI_Read/49100223,"대한채권관리대부 대전센터 채권관리 채용
모집부문 및 자격요건
모집분야
업무내용
지원자격 및 우대사항
채권상담
(대전센터)
* NPL 채권관리 및 회수업무
- 채권추심 업무 (통화 및 법조치 등)
- 전산 입력 관리
- 법적절차 대상자 선별
- 채권 리스크 관리
※ 영업성 전화X
- 신입지원 가능
*대부업법 제9조의5(고용의 제한)에 의거한
채용 제한 대상자에 해당하지 않는 자
■ 우대사항
- 운전가능자 / 유관업무 경력자
- 엑셀사용 가능
- 보훈대상자, 국가유공자 및 장애인 관련 법에
의거하여 우대
근무조건
근무시간
주5일 (월~금) 09:00 ~ 18:00
급여
· 신입 연봉 3,000만원 (고정OT 22시간 포함)
·
경력자 면접 시 별도 협의
고용형태 &
근무기간
애드민 소속 파견계약직 1년근무
→ 업무 평가 후,
정규직 전환 가능
근무지
대전 중구 대종로 476 10층
복리후생
·
4대보험, 퇴직금, 연차 (수당)
· 매월 팀 회식비 지급
· 경조휴가, 경조비 지원
· 우수사원, 친절사원 표창 및 축하금 지급
· 장기근속자 포상제도 (모두투어 협약)
· 매주 금요일 캐주얼데이 운영
지원방법
전형절차
서류접수 → 면접 → 최종합격 → 입사
지원방법
온라인 지원 또는 이메일 접수, 간편지원서 작성
간편지원서 작성
채용문의
·
담당자 :
인재사업팀 담당자 이유주 주임
·
연락처 : 010-9438-9501
·
E-mail :
yjlee@admin4u.co.kr
당사
(
애드민
)
도급운영 및 영업관련 문의안내
→
본사 마케팅전략팀 담당자
: 070-8708-5316
당사(애드민) 근로자 파견 의뢰 및 사용 관련 문의안내
→본사 인재사업팀 담당자: 070-7872-9396
채용서류의 반환
- 제
11
조제5항에 따른 것으로, 최종합격자를 제외한 구직자가 채용서류의 반환을 청구하는 경우 기 제출한 채용서류를 반환받을 수 있습니다.
- 대상 : 기초심사자료(입사지원서, 자기소개서 등), 입증자료(장애인등록증, 취업지원대상자 또는 국민기초생활 수급자 확인서, 자격확인서 또는 자격증 사본, 어학성적표 등) 일체
- 단, 홈페이지 또는 전자우편으로 제출된 경우나 구직자가 자발적으로 제출한 경우는 제외
- 채용서류 반환 청구 : 서면 또는 전자적 방법 등에 따라 청구
- 청구방법 : 홈페이지
(
www.admin4u.co.kr
)
채용서류 반환청구서 활용(본인서명 필수)
- 채용서류 반환 : 반환 청구한 날부터
14
일 이내 반환
- 채용이 확정된 후
180
일까지 채용서류 보관 후 파기
- 채용서류의 반환에 소요되는 비용은 원칙적으로 회사가 부담","모집요강
모집분야
채권, NPL채권, 채권관리, 단기채권, 미납안내
모집인원
○
명
고용형태
파견직
(근무기간 1년, 정규직 전환 가능)
급여
연봉 3,000만원 이상
근무시간
주5일(월~금)
09:00 ~ 18:00
실근무기업
중소기업
(비상장)
근무지주소
대전 중구 대종로 476 (은행동, 카이마빌딩) 10층
지도보기
인근지하철

지원자격
경력
경력무관
학력
고졸이상
우대조건
기본우대
인근거주자, 유관업무 경력자(1년), 즉시출근 가능자, 장기근무 가능자

접수기간 · 방법
마감일은 기업의 사정으로 인해 조기 마감 또는 변경될 수 있습니다

기업 정보
기업정보 더보기
사원수
1,001 ~ 10,000명 이하
기업구분
중소기업 (비상장)
산업(업종)
콜센터·아웃소싱·기타
지도보기
위치
서울 송파구 올림픽로 98 (잠실동, 성진빌딩) 5층, 7층","{
  ""@context"": ""https://schema.org"",
  ""@type"": ""JobPosting"",
  ""title"": ""[중앙로역/주5일/신입가능] 대한채권관리대부 대전센터 채권관리팀 채용"",
  ""description"": ""애드민에서  경력무관 채용을 진행합니다. 근무지는 대전 중구 대종로 476 (은행동, 카이마빌딩)이며, 자세한 조건은 공고를 통해 확인할 수 있습니다."",
  ""datePosted"": ""2026-05-04"",
  ""validThrough"": ""2026-06-03T23:59"",
  ""employmentType"": ""TEMPORARY"",
  ""experienceRequirements"": ""경력무관"",
  ""educationRequirements"": ""고졸 이상"",
  ""directApply"": true,
  ""hiringOrganization"": {
    ""@type"": ""Organization"",
    ""name"": ""애드민""
  },
  ""jobLocation"": {
    ""@type"": ""Place"",
    ""address"": {
      ""@type"": ""PostalAddress"",
      ""streetAddress"": ""대전 중구 대종로 476 (은행동, 카이마빌딩) 10층""
    }
  },
  ""baseSalary"": {
    ""@type"": ""MonetaryAmount"",
    ""currency"": ""KRW"",
    ""value"": {
      ""@type"": ""QuantitativeValue"",
      ""value"": 30000000,
      ""unitText"": ""YEAR""
    }
  },
  ""identifier"": {
    ""@type"": ""PropertyValue"",
    ""name"": ""JobKorea"",
    ""value"": ""49100223""
  },
  ""url"": ""https://www.jobkorea.co.kr/Recruit/GI_Read/49100223""
}",success,
㈜하양,https://www.jobkorea.co.kr/Recruit/GI_Read/49100224,"(주) 김치타운 해썹 HACCP 경력직 채용
㈜하양
은 2016년에 설립된 회사로 자본금 6,000만원, 매출액 16억 4,495만원, 사원수 14명 규모의
                        중소기업입니다.
서울 광진구 광나루로56길 85 (구의동, 테크노-마트21)에 위치하고 있으며, 게임장사업을 하고 있습니다.
포지션 및 자격요건
채용분야 정보
모집부문
담당업무
자격요건 및 우대사항
모집인원
완구 및
영업 관리 사원
사무업무
매장관리
신규영업
[자격요건]
학력 : 학력무관
경력 : 경력무관
[우대사항]
즉시출근 가능자
[핵심역량]
꼼꼼함, 성실성,
계획성, 적응성, 협동심
[스킬]
1종보통운전면허
(0명)
복리후생
4대보험
노동절 휴무 / 정기휴가
주5일제
퇴직금
음료/간식 제공
전형절차
01
서류전형
02
면접
03
최종합격
* 면접일정은 추후 통보됩니다.
유의사항
허위사실이 발견될 경우 채용이 취소될 수 있습니다.","모집요강
모집분야
영업관리사원
모집인원
○
명
고용형태
정규직
(수습 3개월)
직급/직책
급여
회사 내규에 따름 (면접 후 결정)
근무시간
주5일(월~금)
09:00 ~ 18:00
근무지주소
경기 남양주시 별내면 송산로 401 (광전리) 1층
지도보기

지원자격
경력
경력무관
학력
학력무관
스킬
핵심역량
성실성
,
꼼꼼함
,
적응성
,
협동심
,
계획성
우대조건
기본우대
즉시출근 가능자

접수기간 · 방법
마감일은 기업의 사정으로 인해 조기 마감 또는 변경될 수 있습니다

기업 정보
기업정보 더보기
사원수
50명 이하
기업구분
중소기업 (비상장)
산업(업종)
기타 게임 소프트웨어 개발 및 공급업
지도보기
위치
경기 남양주시 진접읍 연평리 497-26","{
  ""@context"": ""https://schema.org"",
  ""@type"": ""JobPosting"",
  ""title"": ""완구 및 영업 관리 신입 및 경력 사원 모집"",
  ""description"": ""㈜하양에서 정규직 경력무관 채용을 진행합니다. 근무지는 경기 남양주시 별내면 송산로 401 (광전리)이며, 자세한 조건은 공고를 통해 확인할 수 있습니다."",
  ""datePosted"": ""2026-05-05"",
  ""validThrough"": ""2027-05-04T15:00"",
  ""employmentType"": ""FULL_TIME"",
  ""experienceRequirements"": ""경력무관"",
  ""educationRequirements"": ""학력무관"",
  ""directApply"": true,
  ""hiringOrganization"": {
    ""@type"": ""Organization"",
    ""name"": ""㈜하양""
  },
  ""jobLocation"": {
    ""@type"": ""Place"",
    ""address"": {
      ""@type"": ""PostalAddress"",
      ""streetAddress"": ""경기 남양주시 별내면 송산로 401 (광전리) 1층""
    }
  },
  ""identifier"": {
    ""@type"": ""PropertyValue"",
    ""name"": ""JobKorea"",
    ""value"": ""49100224""
  },
  ""url"": ""https://www.jobkorea.co.kr/Recruit/GI_Read/49100224""
}",success,
회계법인 창천 중부지점,https://www.jobkorea.co.kr/Recruit/GI_Read/49100225,"[회계법인 창천 중부지점] 노무사 모집
저희 회계법인 창천은 세무업무의 고도화를 위하여 끊임없이 노력하고 있으며,
현재 중부지점에는 공인회계사, 세무사를 포함하여 약 60명의 직원이 근무하고 있습니다.
전문적인 세무, 회계 서비스를 넘어 더욱 차별화된 노무 자문 및 컨설팅 서비스를 제공하고자 역량 있는 노무사님을 채용합니다.
단순한 자문을 넘어, 법인과 함께 새로운 비즈니스 모델을 구축하고 전문가로서 한 단계 더 도약할 열정적인 분들의 지원을 기다립니다.
포지션 및 자격요건
노무사
( 1명 )
주요업무
ㆍ노무 및 4대보험 자문 : 인사노무 법률 자문 및 4대보험 자문
ㆍ전문 컨설팅 수행 : 고객사 맞춤형 인사 제도 설계, 임금 체계 개편, 지원금 컨설팅 등
ㆍ노무 서비스 프로세스 구축 : 법인 내 노무 자문 서비스 고도화 및 운영 전략 수립
자격요건
ㆍ공인노무사 자격 소지자
ㆍ유관 경력 4년~6년 차로 실무 경험 풍부하신 분
ㆍ고객사의 니즈를 정확히 파악하고 실효성 있는 솔루션을 제안할 수 있는 분
ㆍ회사의 확장 방향에 공감하며 동반 성장을 추구하는 열린 마음을 가진 분
ㆍ수많은 고객사 및 내부 구성원과 원활하고 유연하게 소통하시는 분
ㆍ세무와 노무의 시너지를 통해 새로운 가치를 창출하는 것에 즐거움을 느끼시는 분
지원안내
ㆍ""영업 압박 없는 환경"" : 이미 확실한 인프라가 구축되어 있어, 밖에서 직접 영업을 뛰지 않아도 컨설팅 기회가 풍부합니다.
ㆍ""전문성 확장"" : 세무와 노무를 결합한 차별화된 전문가로 성장 가능
근무조건
ㆍ채용인원 : 1명
ㆍ고용형태 : 정규직
ㆍ출근 예정일 : 면접 후 결정(신규 채용으로 6월 초 예상)
ㆍ근무지 : 충남 천안시 동남구 통정1로 38-17, 3층
ㆍ근무시간 : 09:00 ~ 18:00 (주 5일 / 월~금)
ㆍ급여 : 연봉 5,000만원 + 성과급
전형절차
ㆍ서류전형 > 1차면접 > 최종합격
ㆍ제출서류 : 이력서 및 경력기술서, 자기소개서
ㆍ면접일정은 추후 통보됩니다.
유의사항
ㆍ허위사실이 발견될 경우 채용이 취소될 수 있습니다.","모집요강
모집분야
노무사
모집인원
1
명
고용형태
정규직
(수습 3개월)
,
계약직
(근무기간 2개월, 정규직 전환 가능)
급여
연봉 5,000만원 이상
근무시간
주5일(월~금)
09:00 ~ 18:00
근무지주소
충남 천안시 동남구 통정1로 38-17 (신방동) 대영빌딩 3층
지도보기

지원자격
경력
경력
(4년이상)
학력
대졸이상
스킬
핵심역량
성취지향성
,
꼼꼼함
,
적응성
,
성장지향성
,
성실성
우대조건
자격증

접수기간 · 방법
마감일은 기업의 사정으로 인해 조기 마감 또는 변경될 수 있습니다

기업 정보
기업정보 더보기
사원수
51 ~ 300명 이하
기업구분
중소기업 (비상장)
산업(업종)
회계·세무·법무
지도보기
위치
충남 천안시 동남구 통정1로 38-17 (신방동) 대영빌딩 3층","{
  ""@context"": ""https://schema.org"",
  ""@type"": ""JobPosting"",
  ""title"": ""[회계법인 창천 중부지점] 노무사 모집"",
  ""description"": ""회계법인 창천 중부지점에서 정규직 경력 채용을 진행합니다. 근무지는 충남 천안시 동남구 통정1로 38-17 (신방동)이며, 자세한 조건은 공고를 통해 확인할 수 있습니다."",
  ""datePosted"": ""2026-05-04"",
  ""validThrough"": ""2026-06-30T23:59"",
  ""employmentType"": [
    ""FULL_TIME"",
    ""CONTRACTOR""
  ],
  ""experienceRequirements"": ""경력"",
  ""educationRequirements"": ""대졸 이상"",
  ""directApply"": true,
  ""hiringOrganization"": {
    ""@type"": ""Organization"",
    ""name"": ""회계법인 창천 중부지점""
  },
  ""jobLocation"": {
    ""@type"": ""Place"",
    ""address"": {
      ""@type"": ""PostalAddress"",
      ""streetAddress"": ""충남 천안시 동남구 통정1로 38-17 (신방동) 대영빌딩 3층""
    }
  },
  ""baseSalary"": {
    ""@type"": ""MonetaryAmount"",
    ""currency"": ""KRW"",
    ""value"": {
      ""@type"": ""QuantitativeValue"",
      ""value"": 50000000,
      ""unitText"": ""YEAR""
    }
  },
  ""identifier"": {
    ""@type"": ""PropertyValue"",
    ""name"": ""JobKorea"",
    ""value"": ""49100225""
  },
  ""url"": ""https://www.jobkorea.co.kr/Recruit/GI_Read/49100225""
}",success,
올거나이즈코리아㈜,https://www.jobkorea.co.kr/Recruit/GI_Read/49100226,"올거나이즈코리아㈜를 소개해요
올거나이즈는 산업 특화 온프레미스 LLM 모델부터 Agent RAG, 노코드 LLM 앱 빌더 및 앱 마켓까지 LLM의 모든 것을  제공하는 LLM 올인원 솔루션 기업입니다.
한국, 일본, 미국에 글로벌 오피스를 두고 있는 올거나이즈는 시리즈 B까지 누적 3,500만 달러(약 468억 원)의 투자를 유치하였고
2024년 기준, 일본 'AI 앱 개발 로우코드·노코드 플랫폼' 부문에서 점유율과 매출 모두 1위를 기록,
2025년에는 과학기술정보통신부 주관 '독자 AI 파운데이션 모델 프로젝트'에 업스테이지와 함께 컨소시엄으로 최종 선정되어
대한민국 AI 기술의 글로벌 경쟁력 확보에 기여하고 있습니다.
현재 한국, 일본, 미국에서 300개 이상의 엔터프라이즈 기업 고객에게 서비스를 제공하고 있습니다.
[대표 고객사]
▷한국 KB증권, 하나은행, 하나증권, NH투자증권, 현대카드, LH공사, SK케미칼, 한화생명, 유한킴벌리, 대구시청, 안성시청, 포천시청, 대우건설, 이노션
▷일본 미쓰이스미토모은행(SMBC)금융그룹, 도쿄 메트로(Tokyo Metro), 가오(KAO), 엔티티 도코모(NTT docomo), 이온(AEON), 니토리(NITORI), 다이와 증권(Daiwa Securities), 에이엔에이(전일본공수·ANA), 일본항공(JAL), 케이디디아이(KDDI)
▷미국 트래블러스, 오클라호마州정부(OKLAHOMA) 등
[업무소개]
Field Engineer는  올거나이즈의  제품을  기업 고객사들의  on-prem 환경에서 성공적으로 배포하고  관리하기  위해, 개별  고객 환경에 맞춘  관리 방안을  제시하고  이를 전담하여  운영합니다.
이런 업무를 해요
ㆍ고객 환경에 맞춘  On-premise  기반의  제품 인프라 구축  및 운영,  관리를  담당합니다.
ㆍOn-premise 환경에서의  장애 대응  및  해결과 이를 예방하기  위한 시스템  모니터링을 구축합니다.
ㆍOn-premise 배포 환경을 위한 보안 정책 및 절차를 구현합니다.
ㆍOn-premise 배포를 위한 메뉴얼 및 기술 문서를 작성하고 관리합니다.
ㆍ필요시에는 인프라팀 뿐만 아니라, 세일즈팀등 다양한 팀과 협력하여 배포과정과 운영과정에서 일어나는 이슈를 식별하고 신속하게 대처합니다.
ㆍ인프라팀과 고객에게 프로젝트 진행 상황을 주기적으로 공유하고, 필요한 정보를 제공합니다.
이런 분들을 찾고 있어요
ㆍ학력 : 대졸이상
ㆍ3년 이상의 On-premise 기반 솔루션 배포 및 관리 경험
ㆍkubernetes, helm chart 개발(또는 디버깅) 경험
ㆍ제한된 네트워크 환경 (Air-gapped, 망분리, 프라이빗 클라우드)에서의 시스템 구축 및 트러블슈팅 경험
ㆍ서버, 스토리지, 네트워크 시스템에 대한 깊은 지식
ㆍ가상화 기술 및 Linux, Windows 서버 운영에 대한 지식
ㆍ커뮤니케이션 및 문서작성 능력이 뛰어난 분
ㆍ다양한 종류의 고객사(공공기관, 대기업, 스타트업 등)를 대상으로 IT 또는 AI 프로젝트(데이터 구축 프로젝트 제외)  경험이 있으신 분
이런 분이면 더 좋아요
※ 산업기능요원 전직 및 보충역 편입 가능(전공학과 또는 경력 2년 이상)
ㆍAI 산업 및 기술 동향에 대한 이해도와 지속적인 학습 의지가 있는 분
ㆍ스타트업 근무 경험이 있는 분
ㆍ비즈니스 수준에서 영어 또는 일본어로 소통이 가능하신 분
[채용절차]
ㆍ서류검토 -> 1차 인터뷰 -> 2차 인터뷰 -> 레퍼런스체크(Optional) -> 처우 협의 후 Offer letter 전달
ㆍ서류검토 단계에서 필요 시 코딩테스트 및 AI 전화 인터뷰가 진행될 수 있습니다.
ㆍ인터뷰는 비대면(화상회의)으로 진행됩니다. (CEO 인터뷰의 경우 대면으로도 진행 가능)
이런 기술이 필요해요
Python
xNIX
이런 조건에서 근무할 예정이에요
ㆍ고용 형태 : 정규직
ㆍ근무지 주소 : 서울 강남구 테헤란로20길 5 (역삼동, 삼한빌딩) 4층
지도보기
함께하면 이런 점들이 좋아요
[글로벌 인재로 성장할 수 있는 기회]
ㆍ미국 휴스턴, 실리콘 밸리, 일본 도쿄 그리고 인도의 멤버들과 일할 수 있는 글로벌 업무 환경을 제공해드려요.
ㆍ조직 목표 달성시 글로벌팀이 한자리에 모이는 Global Offsite를 운영하고 있어요.(태국 파타야, 필리핀 세부 등 진행)
[자율적이고 업무 몰입을 돕는 근무 환경]
ㆍ근무시간은 9시 - 6시가 기본이지만 상황에 맞게 유연한 출/퇴근이 가능해요.
ㆍ고사양의 노트북과 모니터를 지원해드려요. 그 외에도 필요한 장비를 적극 지원해드리고 있어요.
ㆍ점심 식사 비용을 지원하며, 야근 시 저녁 식사 비용도 함께 지원해드립니다. (모바일 식권 이용)
ㆍ당 떨어지는 일 없도록, 사무실에는 항시 간식을 구비하고 있어요.
[그 외에 제공 해드리는 것들]
ㆍ설과 추석에는 명절 선물을 지급해드려요.
ㆍ종합 건강 검진을 지원해드려요.
ㆍ연차 외 유급 병가제도와 연말 약 1주 간의 전사 Off기간을 운영하고 있어요.
합류 여정은 이렇게 진행돼요
ㆍ면접일정은 추후 통보됩니다.
지원 시 유의해주세요
허위사실이 발견될 경우 채용이 취소될 수 있습니다.","기업 정보
기업정보 더보기
사원수
50명 이하
기업구분
중소기업 (비상장)
산업(업종)
데이터베이스 및 온라인정보 제공업
지도보기
위치
서울 강남구 테헤란로20길 5 (역삼동, 삼한빌딩) 4, 5층","{
  ""@context"": ""https://schema.org"",
  ""@type"": ""JobPosting"",
  ""title"": ""[KR] Field Engineer(FDPE)"",
  ""description"": ""올거나이즈코리아㈜에서 정규직 경력 채용을 진행합니다. 근무지는 서울 강남구 테헤란로20길 5 (역삼동, 삼한빌딩)이며, 자세한 조건은 공고를 통해 확인할 수 있습니다."",
  ""datePosted"": ""2026-05-04"",
  ""validThrough"": ""2026-06-03T23:59"",
  ""employmentType"": ""FULL_TIME"",
  ""experienceRequirements"": ""경력"",
  ""educationRequirements"": ""대졸 이상"",
  ""directApply"": true,
  ""hiringOrganization"": {
    ""@type"": ""Organization"",
    ""name"": ""올거나이즈코리아㈜""
  },
  ""jobLocation"": {
    ""@type"": ""Place"",
    ""address"": {
      ""@type"": ""PostalAddress"",
      ""streetAddress"": ""서울 강남구 테헤란로20길 5 (역삼동, 삼한빌딩) 4층""
    }
  },
  ""baseSalary"": {
    ""@type"": ""MonetaryAmount"",
    ""currency"": ""KRW"",
    ""value"": {
      ""@type"": ""QuantitativeValue"",
      ""unitText"": ""YEAR"",
      ""minValue"": 40000000,
      ""maxValue"": 100010000
    }
  },
  ""identifier"": {
    ""@type"": ""PropertyValue"",
    ""name"": ""JobKorea"",
    ""value"": ""49100226""
  },
  ""url"": ""https://www.jobkorea.co.kr/Recruit/GI_Read/49100226""
}",success,
삼양라운드힐㈜,https://www.jobkorea.co.kr/Recruit/GI_Read/49100227,"삼양라운드힐㈜
[삼양라운드힐] 매장 담당 채용
삼양라운드힐㈜는 1972년에 설립된 회사로 사원수 41명 규모의 대기업 계열사·자회사입니다. 강원 평창군 대관령면 꽃밭양지길 708-9 (횡계리, 대관령목장)에 위치하고 있으며, 젖소사육업, 관광업사업을 하고 있습니다.
포지션 및 자격요건
매장 매니저
( ○명 )
담당업무
ㆍ삼양라운드힐 내 매장 운영 관련 사항 (판매, 재고, 발주관리)
ㆍ외부 판매 거래처 납품 및 계약 협의 등
ㆍ기타 매장 관리에 대한 사무 업무
스킬
ㆍ1종보통운전면허
핵심역량
ㆍ
성실성,
꼼꼼함,
성취지향성, 협동심, 성장지향성
자격요건
ㆍ학력 : 학력무관
ㆍ경력 : 경력무관
우대사항
ㆍ지방근무 가능자
ㆍ기숙사 생활가능자
ㆍ유관업무 경험자(인턴·알바)
ㆍ유관업무 경력자
ㆍ장기근무 가능자
전형절차
ㆍ서류전형 > 1차면접 > 최종합격
ㆍ면접일정은 추후 통보됩니다.
유의사항
ㆍ허위사실이 발견될 경우 채용이 취소될 수 있습니다.","모집요강
모집분야
매장 매니저
모집인원
○
명
고용형태
정규직
직급/직책
급여
회사 내규에 따름 (면접 후 결정)
근무시간
주5일, 스케줄에 따른 휴무 (평일)
08:30 ~ 17:30
근무지주소
강원 평창군 대관령면 꽃밭양지길 708-9 (횡계리, 대관령목장) 삼양라운드힐 주식회사
지도보기

지원자격
경력
경력무관
학력
학력무관
스킬
핵심역량
성실성
,
꼼꼼함
,
협동심
,
성장지향성
,
성취지향성
우대조건
기본우대
유관업무 경험자(인턴·알바), 지방근무 가능자, 유관업무 경력자, 기숙사 생활가능자, 장기근무 가능자

접수기간 · 방법
마감일은 기업의 사정으로 인해 조기 마감 또는 변경될 수 있습니다

기업 정보
기업정보 더보기
사원수
50명 이하
기업구분
대기업 계열사·자회사 (비상장)
산업(업종)
농축산·어업·임업
지도보기
위치
강원 평창군 대관령면 꽃밭양지길 708-9 (횡계리, 대관령목장) 삼양라운드힐 주식회사","{
  ""@context"": ""https://schema.org"",
  ""@type"": ""JobPosting"",
  ""title"": ""[삼양라운드힐] 매장 담당 채용"",
  ""description"": ""삼양라운드힐㈜에서 정규직 경력무관 채용을 진행합니다. 근무지는 강원 평창군 대관령면 꽃밭양지길 708-9 (횡계리, 대관령목장)이며, 자세한 조건은 공고를 통해 확인할 수 있습니다."",
  ""datePosted"": ""2026-05-04"",
  ""validThrough"": ""2026-07-03T23:59"",
  ""employmentType"": ""FULL_TIME"",
  ""experienceRequirements"": ""경력무관"",
  ""educationRequirements"": ""학력무관"",
  ""directApply"": true,
  ""hiringOrganization"": {
    ""@type"": ""Organization"",
    ""name"": ""삼양라운드힐㈜""
  },
  ""jobLocation"": {
    ""@type"": ""Place"",
    ""address"": {
      ""@type"": ""PostalAddress"",
      ""streetAddress"": ""강원 평창군 대관령면 꽃밭양지길 708-9 (횡계리, 대관령목장) 삼양라운드힐 주식회사""
    }
  },
  ""identifier"": {
    ""@type"": ""PropertyValue"",
    ""name"": ""JobKorea"",
    ""value"": ""49100227""
  },
  ""url"": ""https://www.jobkorea.co.kr/Recruit/GI_Read/49100227""
}",success,
㈜프람트테크놀로지,https://www.jobkorea.co.kr/Recruit/GI_Read/49100228,"㈜프람트테크놀로지
공공사업 고객센터 API 업무
㈜프람트테크놀로지는 2011년에 설립된 회사로 자본금 6,000만원, 매출액 48억 5,443만원, 사원수 40명 규모의 중소기업입니다. 서울 강남구 논현로81길 12 (역삼동)에 위치하고 있으며, 소프트웨어 개발, 모바일웹/앱, 홈페이지 제작사업을 하고 있습니다.
포지션 및 자격요건
공공사업 고객센터 API 업무
( 1명 )
담당업무
ㆍ
공공사업 고객센터 API 업무
ㆍ
엑셀활용 능력
ㆍ
API와 링크에 대한 용어 이해필요
ㆍ
콜센터 상담업무
스킬
ㆍMicrosoft Office, 컴퓨터활용능력, 한컴
핵심역량
ㆍ
성실성,
꼼꼼함,
스트레스관리,
적응성, 협동심
자격요건
ㆍ학력 : 학력무관
ㆍ경력 : 경력무관
전형절차
ㆍ서류전형 > 1차면접 >  최종합격
ㆍ면접일정은 추후 통보됩니다.
유의사항
ㆍ허위사실이 발견될 경우 채용이 취소될 수 있습니다.","모집요강
모집분야
공공사업 고객센터 API 업무
모집인원
1
명
고용형태
계약직
(근무기간 7개월)
급여
회사 내규에 따름 (면접 후 결정)
근무시간
주5일(월~금)
09:00 ~ 18:00
근무지주소
서울 종로구 인사동5길 25 (인사동, 하나로빌딩)
지도보기
인근지하철

지원자격
경력
경력무관
학력
학력무관
스킬
핵심역량
성실성
,
꼼꼼함
,
스트레스관리
,
적응성
,
협동심

접수기간 · 방법
마감일은 기업의 사정으로 인해 조기 마감 또는 변경될 수 있습니다

기업 정보
기업정보 더보기
사원수
50명 이하
기업구분
중소기업 (비상장)
산업(업종)
응용 소프트웨어 개발 및 공급업
지도보기
위치
서울 강남구 논현로81길 12 (역삼동) 조앤리빌딩 2층","{
  ""@context"": ""https://schema.org"",
  ""@type"": ""JobPosting"",
  ""title"": ""공공사업 고객센터 API 업무"",
  ""description"": ""㈜프람트테크놀로지에서 계약직 경력무관 채용을 진행합니다. 근무지는 서울 종로구 인사동5길 25 (인사동, 하나로빌딩)이며, 자세한 조건은 공고를 통해 확인할 수 있습니다."",
  ""datePosted"": ""2026-05-04"",
  ""validThrough"": ""2026-05-22T23:59"",
  ""employmentType"": ""CONTRACTOR"",
  ""experienceRequirements"": ""경력무관"",
  ""educationRequirements"": ""학력무관"",
  ""directApply"": true,
  ""hiringOrganization"": {
    ""@type"": ""Organization"",
    ""name"": ""㈜프람트테크놀로지""
  },
  ""jobLocation"": {
    ""@type"": ""Place"",
    ""address"": {
      ""@type"": ""PostalAddress"",
      ""streetAddress"": ""서울 종로구 인사동5길 25 (인사동, 하나로빌딩) ""
    }
  },
  ""identifier"": {
    ""@type"": ""PropertyValue"",
    ""name"": ""JobKorea"",
    ""value"": ""49100228""
  },
  ""url"": ""https://www.jobkorea.co.kr/Recruit/GI_Read/49100228""
}",success,
근로복지공단,https://www.jobkorea.co.kr/Recruit/GI_Read/49100229,"근로복지공단
채용제목을 입력해주세요
※ 자세한 상세요강은 반드시 채용 홈페이지에서 직접 확인해 주시기 바랍니다.","모집요강
모집분야
간병인
모집인원
○
명
고용형태
계약직
급여
회사 내규에 따름
근무지주소
전남 순천시 조례1길 24 (조례동, 순천병원)
지도보기

지원자격
경력
신입

접수기간 · 방법
마감일은 기업의 사정으로 인해 조기 마감 또는 변경될 수 있습니다

기업 정보
기업정보 더보기
사원수
10,001명 이상
기업구분
공공기관 (-)
산업(업종)
보건 및 복지 행정
위치
울산광역시 중구 종가로 340  (교동) 근로복지공단","{
  ""@context"": ""https://schema.org"",
  ""@type"": ""JobPosting"",
  ""title"": ""[순천병원] 공무직(간병인) 채용"",
  ""description"": ""근로복지공단에서 계약직 신입 채용을 진행합니다. 근무지는 전남 순천시 조례1길 24 (조례동, 순천병원)이며, 자세한 조건은 공고를 통해 확인할 수 있습니다."",
  ""datePosted"": ""2026-04-30"",
  ""validThrough"": ""2026-05-07T17:30"",
  ""employmentType"": ""CONTRACTOR"",
  ""experienceRequirements"": ""신입"",
  ""educationRequirements"": ""학력무관"",
  ""directApply"": true,
  ""hiringOrganization"": {
    ""@type"": ""Organization"",
    ""name"": ""근로복지공단""
  },
  ""jobLocation"": {
    ""@type"": ""Place"",
    ""address"": {
      ""@type"": ""PostalAddress"",
      ""streetAddress"": ""전남 순천시 조례1길 24 (조례동, 순천병원) ""
    }
  },
  ""identifier"": {
    ""@type"": ""PropertyValue"",
    ""name"": ""JobKorea"",
    ""value"": ""49100229""
  },
  ""url"": ""https://www.jobkorea.co.kr/Recruit/GI_Read/49100229""
}",success,
㈜웹젠,https://www.jobkorea.co.kr/Recruit/GI_Read/49100230,"㈜웹젠
[웹젠크레빅스] 배경모델러(경력)
""디지털 시대의 놀이 문화를 선도하는 기업"" 디지털 엔터테인먼트를 창조하는 기업으로서 ㈜웹젠은 게임의
 작품성을 결정하는 주요 기술인 디자인, 클라이언트, 서버 부문에서 국내 최고를 자랑하고 있습니다. 
㈜웹젠의 기술력은 3D 온라인게임 리더 ‘뮤’의 개발과 퍼블리싱을 통해 입증되었으며, 이러한 기술력과
 마케팅력을 바탕으로 국내 시장을 넘어 세계 시장에서 인정받는 게임회사로의 성장을 목표로 하고 있습니다. 

㈜웹젠이 서비스하고 있는 온라인게임 ‘뮤’, 썬, C9은 기술적으로 한국 온라인게임의 수준을 한 단계 
끌어올렸으며, 해외 온라인게임 시장에서도 강한 주목을 받아 한국 게임소프트웨어 수출 사상 최고의 
대우를 받으며 해외시장에 진출한 바 있습니다.
포지션 및 자격요건
3D배경모델러
( ○명 )
담당업무
- 3D 배경 환경 구성 및 에셋 제작
- 리소스 최적화
자격요건
-
관련 실무 경력 3년 이상 또는 이에 준하는
역량 보유자
- PBR 텍스처링 및 손맵에 대한 이해와 적용
경험이 있는 분
- 3Ds Max(또는 Blender), ZBrush,
Substance Painter, Photoshop 등 주요 툴
활용이 가능한 분
- 컨셉 분석 능력 및 Stylized 배경 제작에 대한
이해도가 높은 분
- 리소스 최적화 및 관리가 가능한 분
우대사항
- Unreal Engine 5 기반 게임 상용화 경험이
있는 분
- 게임 개발 초기 세팅 경험이 있는 분
- 배경 구성 및 레벨 제작이 가능한 분
- 배경 프랍 애니메이션 제작 경험이 있는 분
- 라이팅, 환경 세팅 및 머터리얼에 대한
이해도가 높은 분
- Substance Designer 활용이 가능한 분
전형절차
ㆍ서류전형 > 실무면접 > 인성검사 > 임원면접 > 최종합격
ㆍ면접일정은 추후 통보됩니다.
기타
- 수시채용은 공고 게시 중에도 전형이 진행되오니 이점 유의하시어 지원 바랍니다.
- 서류전형 통과자에 한하여 개별적으로 일정 안내를 드립니다.
- 장애인, 국가보훈대상자는 관련법규에 의거하여 우대합니다.
- 채용이 완료되거나 채용에 적합한 지원자가 없을 시 공고가 마감될 수 있습니다.
- 전형에 따라 필기 테스트가 진행될 수 있습니다.
- 업무 특성상 추가 과제 요청이 있을 수 있습니다.","모집요강
모집분야
게임디자인
모집인원
○
명
고용형태
정규직
급여
회사 내규에 따름
근무지주소
경기 성남시 분당구 판교로 242 (삼평동) 판교디지털센터 B동
지도보기

지원자격
경력
경력
학력
학력무관
스킬

접수기간 · 방법
마감일은 기업의 사정으로 인해 조기 마감 또는 변경될 수 있습니다

기업 정보
기업정보 더보기
사원수
501 ~ 1,000명 이하
기업구분
중견기업 (코스닥 상장)
산업(업종)
게임·애니메이션
지도보기
위치
경기 성남시 분당구 판교로 242 (삼평동) 판교디지털센터 B동","{
  ""@context"": ""https://schema.org"",
  ""@type"": ""JobPosting"",
  ""title"": ""[웹젠크레빅스] 3D배경모델러(경력)"",
  ""description"": ""㈜웹젠에서 정규직 경력 채용을 진행합니다. 근무지는 경기 성남시 분당구 판교로 242 (삼평동)이며, 자세한 조건은 공고를 통해 확인할 수 있습니다."",
  ""datePosted"": ""2026-05-04"",
  ""validThrough"": ""2026-06-30T23:59"",
  ""employmentType"": ""FULL_TIME"",
  ""experienceRequirements"": ""경력"",
  ""educationRequirements"": ""학력무관"",
  ""directApply"": true,
  ""hiringOrganization"": {
    ""@type"": ""Organization"",
    ""name"": ""㈜웹젠""
  },
  ""jobLocation"": {
    ""@type"": ""Place"",
    ""address"": {
      ""@type"": ""PostalAddress"",
      ""streetAddress"": ""경기 성남시 분당구 판교로 242 (삼평동) 판교디지털센터 B동""
    }
  },
  ""identifier"": {
    ""@type"": ""PropertyValue"",
    ""name"": ""JobKorea"",
    ""value"": ""49100230""
  },
  ""url"": ""https://www.jobkorea.co.kr/Recruit/GI_Read/49100230""
}",success,
이정㈜,https://www.jobkorea.co.kr/Recruit/GI_Read/49100231,"이정㈜
ABS도어 발포문틀 제작 생산직 모집
이정㈜는 2020년에 설립된 회사로 자본금 3억원, 매출액 13억 4,625만원, 사원수 7명 규모의 중소기업입니다. 경기 화성시 서신면 제부로 1070-7 (상안리)에 위치하고 있으며, ABS도어 세트 제조사업을 하고 있습니다.
포지션 및 자격요건
ABS도어 세트 제작 생산직 모집
( ○명 )
담당업무
ㆍABS도어 세트제작 생산
자격요건
ㆍ학력 : 학력무관
ㆍ경력 : 경력무관
우대사항
ㆍ인근거주자
ㆍ즉시출근 가능자
ㆍ장기근무 가능자
전형절차
ㆍ서류전형 > 면접 > 최종합격
ㆍ면접일정은 추후 통보됩니다.
유의사항
ㆍ허위사실이 발견될 경우 채용이 취소될 수 있습니다.","모집요강
모집분야
ABS도어 세트 제작 생산직 모집
모집인원
○
명
고용형태
정규직
급여
연봉 3,700만원 이상
근무시간
주5일(월~금)
08:30 ~ 17:30
근무지주소
경기 화성시 서신면 제부로 1070-7 (상안리) 이정주식회사
지도보기

지원자격
경력
경력무관
학력
학력무관
우대조건
기본우대
인근거주자, 즉시출근 가능자, 장기근무 가능자

접수기간 · 방법
마감일은 기업의 사정으로 인해 조기 마감 또는 변경될 수 있습니다

기업 정보
기업정보 더보기
사원수
50명 이하
기업구분
중소기업 (비상장)
산업(업종)
합성수지 및 기타 플라스틱 물질 제조업
지도보기
위치
경기 화성시 서신면 제부로 1070-7 (상안리) 이정주식회사","{
  ""@context"": ""https://schema.org"",
  ""@type"": ""JobPosting"",
  ""title"": ""ABS도어 발포문틀 제작 생산직 모집"",
  ""description"": ""이정㈜에서 정규직 경력무관 채용을 진행합니다. 근무지는 경기 화성시 서신면 제부로 1070-7 (상안리)이며, 자세한 조건은 공고를 통해 확인할 수 있습니다."",
  ""datePosted"": ""2026-05-04"",
  ""validThrough"": ""2026-05-10T23:59"",
  ""employmentType"": ""FULL_TIME"",
  ""experienceRequirements"": ""경력무관"",
  ""educationRequirements"": ""학력무관"",
  ""directApply"": true,
  ""hiringOrganization"": {
    ""@type"": ""Organization"",
    ""name"": ""이정㈜""
  },
  ""jobLocation"": {
    ""@type"": ""Place"",
    ""address"": {
      ""@type"": ""PostalAddress"",
      ""streetAddress"": ""경기 화성시 서신면 제부로 1070-7 (상안리) 이정주식회사""
    }
  },
  ""baseSalary"": {
    ""@type"": ""MonetaryAmount"",
    ""currency"": ""KRW"",
    ""value"": {
      ""@type"": ""QuantitativeValue"",
      ""value"": 37000000,
      ""unitText"": ""YEAR""
    }
  },
  ""identifier"": {
    ""@type"": ""PropertyValue"",
    ""name"": ""JobKorea"",
    ""value"": ""49100231""
  },
  ""url"": ""https://www.jobkorea.co.kr/Recruit/GI_Read/49100231""
}",success,
㈜콘크리트파머스,https://www.jobkorea.co.kr/Recruit/GI_Read/49100232,"CCFM 채용 홈페이지 바로가기
CCFM 유튜브 바로가기","모집요강
모집분야
재무회계
모집인원
○
명
고용형태
계약직
(근무기간 3개월, 정규직 전환 가능)
급여
회사 내규에 따름 (면접 후 결정)
근무시간
주5일(월~금)
10:00 ~ 19:00
근무지주소
서울 금천구 디지털로9길 65 (가산동, 백상스타타워1차) 1301호
지도보기
인근지하철

지원자격
경력
경력
(2년이상)
학력
학력무관
스킬
우대조건
기본우대
엑셀 고급능력 보유자

접수기간 · 방법
마감일은 기업의 사정으로 인해 조기 마감 또는 변경될 수 있습니다

기업 정보
기업정보 더보기
사원수
50명 이하
기업구분
중소기업 (비상장)
산업(업종)
광고·홍보·전시
지도보기
위치
서울 금천구 디지털로9길 65 (가산동, 백상스타타워1차) 1301호","{
  ""@context"": ""https://schema.org"",
  ""@type"": ""JobPosting"",
  ""title"": ""[경영관리실] 재무회계 담당자 주임/과장급 채용"",
  ""description"": ""㈜콘크리트파머스에서 계약직 경력 채용을 진행합니다. 근무지는 서울 금천구 디지털로9길 65 (가산동, 백상스타타워1차)이며, 자세한 조건은 공고를 통해 확인할 수 있습니다."",
  ""datePosted"": ""2026-05-04"",
  ""validThrough"": ""2026-06-03T23:59"",
  ""employmentType"": ""CONTRACTOR"",
  ""experienceRequirements"": ""경력"",
  ""educationRequirements"": ""학력무관"",
  ""directApply"": true,
  ""hiringOrganization"": {
    ""@type"": ""Organization"",
    ""name"": ""㈜콘크리트파머스""
  },
  ""jobLocation"": {
    ""@type"": ""Place"",
    ""address"": {
      ""@type"": ""PostalAddress"",
      ""streetAddress"": ""서울 금천구 디지털로9길 65 (가산동, 백상스타타워1차) 1301호""
    }
  },
  ""identifier"": {
    ""@type"": ""PropertyValue"",
    ""name"": ""JobKorea"",
    ""value"": ""49100232""
  },
  ""url"": ""https://www.jobkorea.co.kr/Recruit/GI_Read/49100232""
}",success,
(주)은성글로벌,https://www.jobkorea.co.kr/Recruit/GI_Read/49100233,"(주)은성글로벌
채용제목을 입력해주세요
포지션 및 자격요건
학술팀
( 0명 )
담당업무
ㆍ제품소개서(PT) 및 제품관련 문서작성
ㆍ타사 제품 조사 및 시장분석
ㆍ영문 논문 서치 및 정리
ㆍ영업지원 및 마케팅 지원자료(내, 외부)
ㆍ기기 유효성 테스트 (Before & After 등)
자격요건
ㆍ학력 : 4년제졸 이상(석사 우대)
ㆍ경력 : 유관 경력 3년 이상(대리급)
필수사항
ㆍ해외출장 결격사유 없는자
우대사항
ㆍ미용의료기기업 or 의료기기업 인허가 경험자 우대
ㆍ미용 시술이 가능한 분(피부미용자격증소지자)
ㆍ의사소통 원할하고 긍정적인 마인드 소유자
근무지
ㆍ서울 가산디지털단지 내
전형절차
ㆍ서류전형 > 1차면접  > 임원면접 > 최종합격
ㆍ면접일정은 추후 통보됩니다.
유의사항
ㆍ허위사실이 발견될 경우 채용이 취소될 수 있습니다.
복리후생","모집요강
모집분야
학술
모집인원
○
명
고용형태
정규직
급여
회사 내규에 따름 (면접 후 결정)
근무시간
주5일(월~금)
09:00 ~ 18:00
근무지주소
서울 금천구 가산디지털1로 145 (가산동, 에이스하이엔드타워3차) 1701~1702호
지도보기
인근지하철

지원자격
경력
경력
(3년이상)
학력
대졸이상

접수기간 · 방법
마감일은 기업의 사정으로 인해 조기 마감 또는 변경될 수 있습니다

기업 정보
기업정보 더보기
사원수
51 ~ 300명 이하
기업구분
중소기업 (비상장)
산업(업종)
제약·보건·바이오
지도보기
위치
강원 원주시 지정면 기업도시로 120 (가곡리) 은성글로벌","{
  ""@context"": ""https://schema.org"",
  ""@type"": ""JobPosting"",
  ""title"": ""미용의료기기 학술 담담자 모집"",
  ""description"": ""(주)은성글로벌에서 정규직 경력 채용을 진행합니다. 근무지는 서울 금천구 가산디지털1로 145 (가산동, 에이스하이엔드타워3차)이며, 자세한 조건은 공고를 통해 확인할 수 있습니다."",
  ""datePosted"": ""2026-05-04"",
  ""validThrough"": ""2026-07-03T23:59"",
  ""employmentType"": ""FULL_TIME"",
  ""experienceRequirements"": ""경력"",
  ""educationRequirements"": ""대졸 이상"",
  ""directApply"": true,
  ""hiringOrganization"": {
    ""@type"": ""Organization"",
    ""name"": ""(주)은성글로벌""
  },
  ""jobLocation"": {
    ""@type"": ""Place"",
    ""address"": {
      ""@type"": ""PostalAddress"",
      ""streetAddress"": ""서울 금천구 가산디지털1로 145 (가산동, 에이스하이엔드타워3차) 1701~1702호""
    }
  },
  ""identifier"": {
    ""@type"": ""PropertyValue"",
    ""name"": ""JobKorea"",
    ""value"": ""49100233""
  },
  ""url"": ""https://www.jobkorea.co.kr/Recruit/GI_Read/49100233""
}",success,
㈜신건,https://www.jobkorea.co.kr/Recruit/GI_Read/49100234,,"모집요강
모집분야
쿠팡 생수 배송
모집인원
○○
명
고용형태
정규직
,
계약직
,
프리랜서
직급/직책
급여
월급 500~700만원
근무시간
주6일(월~토)
11:00 ~ 18:00
탄력근무제

지원자격
경력
경력무관
학력
학력무관
우대조건
기본우대
운전가능자
자격증

접수기간 · 방법
마감일은 기업의 사정으로 인해 조기 마감 또는 변경될 수 있습니다

기업 정보
기업정보 더보기
사원수
301 ~ 500명 이하
기업구분
중소기업 (비상장)
산업(업종)
화물운송 중개, 대리 및 관련 서비스업
지도보기
위치
서울 강남구 선릉로 703 (논현동, HS TOWER) 12층","{
  ""@context"": ""https://schema.org"",
  ""@type"": ""JobPosting"",
  ""title"": ""쿠팡 생수 전담 대구, 경남 배송직원 채용공고"",
  ""description"": ""㈜신건에서 정규직 경력무관 채용을 진행합니다. 근무지는 이며, 자세한 조건은 공고를 통해 확인할 수 있습니다."",
  ""datePosted"": ""2026-05-04"",
  ""validThrough"": ""2027-05-03T15:00"",
  ""employmentType"": [
    ""FULL_TIME"",
    ""CONTRACTOR"",
    ""CONTRACTOR""
  ],
  ""experienceRequirements"": ""경력무관"",
  ""educationRequirements"": ""학력무관"",
  ""directApply"": true,
  ""hiringOrganization"": {
    ""@type"": ""Organization"",
    ""name"": ""㈜신건""
  },
  ""jobLocation"": {
    ""@type"": ""Place"",
    ""address"": {
      ""@type"": ""PostalAddress""
    }
  },
  ""baseSalary"": {
    ""@type"": ""MonetaryAmount"",
    ""currency"": ""KRW"",
    ""value"": {
      ""@type"": ""QuantitativeValue"",
      ""unitText"": ""MONTH"",
      ""minValue"": 5000000,
      ""maxValue"": 7010000
    }
  },
  ""identifier"": {
    ""@type"": ""PropertyValue"",
    ""name"": ""JobKorea"",
    ""value"": ""49100234""
  },
  ""url"": ""https://www.jobkorea.co.kr/Recruit/GI_Read/49100234""
}",success,
㈜신건,https://www.jobkorea.co.kr/Recruit/GI_Read/49100235,,"모집요강
모집분야
쿠팡 생수 배송
모집인원
○○
명
고용형태
정규직
,
계약직
,
프리랜서
직급/직책
급여
월급 500~700만원
근무시간
주6일(월~토)
11:00 ~ 18:00
탄력근무제

지원자격
경력
경력무관
학력
학력무관
우대조건
기본우대
운전가능자
자격증

접수기간 · 방법
마감일은 기업의 사정으로 인해 조기 마감 또는 변경될 수 있습니다

기업 정보
기업정보 더보기
사원수
301 ~ 500명 이하
기업구분
중소기업 (비상장)
산업(업종)
화물운송 중개, 대리 및 관련 서비스업
지도보기
위치
서울 강남구 선릉로 703 (논현동, HS TOWER) 12층","{
  ""@context"": ""https://schema.org"",
  ""@type"": ""JobPosting"",
  ""title"": ""쿠팡 생수 전담 인천 대전 경북 배송직원 채용공고"",
  ""description"": ""㈜신건에서 정규직 경력무관 채용을 진행합니다. 근무지는 이며, 자세한 조건은 공고를 통해 확인할 수 있습니다."",
  ""datePosted"": ""2026-05-04"",
  ""validThrough"": ""2027-05-03T15:00"",
  ""employmentType"": [
    ""FULL_TIME"",
    ""CONTRACTOR"",
    ""CONTRACTOR""
  ],
  ""experienceRequirements"": ""경력무관"",
  ""educationRequirements"": ""학력무관"",
  ""directApply"": true,
  ""hiringOrganization"": {
    ""@type"": ""Organization"",
    ""name"": ""㈜신건""
  },
  ""jobLocation"": {
    ""@type"": ""Place"",
    ""address"": {
      ""@type"": ""PostalAddress""
    }
  },
  ""baseSalary"": {
    ""@type"": ""MonetaryAmount"",
    ""currency"": ""KRW"",
    ""value"": {
      ""@type"": ""QuantitativeValue"",
      ""unitText"": ""MONTH"",
      ""minValue"": 5000000,
      ""maxValue"": 7010000
    }
  },
  ""identifier"": {
    ""@type"": ""PropertyValue"",
    ""name"": ""JobKorea"",
    ""value"": ""49100235""
  },
  ""url"": ""https://www.jobkorea.co.kr/Recruit/GI_Read/49100235""
}",success,
㈜신건,https://www.jobkorea.co.kr/Recruit/GI_Read/49100236,,"모집요강
모집분야
쿠팡 생수 배송
모집인원
○○
명
고용형태
정규직
,
계약직
,
프리랜서
직급/직책
급여
월급 500~700만원
근무시간
주6일(월~토)
11:00 ~ 18:00
탄력근무제

지원자격
경력
경력무관
학력
학력무관
우대조건
기본우대
운전가능자
자격증

접수기간 · 방법
마감일은 기업의 사정으로 인해 조기 마감 또는 변경될 수 있습니다

기업 정보
기업정보 더보기
사원수
301 ~ 500명 이하
기업구분
중소기업 (비상장)
산업(업종)
화물운송 중개, 대리 및 관련 서비스업
지도보기
위치
서울 강남구 선릉로 703 (논현동, HS TOWER) 12층","{
  ""@context"": ""https://schema.org"",
  ""@type"": ""JobPosting"",
  ""title"": ""쿠팡 생수 전담 울산 강원 제주 세종 부산 배송직원 채용공고"",
  ""description"": ""㈜신건에서 정규직 경력무관 채용을 진행합니다. 근무지는 이며, 자세한 조건은 공고를 통해 확인할 수 있습니다."",
  ""datePosted"": ""2026-05-04"",
  ""validThrough"": ""2027-05-03T15:00"",
  ""employmentType"": [
    ""FULL_TIME"",
    ""CONTRACTOR"",
    ""CONTRACTOR""
  ],
  ""experienceRequirements"": ""경력무관"",
  ""educationRequirements"": ""학력무관"",
  ""directApply"": true,
  ""hiringOrganization"": {
    ""@type"": ""Organization"",
    ""name"": ""㈜신건""
  },
  ""jobLocation"": {
    ""@type"": ""Place"",
    ""address"": {
      ""@type"": ""PostalAddress""
    }
  },
  ""baseSalary"": {
    ""@type"": ""MonetaryAmount"",
    ""currency"": ""KRW"",
    ""value"": {
      ""@type"": ""QuantitativeValue"",
      ""unitText"": ""MONTH"",
      ""minValue"": 5000000,
      ""maxValue"": 7010000
    }
  },
  ""identifier"": {
    ""@type"": ""PropertyValue"",
    ""name"": ""JobKorea"",
    ""value"": ""49100236""
  },
  ""url"": ""https://www.jobkorea.co.kr/Recruit/GI_Read/49100236""
}",success,
테고사이언스㈜,https://www.jobkorea.co.kr/Recruit/GI_Read/49100237,,"모집요강
모집분야
박사급 연구원
모집인원
○
명
고용형태
정규직
(수습 3개월)
직급/직책
급여
회사 내규에 따름 (면접 후 결정)
근무시간
주5일(월~금)
09:00 ~ 18:00
근무지주소
서울 강서구 마곡중앙8로 93 (마곡동, 테고사이언스) _
지도보기
인근지하철

지원자격
경력
경력
(3년이상)
학력
대학원(박사)이상
핵심역량
성실성
,
성취지향성
,
꼼꼼함
,
적응성
,
협동심
,
스트레스관리
,
윤리의식
,
자존감

접수기간 · 방법
마감일은 기업의 사정으로 인해 조기 마감 또는 변경될 수 있습니다

기업 정보
기업정보 더보기
사원수
50명 이하
기업구분
벤처기업 (코스닥 상장)
산업(업종)
제약·보건·바이오
지도보기
위치
서울 강서구 마곡중앙8로 93 (마곡동, 테고사이언스) _","{
  ""@context"": ""https://schema.org"",
  ""@type"": ""JobPosting"",
  ""title"": ""[테고사이언스] 기업부설연구소 박사급 연구원 채용 공고"",
  ""description"": ""테고사이언스㈜에서 정규직 경력 채용을 진행합니다. 근무지는 서울 강서구 마곡중앙8로 93 (마곡동, 테고사이언스)이며, 자세한 조건은 공고를 통해 확인할 수 있습니다."",
  ""datePosted"": ""2026-05-04"",
  ""validThrough"": ""2026-05-31T23:59"",
  ""employmentType"": ""FULL_TIME"",
  ""experienceRequirements"": ""경력"",
  ""educationRequirements"": ""대학원(박사) 이상"",
  ""directApply"": true,
  ""hiringOrganization"": {
    ""@type"": ""Organization"",
    ""name"": ""테고사이언스㈜""
  },
  ""jobLocation"": {
    ""@type"": ""Place"",
    ""address"": {
      ""@type"": ""PostalAddress"",
      ""streetAddress"": ""서울 강서구 마곡중앙8로 93 (마곡동, 테고사이언스) _""
    }
  },
  ""identifier"": {
    ""@type"": ""PropertyValue"",
    ""name"": ""JobKorea"",
    ""value"": ""49100237""
  },
  ""url"": ""https://www.jobkorea.co.kr/Recruit/GI_Read/49100237""
}",success,
㈜신건,https://www.jobkorea.co.kr/Recruit/GI_Read/49100238,,"모집요강
모집분야
쿠팡 생수 배송
모집인원
○○
명
고용형태
정규직
,
계약직
,
프리랜서
직급/직책
급여
월급 500~700만원
근무시간
주6일(월~토)
11:00 ~ 18:00
탄력근무제

지원자격
경력
경력무관
학력
학력무관
우대조건
기본우대
운전가능자
자격증

접수기간 · 방법
마감일은 기업의 사정으로 인해 조기 마감 또는 변경될 수 있습니다

기업 정보
기업정보 더보기
사원수
301 ~ 500명 이하
기업구분
중소기업 (비상장)
산업(업종)
화물운송 중개, 대리 및 관련 서비스업
지도보기
위치
서울 강남구 선릉로 703 (논현동, HS TOWER) 12층","{
  ""@context"": ""https://schema.org"",
  ""@type"": ""JobPosting"",
  ""title"": ""쿠팡 생수 전담 광주 전북 전남 충북 배송 직원 채용공고"",
  ""description"": ""㈜신건에서 정규직 경력무관 채용을 진행합니다. 근무지는 이며, 자세한 조건은 공고를 통해 확인할 수 있습니다."",
  ""datePosted"": ""2026-05-04"",
  ""validThrough"": ""2027-05-03T15:00"",
  ""employmentType"": [
    ""FULL_TIME"",
    ""CONTRACTOR"",
    ""CONTRACTOR""
  ],
  ""experienceRequirements"": ""경력무관"",
  ""educationRequirements"": ""학력무관"",
  ""directApply"": true,
  ""hiringOrganization"": {
    ""@type"": ""Organization"",
    ""name"": ""㈜신건""
  },
  ""jobLocation"": {
    ""@type"": ""Place"",
    ""address"": {
      ""@type"": ""PostalAddress""
    }
  },
  ""baseSalary"": {
    ""@type"": ""MonetaryAmount"",
    ""currency"": ""KRW"",
    ""value"": {
      ""@type"": ""QuantitativeValue"",
      ""unitText"": ""MONTH"",
      ""minValue"": 5000000,
      ""maxValue"": 7010000
    }
  },
  ""identifier"": {
    ""@type"": ""PropertyValue"",
    ""name"": ""JobKorea"",
    ""value"": ""49100238""
  },
  ""url"": ""https://www.jobkorea.co.kr/Recruit/GI_Read/49100238""
}",success,
,https://www.jobkorea.co.kr/Recruit/GI_Read/49100239,,,,fail,HTTP status code 404
㈜신건,https://www.jobkorea.co.kr/Recruit/GI_Read/49100240,,"모집요강
모집분야
쿠팡 생수 배송
모집인원
○○
명
고용형태
정규직
,
계약직
,
프리랜서
직급/직책
급여
월급 500~700만원
근무시간
주6일(월~토)
11:00 ~ 18:00
탄력근무제

지원자격
경력
경력무관
학력
학력무관
우대조건
기본우대
운전가능자
자격증

접수기간 · 방법
마감일은 기업의 사정으로 인해 조기 마감 또는 변경될 수 있습니다

기업 정보
기업정보 더보기
사원수
301 ~ 500명 이하
기업구분
중소기업 (비상장)
산업(업종)
화물운송 중개, 대리 및 관련 서비스업
지도보기
위치
서울 강남구 선릉로 703 (논현동, HS TOWER) 12층","{
  ""@context"": ""https://schema.org"",
  ""@type"": ""JobPosting"",
  ""title"": ""쿠팡 생수 전담 부산광역시 배송직원 채용 공고"",
  ""description"": ""㈜신건에서 정규직 경력무관 채용을 진행합니다. 근무지는 이며, 자세한 조건은 공고를 통해 확인할 수 있습니다."",
  ""datePosted"": ""2026-05-04"",
  ""validThrough"": ""2027-05-03T15:00"",
  ""employmentType"": [
    ""FULL_TIME"",
    ""CONTRACTOR"",
    ""CONTRACTOR""
  ],
  ""experienceRequirements"": ""경력무관"",
  ""educationRequirements"": ""학력무관"",
  ""directApply"": true,
  ""hiringOrganization"": {
    ""@type"": ""Organization"",
    ""name"": ""㈜신건""
  },
  ""jobLocation"": {
    ""@type"": ""Place"",
    ""address"": {
      ""@type"": ""PostalAddress""
    }
  },
  ""baseSalary"": {
    ""@type"": ""MonetaryAmount"",
    ""currency"": ""KRW"",
    ""value"": {
      ""@type"": ""QuantitativeValue"",
      ""unitText"": ""MONTH"",
      ""minValue"": 5000000,
      ""maxValue"": 7010000
    }
  },
  ""identifier"": {
    ""@type"": ""PropertyValue"",
    ""name"": ""JobKorea"",
    ""value"": ""49100240""
  },
  ""url"": ""https://www.jobkorea.co.kr/Recruit/GI_Read/49100240""
}",success,
㈜국민유통,https://www.jobkorea.co.kr/Recruit/GI_Read/49100241,"㈜국민유통
(주)국민유통에서
쇼핑몰 오픈마켓 MD 를 모집합니다.
㈜국민유통은 2015년에 설립된 회사로 자본금 1억 2,000만원, 매출액 11억 6,942만원, 사원수 4명 규모의 중소기업입니다. 경북 칠곡군 지천면 송정중리3길 9-17 (송정리)에 위치하고 있으며, 오픈마켓운영 및 쇼핑몰관리 소셜커머스 관리사업을 하고 있습니다.
포지션 및 자격요건
쇼핑몰 MD
( 1명 )
담당업무
ㆍ온라인 상품 기획/운영/광고 관리
ㆍ상품 소싱 및 판매 데이터 분석 / 개선 / 프로모션 기획
ㆍ상세페이지 구성 및 품질관리 업무 등 전반적인 MD업무
스킬
ㆍPLAYAUTO, 워드프레스, 운전면허, Photoshop Express, Microsoft Office, 한컴, 컴퓨터활용능력 등..
핵심역량
ㆍ
메타인지,
성취지향성,
계획성,
성실성,
적응성, 꼼꼼함, 윤리의식, 성장지향성, 협동심
자격요건
ㆍ학력 : 학력무관
ㆍ경력 : 신입·경력1년↑
우대사항
ㆍ컴퓨터활용능력 우수자
ㆍ엑셀 고급능력 보유자
ㆍ통계분석·리서치 능숙자
ㆍ운전가능자
ㆍ유관업무 경험자(인턴·알바)
ㆍ유관업무 경력자 (1년)
ㆍ차량소지자
ㆍ인근거주자
ㆍ관련 자격증 보유자
ㆍ포토샵 능숙자
전형절차
ㆍ서류전형 > 1차면접 >  최종합격
ㆍ면접일정은 추후 통보됩니다.
유의사항
ㆍ허위사실이 발견될 경우 채용이 취소될 수 있습니다.","모집요강
모집분야
쇼핑몰 MD
모집인원
1
명
고용형태
정규직
(수습 3개월)
직급/직책
급여
월급 216~300만원 (면접 후 결정)
근무시간
주5일(월~금)
09:30 ~ 17:30
근무지주소
경북 칠곡군 지천면 송정중리3길 9-17 (송정리) 주식회사 국민유통
지도보기

지원자격
경력
신입·경력
(1년이상)
학력
학력무관
스킬
핵심역량
계획성
,
성실성
,
성취지향성
,
메타인지
,
성장지향성
,
꼼꼼함
,
윤리의식
,
적응성
,
협동심
우대조건
기본우대
인근거주자, 컴퓨터활용능력 우수자, 차량소지자, 운전가능자, 통계분석·리서치 능숙자, 유관업무 경험자(인턴·알바), 엑셀 고급능력 보유자, 포토샵 능숙자, 관련 자격증 보유자, 유관업무 경력자(1년)

접수기간 · 방법
마감일은 기업의 사정으로 인해 조기 마감 또는 변경될 수 있습니다

기업 정보
기업정보 더보기
사원수
50명 이하
기업구분
중소기업 (비상장)
산업(업종)
침구 및 관련제품 제조업
지도보기
위치
경북 칠곡군 지천면 송정중리3길 9-17 (송정리) 주식회사 국민유통","{
  ""@context"": ""https://schema.org"",
  ""@type"": ""JobPosting"",
  ""title"": ""(주)국민유통에서 쇼핑몰 오픈마켓 MD 를 모집합니다."",
  ""description"": ""㈜국민유통에서 정규직 신입·경력 채용을 진행합니다. 근무지는 경북 칠곡군 지천면 송정중리3길 9-17 (송정리)이며, 자세한 조건은 공고를 통해 확인할 수 있습니다."",
  ""datePosted"": ""2026-05-04"",
  ""validThrough"": ""2026-06-03T23:59"",
  ""employmentType"": ""FULL_TIME"",
  ""experienceRequirements"": ""신입·경력"",
  ""educationRequirements"": ""학력무관"",
  ""directApply"": true,
  ""hiringOrganization"": {
    ""@type"": ""Organization"",
    ""name"": ""㈜국민유통""
  },
  ""jobLocation"": {
    ""@type"": ""Place"",
    ""address"": {
      ""@type"": ""PostalAddress"",
      ""streetAddress"": ""경북 칠곡군 지천면 송정중리3길 9-17 (송정리) 주식회사 국민유통""
    }
  },
  ""baseSalary"": {
    ""@type"": ""MonetaryAmount"",
    ""currency"": ""KRW"",
    ""value"": {
      ""@type"": ""QuantitativeValue"",
      ""unitText"": ""MONTH"",
      ""minValue"": 2160000,
      ""maxValue"": 3010000
    }
  },
  ""identifier"": {
    ""@type"": ""PropertyValue"",
    ""name"": ""JobKorea"",
    ""value"": ""49100241""
  },
  ""url"": ""https://www.jobkorea.co.kr/Recruit/GI_Read/49100241""
}",success,
,https://www.jobkorea.co.kr/Recruit/GI_Read/49100242,,,,fail,HTTP status code 404
㈜딥다이브(Deepdive Inc.),https://www.jobkorea.co.kr/Recruit/GI_Read/49100243,"㈜딥다이브(Deepdive Inc.)를 소개해요
새 시대의 고객이 열렬히 사랑하는 브랜드 스튜디오, 딥다이브
[Brand]
Verish
압도적인 제품력을 바탕으로 선도적인 브랜딩을 전개하며 차별화된 언더웨어와 패션을 선보입니다.
prika
브랜드의 경쟁력과 스토리를 기반으로 온오프라인 유통, 콘텐츠, 해외 수출까지 아우르는 통합 솔루션을 제공합니다.
[Why DEEPDIVE]
ONE OF A KIND PLAYSTYLE
경쟁에서 이기지 않습니다. 독보적으로 앞서갑니다.
딥다이브는 남다른 도전들로 시장의 형식을 파괴해왔습니다.
2021년 '왜'라는 질문에서 시작된 베리시는 모두가 똑같은 Body Positive를 외치는 시장에서
유일하게 촉감주의 FEEL을 표방하며 2030 여성에게 압도적인 지지를 받아왔습니다.
신성을 넘어 한국 속옷의 새로운 기준이 된 지금도 앞서나가기 위한 전쟁을 거듭합니다.
이러한 딥다이브만의 고유한 정신은 브랜드 가치를 강화하는 근간이 되며 시장에서 독보적인 위치를 선점하여 독창적인 플레이를 선보일 수 있게 합니다.
PROFESSIONAL SPORTS TEAM
몰입의 힘으로 새로운 가치를 함께 창조합니다.
딥다이브의 성장은 결코 우연이 아닙니다. 고객, 임팩트, 조직에 대한 깊은 몰입이 있었기에 가능했습니다.
팀 딥다이브는 몰입의 과정을 진정으로 즐깁니다. 자율 속에서 프로답게 일하며 팀의 승리만을 목표로 합니다.
늘 경기의 목적을 꿰뚫고, 서로의 역할을 명확히 하며, 동료를 믿고 내 책임을 다합니다.
팀 딥다이브가 공유하는 가장 강력한 특성 '몰입'
이 몰입의 힘으로 더 치열하고 복잡한 상황을 마주하더라도 각자의 자리에서 최고의 플레이를 펼치며 끝내 함께 승리합니다.
OUTSTANDING GROWTH
가볍고 빠른 실행으로 전례없는 성장을 이어갑니다.
딥다이브는 완벽한 계획이 아닌 가볍고 빠른 실행에서 더 많은 것을 배웠습니다.
잘못된 길에 오래 머무르지 않기 위해 많은 일을 빨리 끝내는 것보다큰 문제를 잘게 나누고 그 가능성을 가볍고 빠르게 검증하는 것을 선택했습니다.
이 방식은 실패 비용을 줄이고 배움의 속도를 높이며 딥다이브를 가파른 성장으로 이끌었습니다.
지금도 유효하고 앞으로도 유효할 이 방식으로, 누구도 발견하지 못한 가능성을 먼저 검증하고 정답 없는 문제의 답을 빠르게 만들어 내며 전례없는 성장을 이어갑니다.
[Objective]
2026년, 딥다이브는 또 한 번의 새로운 도약을 앞두고 있습니다.
ㆍApparel 카테고리 확장
ㆍ감각적인 커뮤니케이션을 담은 오프라인 공간
ㆍ독보적인 브랜드 아이덴티티와 파트너십을 통한 글로벌 진출
이 여정에서 최고의 브랜드를 함께 만들어갈 진짜 브랜더들을 찾습니다.
[함께하게 될 팀 소개]
|  국내 1위를 넘어 글로벌 브랜드로, 베리시의 퀀텀 점프를 이끌어갑니다.
베리시는 한국 이너웨어 시장의 게임체인저로서,
매출액 기준 2023년 300억, 2024년 600억, 2025년 900억 규모로 가파른 성장을 거듭하고 있습니다.
또한 이너웨어 시장에서의 성공에 안주하지 않고, 글로벌/오프라인/제품 전 영역에서의 공격적인 확장을 진행 중입니다.
우연의 성공이 아닌, 우리만의 성공 공식을 만들고 그 성공을 반복할 수 있는 강한 조직에 합류하고 싶다면 망설일 필요가 없습니다.
글로벌 패션/라이프스타일 시장에 미친 임팩트를 남기고 싶은 분들에게 가슴 뛰는 일들이 기다리고 있습니다.
|  상품기획 및 비즈니스를 설계합니다.
철저한 고객 중심 마인드로 고객의 욕망을 캐치하고, 베리시는 고객의 필요와 욕망을 가장 빠르게 읽고 제품화합니다.
VOC를 통해 전달되는 맥락 뿐 아니라, 고객이 직접 알려주지 않는 필요와 욕망도 읽어낼 수 있어야 합니다.
브랜드 정체성에 기반해 제품을 설계하고,
정체성이라는 핵심 가치를 기반으로 감도 높은 제품을 만들어낼 수 있어야 합니다.
베리시는 두 가지 명확한 정체성을 가지고 있습니다.
ㆍ일상에 존재하는 모든 불편들을 공기처럼 편안한 자연스러움으로 바꿔내는 기능적 솔루션
ㆍ나의 자신감에 영향을 미치는 근본적 요인들을 극적으로 개선하는 심미적 솔루션
도전적이지만 효율적으로 포트폴리오를 확장합니다.
브랜드 정체성에서 읽을 수 있듯, 이너웨어에서 패션으로, 패션에서 라이프스타일로, 우리의 제품 확장성은 무궁무진합니다.
제품 확장의 과정에서 마주할 수많은 허들을 기꺼이 넘어낼 수 있는 마인드와 강력한 실행이 필요합니다.
도전의 과정은 뜨겁지만, 동시에 전략적인 계획을 바탕으로 가장 효율적인 방법과 프로세스를 찾아낼 수 있어야 합니다.
* 2026년 6월 성수로 사옥 이전 될 예정입니다.
https://deep-dive.career.greetinghr.com/ko/home
이런 업무를 해요
ㆍ중장기 브랜드 전략에 얼라인된 제품 상위 계획 수립 및 실행
ㆍ제품 상위 계획 실행을 위한 하위 MDP(Merchandising Deployment Plan) 수립 및 실행
ㆍSCM, 세일즈, 마케팅, 브랜딩 등 유관 부서와의 협업 및 커뮤니케이션 리딩
이런 분들을 찾고 있어요
ㆍ학력 : 학력무관
ㆍ패션 브랜드 BM (Brand Manager) 혹은 상품기획 총괄 경력자 (최소 7년 이상 선호)
ㆍ개인 취향이 아닌, 사업 전략과 비즈니스 환경에 최적화된 브랜드 관점으로 사고하시는 분
ㆍ빠른 제품 확장 환경에서 우선순위를 명확히 설정하고, 유관 부서 협업을 리딩할 수 있는 분
ㆍ체계적인 MDP 시스템 구축 및 운영 경험이 있는 분
ㆍ상품 전략 수립부터 출시 이후 운영까지 전 과정 경험 보유
이런 분이면 더 좋아요
ㆍ감도 높은 여성 패션 브랜드 경험이 있으신 분
ㆍ연매출 1,000억 원 이상 규모 브랜드 경험이 있으신 분
ㆍ카테고리 관점의 급격한 확장을 리딩해본 경험이 있으신 분
ㆍ조직 간 협업 및 커뮤니케이션 역량이 뛰어나신 분
ㆍ데이터 기반으로 문제를 정의하고 개선한 경험이 있으신 분
* 상황에 따라 서류 전형 이후 커피챗이 추가될 수 있습니다.
이런 조건에서 근무할 예정이에요
ㆍ고용 형태 : 정규직(수습 3개월)
ㆍ근무지 주소 : 서울 성동구 성수동2가 324-2 무신사성수S1 8-11층
지도보기
ㆍ근무 요일/시간 : 주5일(월~금) 10:00 ~ 19:00
함께하면 이런 점들이 좋아요
[WORK]
ㆍ9시~10시 유연근무제
ㆍ점심 식대 15,000원 지원
ㆍ개인에게 최적화된 업무 장비 지원
ㆍ무제한 스낵바
[LIFE]
ㆍ리프레시 휴가 지원 (5년 간 1년 단위로 최대 휴가 10일/ 휴가비 300만원)
ㆍ연 1회 본인 및 가족 1인 종합건강검진 및 휴가 지원
ㆍ경조 휴가 및 경조비, 경조 물품 지원
ㆍ생일 상품권 및 반차 지원
[SKILL]
ㆍ월 3만원 도서 구매 지원
ㆍ전사 구독 서비스 지원
ㆍ직무 역량 향상을 위한 필수 교육 지원
ㆍ리더십 및 팀 빌딩 스킬 향상을 위한 교육 지원
[CULTURE]
ㆍ월 1회 전사 밍글링 해피리빙데이
ㆍ명절 선물 상품권 지급
ㆍ상시 할인가 20% 및 월 10만원 제품 포인트 지원
이외에도 다이버의 몰입을 위한 복지와 문화가 발전되고 있어요!
합류 여정은 이렇게 진행돼요
ㆍ서류 전형 ＞ 인터뷰 ＞ 레퍼런스 체크 ＞ 최종 합격
ㆍ면접일정은 추후 통보됩니다.
지원 시 유의해주세요
허위사실이 발견될 경우 채용이 취소될 수 있습니다.","기업 정보
기업정보 더보기
사원수
51 ~ 300명 이하
기업구분
중소기업 (비상장)
산업(업종)
속옷 및 잠옷 제조업
지도보기
위치
서울 성동구 성수이로 62 (성수동2가, 무신사성수S1) 8-11층","{
  ""@context"": ""https://schema.org"",
  ""@type"": ""JobPosting"",
  ""title"": ""(베리시) 상품기획실 실장"",
  ""description"": ""㈜딥다이브(Deepdive Inc.)에서 정규직 경력 채용을 진행합니다. 근무지는 서울 성동구 성수동2가이며, 자세한 조건은 공고를 통해 확인할 수 있습니다."",
  ""datePosted"": ""2026-05-04"",
  ""validThrough"": ""2026-07-03T23:59"",
  ""employmentType"": ""FULL_TIME"",
  ""experienceRequirements"": ""경력"",
  ""educationRequirements"": ""학력무관"",
  ""directApply"": true,
  ""hiringOrganization"": {
    ""@type"": ""Organization"",
    ""name"": ""㈜딥다이브(Deepdive Inc.)""
  },
  ""jobLocation"": {
    ""@type"": ""Place"",
    ""address"": {
      ""@type"": ""PostalAddress"",
      ""streetAddress"": ""서울 성동구 성수동2가 324-2 무신사성수S1 8-11층""
    }
  },
  ""baseSalary"": {
    ""@type"": ""MonetaryAmount"",
    ""currency"": ""KRW"",
    ""value"": {
      ""@type"": ""QuantitativeValue"",
      ""unitText"": ""YEAR"",
      ""minValue"": 60000000,
      ""maxValue"": 80010000
    }
  },
  ""identifier"": {
    ""@type"": ""PropertyValue"",
    ""name"": ""JobKorea"",
    ""value"": ""49100243""
  },
  ""url"": ""https://www.jobkorea.co.kr/Recruit/GI_Read/49100243""
}",success,
갤러리아팰리스 입주자대표회의,https://www.jobkorea.co.kr/Recruit/GI_Read/49100244,"갤러리아팰리스 입주자대표회의
특급소방대리(선임조건)-3교대 근무(주간,당직,휴무)
갤러리아팰리스 입주자대표회의는 2005년에 설립된 회사로 사원수 50명 규모의 중소기업입니다. 서울 송파구 올림픽로 212 (잠실동, 갤러리아팰리스)에 위치하고 있으며, 건물관리사업을 하고 있습니다.
포지션 및 자격요건
특급소방-선임조건
( 1명 )
담당업무
ㆍ상세내용을 입력하세요
ㆍ상세내용을 입력하세요
스킬
ㆍ특급소방안전관리자
핵심역량
ㆍ
성실성,
협동심,
계획성, 성취지향성, 적응성
자격요건
ㆍ학력 : 고졸이상
ㆍ경력 : 경력무관
우대사항
ㆍ자격증 : 소방안전관리자 특급
3교대
( 1명 )
담당업무
ㆍ상세내용을 입력하세요
ㆍ상세내용을 입력하세요
스킬
ㆍ특급소방안전관리자
핵심역량
ㆍ
성실성,
협동심,
계획성, 성취지향성, 적응성
자격요건
ㆍ학력 : 고졸이상
ㆍ경력 : 경력무관
우대사항
ㆍ자격증 : 소방안전관리자 특급
전형절차
ㆍ서류전형 > 1차면접 > 2차면접 > 임원면접 > 최종합격
ㆍ면접일정은 추후 통보됩니다.
유의사항
ㆍ허위사실이 발견될 경우 채용이 취소될 수 있습니다.","모집요강
모집분야
특급소방-선임조건,3교대
모집인원
1
명
고용형태
계약직
직급/직책
급여
월급 380만원 이상
근무시간
3교대(주간, 당직, 휴무)
09:00 ~ 18:00
근무지주소
서울 송파구 잠실3동 40번지 C동 1층 생활지원센터
지도보기
인근지하철

지원자격
경력
경력무관
학력
고졸이상
스킬
특급소방안전관리자
핵심역량
성실성
,
협동심
,
성취지향성
,
적응성
,
계획성
우대조건
자격증

접수기간 · 방법
마감일은 기업의 사정으로 인해 조기 마감 또는 변경될 수 있습니다

기업 정보
기업정보 더보기
사원수
50명 이하
기업구분
중소기업 (비상장)
산업(업종)
콜센터·아웃소싱·기타
지도보기
위치
서울 송파구 올림픽로 212 (잠실동, 갤러리아팰리스) C동 1층 생활지원센터","{
  ""@context"": ""https://schema.org"",
  ""@type"": ""JobPosting"",
  ""title"": ""특급소방대리(선임조건)-3교대 근무(주간,당직,휴무)"",
  ""description"": ""갤러리아팰리스 입주자대표회의에서 계약직 경력무관 채용을 진행합니다. 근무지는 서울 송파구 잠실3동이며, 자세한 조건은 공고를 통해 확인할 수 있습니다."",
  ""datePosted"": ""2026-05-04"",
  ""validThrough"": ""2026-06-03T23:59"",
  ""employmentType"": ""CONTRACTOR"",
  ""experienceRequirements"": ""경력무관"",
  ""educationRequirements"": ""고졸 이상"",
  ""directApply"": true,
  ""hiringOrganization"": {
    ""@type"": ""Organization"",
    ""name"": ""갤러리아팰리스 입주자대표회의""
  },
  ""jobLocation"": {
    ""@type"": ""Place"",
    ""address"": {
      ""@type"": ""PostalAddress"",
      ""streetAddress"": ""서울 송파구 잠실3동 40번지 C동 1층 생활지원센터""
    }
  },
  ""baseSalary"": {
    ""@type"": ""MonetaryAmount"",
    ""currency"": ""KRW"",
    ""value"": {
      ""@type"": ""QuantitativeValue"",
      ""value"": 3800000,
      ""unitText"": ""MONTH""
    }
  },
  ""identifier"": {
    ""@type"": ""PropertyValue"",
    ""name"": ""JobKorea"",
    ""value"": ""49100244""
  },
  ""url"": ""https://www.jobkorea.co.kr/Recruit/GI_Read/49100244""
}",success,
㈜중소기업경영지원단,https://www.jobkorea.co.kr/Recruit/GI_Read/49100245,"㈜중소기업경영지원단
중소기업 경영 컨설팅 및 자산 관리 전문가 모집
포지션 및 자격요건
기업금융컨설팅전문가
( ○명 )
담당업무
ㆍ기업(법인)과 소상공인을 대상으로 자산관리, 리스크관리,
ㆍ
세무, 노무 같은 경영 전반의 컨설팅을 제공
ㆍ법인의 비즈니스 파트너로로 맞춤형 재무 솔루션을 제공하는 `기업 금융 컨설팅 전문가`
ㆍ법인의 세금 절감, 장기적인 자산 운영 계획, 기업 리스크 방지 대책 등을 컨설팅
ㆍ
회사에서 지원하기 체계적인 교육 프로그램과 시스템 지원
핵심역량
ㆍ
성취지향성,
성실성, 적응성, 협동심, 성장지향성
자격요건
ㆍ학력 : 학력무관
ㆍ경력 : 경력무관
우대사항
ㆍ상세내용을 입력하세요
ㆍ상세내용을 입력하세요
전형절차
ㆍ서류전형 > 1차면접 > 2차면접 > 임원면접 > 최종합격
ㆍ면접일정은 추후 통보됩니다.
유의사항
ㆍ허위사실이 발견될 경우 채용이 취소될 수 있습니다.","모집요강
모집분야
기업금융컨설팅전문가
모집인원
○
명
고용형태
계약직
직급/직책
급여
월급 450~500만원 (면접 후 결정)
근무시간
주5일(월~금)
09:00 ~ 16:30
탄력근무제
근무지주소
경기 의정부시 평화로400번길 4 (호원동) 3층
지도보기
인근지하철

지원자격
경력
경력무관
학력
학력무관
핵심역량
성취지향성
,
적응성
,
협동심
,
성장지향성
,
성실성

접수기간 · 방법
마감일은 기업의 사정으로 인해 조기 마감 또는 변경될 수 있습니다

기업 정보
기업정보 더보기
사원수
-
기업구분
중소기업 (-)
산업(업종)
경영 컨설팅업
지도보기
위치
서울 영등포구 양산로 57-5 (양평동3가, 양평동 이노플렉스) 507","{
  ""@context"": ""https://schema.org"",
  ""@type"": ""JobPosting"",
  ""title"": ""중소기업 경영 컨설팅 및 자산 관리 전문가 모집"",
  ""description"": ""㈜중소기업경영지원단에서 계약직 경력무관 채용을 진행합니다. 근무지는 경기 의정부시 평화로400번길 4 (호원동)이며, 자세한 조건은 공고를 통해 확인할 수 있습니다."",
  ""datePosted"": ""2026-05-04"",
  ""validThrough"": ""2027-05-03T15:00"",
  ""employmentType"": ""CONTRACTOR"",
  ""experienceRequirements"": ""경력무관"",
  ""educationRequirements"": ""학력무관"",
  ""directApply"": true,
  ""hiringOrganization"": {
    ""@type"": ""Organization"",
    ""name"": ""㈜중소기업경영지원단""
  },
  ""jobLocation"": {
    ""@type"": ""Place"",
    ""address"": {
      ""@type"": ""PostalAddress"",
      ""streetAddress"": ""경기 의정부시 평화로400번길 4 (호원동) 3층""
    }
  },
  ""baseSalary"": {
    ""@type"": ""MonetaryAmount"",
    ""currency"": ""KRW"",
    ""value"": {
      ""@type"": ""QuantitativeValue"",
      ""unitText"": ""MONTH"",
      ""minValue"": 4500000,
      ""maxValue"": 5010000
    }
  },
  ""identifier"": {
    ""@type"": ""PropertyValue"",
    ""name"": ""JobKorea"",
    ""value"": ""49100245""
  },
  ""url"": ""https://www.jobkorea.co.kr/Recruit/GI_Read/49100245""
}",success,
보아즈(BOAZ),https://www.jobkorea.co.kr/Recruit/GI_Read/49100246,"보아즈(BOAZ)
채용제목을 입력해주세요
포지션 및 자격요건
포지션
( 1명 )
담당업무
ㆍ상세내용을 입력하세요
ㆍ상세내용을 입력하세요
자격요건
ㆍ학력 : 학력무관
우대사항
ㆍ상세내용을 입력하세요
ㆍ상세내용을 입력하세요
전형절차
ㆍ서류전형 > 1차면접 > 2차면접 > 임원면접 > 최종합격
ㆍ면접일정은 추후 통보됩니다.
유의사항
ㆍ허위사실이 발견될 경우 채용이 취소될 수 있습니다.","모집요강
모집분야
인테리어 현장 기사
모집인원
1
명
고용형태
계약직
(근무기간 12개월, 정규직 전환 가능)
직급/직책
급여
월급 220만원 이상
근무시간
주5일(월~금)
08:00 ~ 17:00
근무지주소
경기 하남시 미사강변한강로136번안길 9 (망월동, 다온) 1층
지도보기

지원자격
경력
신입
학력
학력무관

접수기간 · 방법
마감일은 기업의 사정으로 인해 조기 마감 또는 변경될 수 있습니다

기업 정보
기업정보 더보기
사원수
-
기업구분
중소기업 (비상장)
산업(업종)
인테리어·자재
지도보기
위치
경기 하남시 미사강변한강로136번안길 9 (망월동, 다온) 1층","{
  ""@context"": ""https://schema.org"",
  ""@type"": ""JobPosting"",
  ""title"": ""인테리어 현장 기사 구인합니다."",
  ""description"": ""보아즈(BOAZ)에서 계약직 신입 채용을 진행합니다. 근무지는 경기 하남시 미사강변한강로136번안길 9 (망월동, 다온)이며, 자세한 조건은 공고를 통해 확인할 수 있습니다."",
  ""datePosted"": ""2026-05-04"",
  ""validThrough"": ""2026-06-03T23:59"",
  ""employmentType"": ""CONTRACTOR"",
  ""experienceRequirements"": ""신입"",
  ""educationRequirements"": ""학력무관"",
  ""directApply"": true,
  ""hiringOrganization"": {
    ""@type"": ""Organization"",
    ""name"": ""보아즈(BOAZ)""
  },
  ""jobLocation"": {
    ""@type"": ""Place"",
    ""address"": {
      ""@type"": ""PostalAddress"",
      ""streetAddress"": ""경기 하남시 미사강변한강로136번안길 9 (망월동, 다온) 1층""
    }
  },
  ""baseSalary"": {
    ""@type"": ""MonetaryAmount"",
    ""currency"": ""KRW"",
    ""value"": {
      ""@type"": ""QuantitativeValue"",
      ""value"": 2200000,
      ""unitText"": ""MONTH""
    }
  },
  ""identifier"": {
    ""@type"": ""PropertyValue"",
    ""name"": ""JobKorea"",
    ""value"": ""49100246""
  },
  ""url"": ""https://www.jobkorea.co.kr/Recruit/GI_Read/49100246""
}",success,
애드민,https://www.jobkorea.co.kr/Recruit/GI_Read/49100247,,"모집요강
모집분야
충진포장
모집인원
5
명
고용형태
정규직
직급/직책
급여
월급 270~330만원
근무시간
주5일(월~금)
08:30 ~ 17:20, 17:30 ~ 02:20
주 2교대(주간/야간)
근무지주소
세종 전의면 산단길 22-17 (관정리)
지도보기

지원자격
경력
경력무관
학력
학력무관
우대조건
기본우대
장애인, 인근거주자, 보훈대상자, 2교대 근무 가능자, 야간근무 가능자, 즉시출근 가능자, 장기근무 가능자

접수기간 · 방법
마감일은 기업의 사정으로 인해 조기 마감 또는 변경될 수 있습니다

기업 정보
기업정보 더보기
사원수
1,001 ~ 10,000명 이하
기업구분
중소기업 (비상장)
산업(업종)
콜센터·아웃소싱·기타
지도보기
위치
서울 송파구 올림픽로 98 (잠실동, 성진빌딩) 5층, 7층","{
  ""@context"": ""https://schema.org"",
  ""@type"": ""JobPosting"",
  ""title"": ""[주간, 교대 /통근] 화장품 포장 업무 정규직 채용"",
  ""description"": ""애드민에서 정규직 경력무관 채용을 진행합니다. 근무지는 세종 전의면 산단길 22-17 (관정리)이며, 자세한 조건은 공고를 통해 확인할 수 있습니다."",
  ""datePosted"": ""2026-05-04"",
  ""validThrough"": ""2026-06-03T23:59"",
  ""employmentType"": ""FULL_TIME"",
  ""experienceRequirements"": ""경력무관"",
  ""educationRequirements"": ""학력무관"",
  ""directApply"": true,
  ""hiringOrganization"": {
    ""@type"": ""Organization"",
    ""name"": ""애드민""
  },
  ""jobLocation"": {
    ""@type"": ""Place"",
    ""address"": {
      ""@type"": ""PostalAddress"",
      ""streetAddress"": ""세종 전의면 산단길 22-17 (관정리) ""
    }
  },
  ""baseSalary"": {
    ""@type"": ""MonetaryAmount"",
    ""currency"": ""KRW"",
    ""value"": {
      ""@type"": ""QuantitativeValue"",
      ""unitText"": ""MONTH"",
      ""minValue"": 2700000,
      ""maxValue"": 3310000
    }
  },
  ""identifier"": {
    ""@type"": ""PropertyValue"",
    ""name"": ""JobKorea"",
    ""value"": ""49100247""
  },
  ""url"": ""https://www.jobkorea.co.kr/Recruit/GI_Read/49100247""
}",success,
,https://www.jobkorea.co.kr/Recruit/GI_Read/49100248,,,,fail,HTTP status code 404
전진티티에스,https://www.jobkorea.co.kr/Recruit/GI_Read/49100249,"전진티티에스
CNC선반 조작원 경력직
전진티티에스는 2009년에 설립된 회사로 중소기업입니다. 광주 광산구 진곡산단중앙로 245 (고룡동, (주)전진티티에스)에 위치하고 있으며, 공구제조업,무역업,기계공구,금형제조업, 일반철물 유통업사업을 하고 있습니다.
포지션 및 자격요건
CNC선반조작원 경력직 채용
( 1명 )
담당업무
ㆍCNC선반 오퍼레이팅 및 제반업무
스킬
ㆍCNC
핵심역량
ㆍ
성실성,
꼼꼼함, 윤리의식, 적응성, 협동심
자격요건
ㆍ학력 : 학력무관
ㆍ경력 : 경력5년↑
우대사항
ㆍNC데이터, CAM프로그램 활용가능자 우대
ㆍ장기근속가능자 우대
전형절차
ㆍ서류전형 > 임원면접 > 최종합격
ㆍ면접일정은 추후 통보됩니다.
유의사항
ㆍ허위사실이 발견될 경우 채용이 취소될 수 있습니다.","모집요강
모집분야
CNC선반조작원 경력직 채용
모집인원
1
명
고용형태
정규직
(수습 3개월)
급여
연봉 3,500~5,500만원 (면접 후 결정)
근무시간
주5일(월~금)
08:00 ~ 17:30
근무지주소
광주 광산구 진곡산단중앙로 245 (고룡동, (주)전진티티에스) 고룡동 1025
지도보기

지원자격
경력
경력
(5년이상)
학력
학력무관
스킬
핵심역량
성실성
,
꼼꼼함
,
윤리의식
,
적응성
,
협동심

접수기간 · 방법
마감일은 기업의 사정으로 인해 조기 마감 또는 변경될 수 있습니다

기업 정보
기업정보 더보기
사원수
50명 이하
기업구분
중소기업 (비상장)
산업(업종)
기계·기계설비
지도보기
위치
광주 광산구 진곡산단중앙로 245 (고룡동, (주)전진티티에스) 고룡동 1025","{
  ""@context"": ""https://schema.org"",
  ""@type"": ""JobPosting"",
  ""title"": ""CNC선반 조작원 경력직"",
  ""description"": ""전진티티에스에서 정규직 경력 채용을 진행합니다. 근무지는 광주 광산구 진곡산단중앙로 245 (고룡동, (주)전진티티에스)이며, 자세한 조건은 공고를 통해 확인할 수 있습니다."",
  ""datePosted"": ""2026-05-04"",
  ""validThrough"": ""2026-05-07T23:00"",
  ""employmentType"": ""FULL_TIME"",
  ""experienceRequirements"": ""경력"",
  ""educationRequirements"": ""학력무관"",
  ""directApply"": true,
  ""hiringOrganization"": {
    ""@type"": ""Organization"",
    ""name"": ""전진티티에스""
  },
  ""jobLocation"": {
    ""@type"": ""Place"",
    ""address"": {
      ""@type"": ""PostalAddress"",
      ""streetAddress"": ""광주 광산구 진곡산단중앙로 245 (고룡동, (주)전진티티에스) 고룡동 1025""
    }
  },
  ""baseSalary"": {
    ""@type"": ""MonetaryAmount"",
    ""currency"": ""KRW"",
    ""value"": {
      ""@type"": ""QuantitativeValue"",
      ""unitText"": ""YEAR"",
      ""minValue"": 35000000,
      ""maxValue"": 55010000
    }
  },
  ""identifier"": {
    ""@type"": ""PropertyValue"",
    ""name"": ""JobKorea"",
    ""value"": ""49100249""
  },
  ""url"": ""https://www.jobkorea.co.kr/Recruit/GI_Read/49100249""
}",success,
검색,https://www.jobkorea.co.kr/Recruit/GI_Read/49100250,"㈜에이스파트너스서치펌
제주 5성 글로벌 체인 호텔 구매부 직원 채용
㈜에이스파트너스서치펌은 2009년에 설립된 회사로 자본금 3억원, 매출액 000, 사원수 60명 규모의 중소기업입니다. 서울 강남구 테헤란로8길 33 (역삼동)에 위치하고 있으며, 헤드헌팅 및 커리어컨설팅사업을 하고 있습니다.
포지션 및 자격요건
포지션
( 1명 )
담당업무
ㆍ호텔 구매(식자재) 업무
자격요건
ㆍ경력 7년 이상
백화점, 대형마트 식자재 구매 경력자 우대
전형절차
ㆍ서류전형 > 1차면접 > 2차면접 > 임원면접 > 최종합격
ㆍ면접일정은 추후 통보됩니다.
유의사항
ㆍ허위사실이 발견될 경우 채용이 취소될 수 있습니다.",,,success,
㈜웹젠,https://www.jobkorea.co.kr/Recruit/GI_Read/49100251,"㈜웹젠
[웹젠크레빅스] 이펙터(신입/경력)
""디지털 시대의 놀이 문화를 선도하는 기업"" 디지털 엔터테인먼트를 창조하는 기업으로서 ㈜웹젠은 게임의
 작품성을 결정하는 주요 기술인 디자인, 클라이언트, 서버 부문에서 국내 최고를 자랑하고 있습니다. 
㈜웹젠의 기술력은 3D 온라인게임 리더 ‘뮤’의 개발과 퍼블리싱을 통해 입증되었으며, 이러한 기술력과
 마케팅력을 바탕으로 국내 시장을 넘어 세계 시장에서 인정받는 게임회사로의 성장을 목표로 하고 있습니다. 

㈜웹젠이 서비스하고 있는 온라인게임 ‘뮤’, 썬, C9은 기술적으로 한국 온라인게임의 수준을 한 단계 
끌어올렸으며, 해외 온라인게임 시장에서도 강한 주목을 받아 한국 게임소프트웨어 수출 사상 최고의 
대우를 받으며 해외시장에 진출한 바 있습니다.
포지션 및 자격요건
이펙트
( ○명 )
담당업무
- 환경, 전투 등 전반적인 인게임 이펙트
제작
- 타 팀과 협업하여 게임 내 VFX 연출
- Unreal Engine과 Niagara를 활용한
VFX 제작
- 아트 및 기술적 요구사항을 고려한
최적화 작업
자격요건
- 신입(채용연계형 인턴) 또는 경력
- Unreal Engine5/Niagara 사용이 가능한 분
- 퀄리티 있는 텍스쳐, 매쉬 제작이 가능한 분
- 실사용 VFX 제작 경험이 있는 분
-
캐주얼
/
반실사풍
VFX
제작 경험이 있는 분
우대사항
- Unreal Engine5 프로젝트 참여 경험이 있는 분
- 최적화 경험이 있는 분
- 타 직군과의 원활한 커뮤니케이션 능력이
있는 분
- 2.5D 환경에서 3D이펙트 구현 경험이 있는 분
전형절차
ㆍ서류전형 > 실무면접 > 인성검사 > 임원면접 > 최종합격
ㆍ면접일정은 추후 통보됩니다.
기타
- 수시채용은 공고 게시 중에도 전형이 진행되오니 이점 유의하시어 지원 바랍니다.
- 서류전형 통과자에 한하여 개별적으로 일정 안내를 드립니다.
- 장애인, 국가보훈대상자는 관련법규에 의거하여 우대합니다.
- 채용이 완료되거나 채용에 적합한 지원자가 없을 시 공고가 마감될 수 있습니다.
- 전형에 따라 필기 테스트가 진행될 수 있습니다.
- 업무 특성상 추가 과제 요청이 있을 수 있습니다.","모집요강
모집분야
게임디자인
모집인원
○
명
고용형태
정규직
,
인턴
(근무기간 6개월, 정규직 전환 가능)
급여
회사 내규에 따름
근무지주소
경기 성남시 분당구 판교로 242 (삼평동) 판교디지털센터 B동
지도보기

지원자격
경력
신입·경력
학력
학력무관
스킬
Unreal Engine, Niagara

접수기간 · 방법
마감일은 기업의 사정으로 인해 조기 마감 또는 변경될 수 있습니다

기업 정보
기업정보 더보기
사원수
501 ~ 1,000명 이하
기업구분
중견기업 (코스닥 상장)
산업(업종)
게임·애니메이션
지도보기
위치
경기 성남시 분당구 판교로 242 (삼평동) 판교디지털센터 B동","{
  ""@context"": ""https://schema.org"",
  ""@type"": ""JobPosting"",
  ""title"": ""[웹젠크레빅스] 이펙트(신입/경력)"",
  ""description"": ""㈜웹젠에서 정규직 신입·경력 채용을 진행합니다. 근무지는 경기 성남시 분당구 판교로 242 (삼평동)이며, 자세한 조건은 공고를 통해 확인할 수 있습니다."",
  ""datePosted"": ""2026-05-04"",
  ""validThrough"": ""2026-06-30T23:59"",
  ""employmentType"": [
    ""FULL_TIME"",
    ""INTERN""
  ],
  ""experienceRequirements"": ""신입·경력"",
  ""educationRequirements"": ""학력무관"",
  ""directApply"": true,
  ""hiringOrganization"": {
    ""@type"": ""Organization"",
    ""name"": ""㈜웹젠""
  },
  ""jobLocation"": {
    ""@type"": ""Place"",
    ""address"": {
      ""@type"": ""PostalAddress"",
      ""streetAddress"": ""경기 성남시 분당구 판교로 242 (삼평동) 판교디지털센터 B동""
    }
  },
  ""identifier"": {
    ""@type"": ""PropertyValue"",
    ""name"": ""JobKorea"",
    ""value"": ""49100251""
  },
  ""url"": ""https://www.jobkorea.co.kr/Recruit/GI_Read/49100251""
}",success,
바이브온,https://www.jobkorea.co.kr/Recruit/GI_Read/49100252,,"모집요강
모집분야
인공지능 개발자
모집인원
○
명
고용형태
정규직
(수습 3개월)
급여
회사 내규에 따름 (면접 후 결정)
근무시간
주5일(월~금)
09:00 ~ 18:00
탄력근무제
근무지주소
서울 마포구 매봉산로 37 (상암동, DMC 산학협력연구센터) 10층 1001호
지도보기
인근지하철

지원자격
경력
경력
(3년이상)
학력
대학원(석사)이상
우대조건
기본우대
석사학위 수여자, 관련 학과 전공자, 유관업무 경력자(3년)

접수기간 · 방법
마감일은 기업의 사정으로 인해 조기 마감 또는 변경될 수 있습니다

기업 정보
기업정보 더보기
사원수
50명 이하
기업구분
중소기업 (비상장)
산업(업종)
응용 소프트웨어 개발 및 공급업
지도보기
위치
서울특별시 마포구 매봉산로 37 1001호(상암동, DMC 산학협력연구센터)","{
  ""@context"": ""https://schema.org"",
  ""@type"": ""JobPosting"",
  ""title"": ""[바이브온] 인공지능(AI) 개발 경력자 모집"",
  ""description"": ""바이브온에서 정규직 경력 채용을 진행합니다. 근무지는 서울 마포구 매봉산로 37 (상암동, DMC 산학협력연구센터)이며, 자세한 조건은 공고를 통해 확인할 수 있습니다."",
  ""datePosted"": ""2026-05-04"",
  ""validThrough"": ""2026-07-03T23:59"",
  ""employmentType"": ""FULL_TIME"",
  ""experienceRequirements"": ""경력"",
  ""educationRequirements"": ""대학원(석사) 이상"",
  ""directApply"": true,
  ""hiringOrganization"": {
    ""@type"": ""Organization"",
    ""name"": ""바이브온""
  },
  ""jobLocation"": {
    ""@type"": ""Place"",
    ""address"": {
      ""@type"": ""PostalAddress"",
      ""streetAddress"": ""서울 마포구 매봉산로 37 (상암동, DMC 산학협력연구센터) 10층 1001호""
    }
  },
  ""identifier"": {
    ""@type"": ""PropertyValue"",
    ""name"": ""JobKorea"",
    ""value"": ""49100252""
  },
  ""url"": ""https://www.jobkorea.co.kr/Recruit/GI_Read/49100252""
}",success,
광화문살롱 대구,https://www.jobkorea.co.kr/Recruit/GI_Read/49100253,"광화문살롱 대구
광화문살롱 대구 카페 매니저 모집합니다
포지션 및 자격요건
카페 매니저
( ○명 )
담당업무
ㆍ음료 및 디저트  제조
ㆍ고객응대 및 주문처리
ㆍ매장 정리, 청소 및 테이블 관리
ㆍ재고 확인 및 발주 업무
근무요건
ㆍ급여 : 월 255만원 (수습기간 3개월)
ㆍ
월6회 휴무(근무시간 협의)
자격요건
ㆍ학력 : 고등학교 졸업이상
ㆍ경력 : 무관
ㆍ팀워크에 능하며 책임감 있는 분
ㆍ성격이 밝고 고객 친화적인 분
우대사항
ㆍ유관업무 경험자(인턴·알바)
전형절차
ㆍ서류전형 > 1차면접 > 2차면접 > 임원면접 > 최종합격
ㆍ면접일정은 추후 통보됩니다.
유의사항
ㆍ허위사실이 발견될 경우 채용이 취소될 수 있습니다.","모집요강
모집분야
카페 매니저
모집인원
1
명
고용형태
정규직
(수습 3개월)
급여
월급 255만원 이상
근무시간
09:00 ~ 18:00
탄력근무제
근무지주소
대구광역시 달서구 달구벌대로 1515 201동 110,111,112,113,114,115,116호(용산동)
지도보기
인근지하철

지원자격
경력
경력
학력
학력무관
우대조건
기본우대
유관업무 경험자(인턴·알바)

접수기간 · 방법
마감일은 기업의 사정으로 인해 조기 마감 또는 변경될 수 있습니다

기업 정보
기업정보 더보기
사원수
-
기업구분
중소기업 (-)
산업(업종)
음식료·외식·프랜차이즈
지도보기
위치
대구광역시 달서구 달구벌대로 1515 201동 110,111,112,113,114,115,116호(용산동)","{
  ""@context"": ""https://schema.org"",
  ""@type"": ""JobPosting"",
  ""title"": ""광화문살롱 대구 카페 매니저 모집합니다"",
  ""description"": ""광화문살롱 대구에서 정규직 경력 채용을 진행합니다. 근무지는 대구광역시 달서구 달구벌대로 1515이며, 자세한 조건은 공고를 통해 확인할 수 있습니다."",
  ""datePosted"": ""2026-05-04"",
  ""validThrough"": ""2026-07-03T23:59"",
  ""employmentType"": ""FULL_TIME"",
  ""experienceRequirements"": ""경력"",
  ""educationRequirements"": ""학력무관"",
  ""directApply"": true,
  ""hiringOrganization"": {
    ""@type"": ""Organization"",
    ""name"": ""광화문살롱 대구""
  },
  ""jobLocation"": {
    ""@type"": ""Place"",
    ""address"": {
      ""@type"": ""PostalAddress"",
      ""streetAddress"": ""대구광역시 달서구 달구벌대로 1515 201동 110,111,112,113,114,115,116호(용산동)""
    }
  },
  ""baseSalary"": {
    ""@type"": ""MonetaryAmount"",
    ""currency"": ""KRW"",
    ""value"": {
      ""@type"": ""QuantitativeValue"",
      ""value"": 2550000,
      ""unitText"": ""MONTH""
    }
  },
  ""identifier"": {
    ""@type"": ""PropertyValue"",
    ""name"": ""JobKorea"",
    ""value"": ""49100253""
  },
  ""url"": ""https://www.jobkorea.co.kr/Recruit/GI_Read/49100253""
}",success,
㈜유로,https://www.jobkorea.co.kr/Recruit/GI_Read/49100254,"㈜유로
[(주)유로]  PCB 생산 정규직 채용 공고
㈜유로는 2008년에 설립된 회사로 사원수 10명 규모의 벤처기업입니다. 경기 수원시 권선구 오목천로39번길 9 (오목천동)에 위치하고 있으며, PCB 제조,설계 업체사업을 하고 있습니다.
포지션 및 자격요건
PCB 생산관련
( ○명 )
담당업무
ㆍPCB 조립
ㆍ납땜
ㆍ그 외 모든 단순 업무
자격요건
ㆍ학력 : 학력무관
ㆍ경력 : 경력1년↑
우대사항
ㆍ인근거주자
ㆍ즉시출근 가능자
ㆍ장기근속자
전형절차
ㆍ서류전형 > 1차면접 >  최종합격
ㆍ면접일정은 서류전형에 합격하신 분께 (031-292-8708) 연락이 갈 예정입니다.
유의사항
ㆍ허위사실이 발견될 경우 채용이 취소될 수 있습니다.","모집요강
모집분야
PCB 생산관련
모집인원
○
명
고용형태
정규직
(수습 1개월)
급여
월급 240~300만원 (면접 후 결정)
근무시간
주5일(월~금)
09:00 ~ 19:00
토요일 출근 있을 수 있음(한달 1~2회)
근무지주소
경기 수원시 권선구 오목천로39번길 9 (오목천동) 1층
지도보기

지원자격
경력
경력
(1년이상)
학력
학력무관
우대조건
기본우대
인근거주자, 차량소지자, 취업보호대상자, 문서작성 우수자, 즉시출근 가능자

접수기간 · 방법
마감일은 기업의 사정으로 인해 조기 마감 또는 변경될 수 있습니다

기업 정보
기업정보 더보기
사원수
50명 이하
기업구분
벤처기업 (비상장)
산업(업종)
전기·전자·제어
지도보기
위치
경기 수원시 권선구 오목천로39번길 9 (오목천동) 2층 사무실","{
  ""@context"": ""https://schema.org"",
  ""@type"": ""JobPosting"",
  ""title"": ""[(주)유로]  PCB 생산 정규직 채용 공고"",
  ""description"": ""㈜유로에서 정규직 경력 채용을 진행합니다. 근무지는 경기 수원시 권선구 오목천로39번길 9 (오목천동)이며, 자세한 조건은 공고를 통해 확인할 수 있습니다."",
  ""datePosted"": ""2026-05-04"",
  ""validThrough"": ""2026-06-03T23:59"",
  ""employmentType"": ""FULL_TIME"",
  ""experienceRequirements"": ""경력"",
  ""educationRequirements"": ""학력무관"",
  ""directApply"": true,
  ""hiringOrganization"": {
    ""@type"": ""Organization"",
    ""name"": ""㈜유로""
  },
  ""jobLocation"": {
    ""@type"": ""Place"",
    ""address"": {
      ""@type"": ""PostalAddress"",
      ""streetAddress"": ""경기 수원시 권선구 오목천로39번길 9 (오목천동) 1층""
    }
  },
  ""baseSalary"": {
    ""@type"": ""MonetaryAmount"",
    ""currency"": ""KRW"",
    ""value"": {
      ""@type"": ""QuantitativeValue"",
      ""unitText"": ""MONTH"",
      ""minValue"": 2400000,
      ""maxValue"": 3010000
    }
  },
  ""identifier"": {
    ""@type"": ""PropertyValue"",
    ""name"": ""JobKorea"",
    ""value"": ""49100254""
  },
  ""url"": ""https://www.jobkorea.co.kr/Recruit/GI_Read/49100254""
}",success,
에이치에스(HS)파이낸셜,https://www.jobkorea.co.kr/Recruit/GI_Read/49100255,"에이치에스(HS)파이낸셜
HS파이낸셜 대부중개 및 고객상담사님 모십니다
포지션 및 자격요건
대부중개 및 인바운드 고객상담
( ○명 )
담당업무
ㆍ상세내용을 입력하세요
ㆍ상세내용을 입력하세요
핵심역량
ㆍ
성실성,
꼼꼼함,
성취지향성, 자존감, 메타인지, 성장지향성
자격요건
ㆍ학력 : 학력무관
ㆍ경력 : 경력무관
우대사항
ㆍ상세내용을 입력하세요
ㆍ상세내용을 입력하세요
전형절차
ㆍ서류전형 > 1차면접 > 2차면접 > 임원면접 > 최종합격
ㆍ면접일정은 추후 통보됩니다.
유의사항
ㆍ허위사실이 발견될 경우 채용이 취소될 수 있습니다.","모집요강
모집분야
대부중개 및 인바운드 고객상담
모집인원
○
명
고용형태
정규직
(수습 2개월)
직급/직책
급여
회사 내규에 따름 (면접 후 결정)
근무시간
주5일(월~금)
09:30 ~ 18:00
근무지주소
경남 진주시 동부로169번길 12 (충무공동, 윙스타워)
지도보기

지원자격
경력
경력무관
학력
학력무관
핵심역량
꼼꼼함
,
성실성
,
성취지향성
,
자존감
,
메타인지
,
성장지향성

접수기간 · 방법
마감일은 기업의 사정으로 인해 조기 마감 또는 변경될 수 있습니다

기업 정보
기업정보 더보기
사원수
50명 이하
기업구분
중소기업 (비상장)
산업(업종)
캐피탈·대출
지도보기
위치
경남 진주시 충의로 20-22 (충무공동) 한라빌딩 304호","{
  ""@context"": ""https://schema.org"",
  ""@type"": ""JobPosting"",
  ""title"": ""HS파이낸셜 대부중개 및 고객상담사님 모십니다"",
  ""description"": ""에이치에스(HS)파이낸셜에서 정규직 경력무관 채용을 진행합니다. 근무지는 경남 진주시 동부로169번길 12 (충무공동, 윙스타워)이며, 자세한 조건은 공고를 통해 확인할 수 있습니다."",
  ""datePosted"": ""2026-05-04"",
  ""validThrough"": ""2026-06-03T23:59"",
  ""employmentType"": ""FULL_TIME"",
  ""experienceRequirements"": ""경력무관"",
  ""educationRequirements"": ""학력무관"",
  ""directApply"": true,
  ""hiringOrganization"": {
    ""@type"": ""Organization"",
    ""name"": ""에이치에스(HS)파이낸셜""
  },
  ""jobLocation"": {
    ""@type"": ""Place"",
    ""address"": {
      ""@type"": ""PostalAddress"",
      ""streetAddress"": ""경남 진주시 동부로169번길 12 (충무공동, 윙스타워) ""
    }
  },
  ""identifier"": {
    ""@type"": ""PropertyValue"",
    ""name"": ""JobKorea"",
    ""value"": ""49100255""
  },
  ""url"": ""https://www.jobkorea.co.kr/Recruit/GI_Read/49100255""
}",success,
검색,https://www.jobkorea.co.kr/Recruit/GI_Read/49100256,"㈜에이스파트너스서치펌
제주 5성 글로벌 체인호텔 해외 마케팅 직원 채용
㈜에이스파트너스서치펌은 2009년에 설립된 회사로 자본금 3억원, 매출액 000, 사원수 60명 규모의 중소기업입니다. 서울 강남구 테헤란로8길 33 (역삼동)에 위치하고 있으며, 헤드헌팅 및 커리어컨설팅사업을 하고 있습니다.
포지션 및 자격요건
포지션
( 1명 )
담당업무
- 중국 SNS 운영 및 광고 집행
- 중국 SNS 콘텐츠 제작 (영상 / 이미지)
- 중국 체험단 / 인플루언서 섭외 및 협업
- 프로모션 기획 및 플랫폼, 매체 관리 및 운영
- 호텔 오퍼레이션 업무
자격요건
- 경력 7년 이상 ( 5년 이상 디지털 광고 제작 및 운영 경력자)
- 중국어 필수
우대사항
- 디지털 마케팅 대행사 전략 및 집행 경력자 우대
전형절차
ㆍ서류전형 > 1차면접 > 2차면접 > 임원면접 > 최종합격
ㆍ면접일정은 추후 통보됩니다.
유의사항
ㆍ허위사실이 발견될 경우 채용이 취소될 수 있습니다.",,,success,
진인프라,https://www.jobkorea.co.kr/Recruit/GI_Read/49100257,"모집부문 및 자격요건
모집부문
담당업무
자격요건
근무지역
무선기술센터
고객응대
(경력)
ㅇ 전국 초,중,고등학교 무선기술센터 Help Desk
운영
업무
ㅇ 학교 기술센터 문의사항 응대
ㅇ VOC 접수 대응
ㅇ 설정, 정책변경, 장애 대응
ㅇ 원활한 고객 응대 및 의사소통 능력을 갖춘 분
ㅇ 고객응대 업무 경력자 우대
ㅇ 계약직 1년 근무 후 정규직 전환 가능
서울시
금천구
공공기관
상주
홈페이지","모집요강
모집분야
기술센터 Help Desk
모집인원
○
명
고용형태
계약직
(근무기간 1년, 정규직 전환 가능)
급여
회사 내규에 따름 (면접 후 결정)
근무시간
주5일(월~금)
09:00 ~ 18:00
근무지주소
서울 금천구 한내로 56 (독산동, KT전화국) 2층
지도보기
인근지하철

지원자격
경력
경력
(3년이상)
학력
학력무관

접수기간 · 방법
마감일은 기업의 사정으로 인해 조기 마감 또는 변경될 수 있습니다

기업 정보
기업정보 더보기
사원수
301 ~ 500명 이하
기업구분
중견기업 (비상장)
산업(업종)
네트워크·통신서비스
지도보기
위치
서울 송파구 가락로16길 3-20 (석촌동, 진인프라빌딩) 진인프라빌딩","{
  ""@context"": ""https://schema.org"",
  ""@type"": ""JobPosting"",
  ""title"": ""[중견기업] 학교기술센터 Help Desk"",
  ""description"": ""진인프라에서 계약직 경력 채용을 진행합니다. 근무지는 서울 금천구 한내로 56 (독산동, KT전화국)이며, 자세한 조건은 공고를 통해 확인할 수 있습니다."",
  ""datePosted"": ""2026-05-04"",
  ""validThrough"": ""2026-06-03T23:59"",
  ""employmentType"": ""CONTRACTOR"",
  ""experienceRequirements"": ""경력"",
  ""educationRequirements"": ""학력무관"",
  ""directApply"": true,
  ""hiringOrganization"": {
    ""@type"": ""Organization"",
    ""name"": ""진인프라""
  },
  ""jobLocation"": {
    ""@type"": ""Place"",
    ""address"": {
      ""@type"": ""PostalAddress"",
      ""streetAddress"": ""서울 금천구 한내로 56 (독산동, KT전화국) 2층""
    }
  },
  ""identifier"": {
    ""@type"": ""PropertyValue"",
    ""name"": ""JobKorea"",
    ""value"": ""49100257""
  },
  ""url"": ""https://www.jobkorea.co.kr/Recruit/GI_Read/49100257""
}",success,
오큐브㈜,https://www.jobkorea.co.kr/Recruit/GI_Read/49100258,"오큐브㈜
오큐브(주) 신 사업 서비스 기획 / 정부지원사업 기획 및 수행 경력자 채용(대구 본사)
오큐브는 다양한 Embedded System과 System Integration 기술을 기반으로 SW 개발 및 컨설팅 전문 회사로
Automotive / AI(
음성인식) /
로봇 / SI 서비스 등의
다양한 ITIndustry
분야에 개발 서비스를 제공하고 있습니다
.
혹시 경력의 의미를 어떻게 생각 하십니까?
오큐브에서 생각하는 경력의 의미는 이렇습니다.
경력을 거꾸로 읽어 보세요.
그냥 얻어지는 경력은 없습니다.
적어도 오큐브는 그렇게 생각합니다.
어렵고 힘들게 역경을 이겨내며 지금까지 오신거라 믿고 있으며
그렇게 생각하고 있으며 그런 분이라면 누구든지 언제든지 환영합니다.
오큐브에서 도전하세요
!
책임은 회사가 집니다
모터사이클로 유명한 기업인 혼다의 꿈이 비행기를 만드는 것이고,
이것을 이루는 날이 다가왔다면,
오큐브는 Automotive분야의 S/W, H/W 뿐만 아니라
우리도 비행기에 들어가는 SW 만드는 그 날
아니 진짜 비행기를 만드는 날이 올지도 모릅니다
.
여러분들의 함께 꿈을 펼칠 수 있도록 도전해주세요
.
포지션 및 자격요건
신사업 전략  - ""AI 기반 비즈니스의 로드맵을 설계하고 실행을 리딩하는 전략가""
주요업무
ㆍ신사업 수행 :
시장 트렌드 및 기술 분석을 기반으로 AI 기반 신규 비즈니스 모델(BM) 발굴 및 중장기 전략 수립
ㆍ사업 타당성 검토 및 수행 : 신 사업 및 정부지원사업 아이템에 대한 시장규모, 수익구조 및 사업성 검토, 사업계획서 및 제안서 작성
ㆍ정부지원사업 수행 : 정부지원사업 기획 및 발굴, 사업계획서 및 제안서 작성, 정부과제 수행 및 대응
자격요건
ㆍ신사업 기획, 정부지원사업 서비스 기획 및 PM 경험자 :
PM 0명, PL 0명, 담당자 0명 모집
ㆍ성공적인 프로젝트 및 서비스 런칭 경험 : 아이디어 단계부터 실제 상용화 단계까지 사업을 주도해본 경험
ㆍAI 기술 이해도 : LLM, Computer Vision. 데이터 분석 등 AI 기술의 작동 원리와 비즈니스 적용 한계를 이해하고 있는 분
우대사항
ㆍ기술 기반 스타트업 창업 경험 또는 초기 멤버 참여 경험
ㆍ
신사업 기획, 전략 컨설팅 또는 IT 서비스 PM 경력자
ㆍ정부지원사업 수행경험자
근무조건
ㆍ고용형태 : 정규직
ㆍ급여 : 면접 후 결정
ㆍ근무일 : 주5일
ㆍ복리후생 : 4대보험, 연차, 산전후휴가, 노동절 휴무, 창립일 행사, 워크샵/MT, 체육대회, 인센티브제, 장기근속포상, 야간교통비 지급 등
지원방법
ㆍ잡코리아 온라인 입사지원
ㆍ이력서 및 자기소개서 제출
전형절차
ㆍ서류전형 > 면접전형  > 최종합격
ㆍ면접일정은 추후 통보됩니다.
유의사항
ㆍ허위 기재시 전형상 불이익을 받거나 합격 및 입사가 취소될 수 있습니다.","모집요강
모집분야
신사업 및 정부지원사업 기획
모집인원
○
명
고용형태
정규직
(수습 3개월)
직급/직책
급여
회사 내규에 따름 (면접 후 결정)
근무시간
주5일(월~금)
09:00 ~ 18:00
근무지주소
대구 수성구 알파시티1로31길 18 (대흥동) 오큐브 사옥
지도보기

지원자격
경력
경력
(3년이상)
학력
대졸이상
스킬
핵심역량
창의성
,
메타인지
,
성장지향성
,
계획성
,
성취지향성
,
꼼꼼함
,
적응성

접수기간 · 방법
마감일은 기업의 사정으로 인해 조기 마감 또는 변경될 수 있습니다

기업 정보
기업정보 더보기
사원수
51 ~ 300명 이하
기업구분
중소기업 (비상장)
산업(업종)
솔루션·SI·CRM·ERP
지도보기
위치
서울 강서구 강서로56가길 141 (등촌동, 케이엠빌딩) 3층","{
  ""@context"": ""https://schema.org"",
  ""@type"": ""JobPosting"",
  ""title"": ""오큐브(주) 신사업 서비스 기획 / 정부지원사업 수행 및 담당자(대구본사)"",
  ""description"": ""오큐브㈜에서 정규직 경력 채용을 진행합니다. 근무지는 대구 수성구 알파시티1로31길 18 (대흥동)이며, 자세한 조건은 공고를 통해 확인할 수 있습니다."",
  ""datePosted"": ""2026-05-04"",
  ""validThrough"": ""2026-06-03T23:59"",
  ""employmentType"": ""FULL_TIME"",
  ""experienceRequirements"": ""경력"",
  ""educationRequirements"": ""대졸 이상"",
  ""directApply"": true,
  ""hiringOrganization"": {
    ""@type"": ""Organization"",
    ""name"": ""오큐브㈜""
  },
  ""jobLocation"": {
    ""@type"": ""Place"",
    ""address"": {
      ""@type"": ""PostalAddress"",
      ""streetAddress"": ""대구 수성구 알파시티1로31길 18 (대흥동) 오큐브 사옥""
    }
  },
  ""identifier"": {
    ""@type"": ""PropertyValue"",
    ""name"": ""JobKorea"",
    ""value"": ""49100258""
  },
  ""url"": ""https://www.jobkorea.co.kr/Recruit/GI_Read/49100258""
}",success,
평촌우리병원,https://www.jobkorea.co.kr/Recruit/GI_Read/49100259,"평촌우리병원
평촌우리병원에서 기전주임(전기산업기사or전기기사) 채용합니다.
평촌우리병원은 2013년에 설립된 회사로 자본금 27억 5,233만원, 매출액 252억 7,595만원, 사원수 120명 규모의 중소기업입니다. 경기 안양시 동안구 비산동에 위치하고 있으며, 보건업사업을 하고 있습니다.
포지션 및 자격요건
기전주임 전기산업기사or전기기사 채용합니다.
( 1명 )
담당업무
ㆍ기계, 전기, 시설관리 영선등
스킬
ㆍ전기산업기사 자격, 전기기사 자격
자격요건
ㆍ자격증필수 : 전기산업기사 or 전기기사
ㆍ경력 : 3년이상
우대사항
ㆍ병원경력자 우대
[ 직원복지 ]
■
오래도록 우리와 함께해주셔서  감사합니다.  (근속직원 혜택)
평촌 우리병원은  오래 함께해주신 선생님들을 생각합니다!!!
1. 포상 휴가 + 휴가비지원 +  !!!
- 근속 4년 : 4일 (정기 휴가 3일 + 포상 1일)    /  휴가비 지원 15만원
- 근속 5년 : 5일 (정기 휴가 4일 + 포상 1일)    /  휴가비 지원 20만원
- 근속 6년 : 5일 (정기 휴가 4일 + 포상 1일)    /  휴가비 지원 25만원
- 근속 7년 : 5일 (정기 휴가 4일 + 포상 1일)    /  휴가비 지원 30만원
- 근속 8년 : 5일 (정기 휴가 4일 + 포상 1일)    /  휴가비 지원 35만원
- 근속 9년 : 6일 (정기 휴가 4일 + 포상 2일)    /  휴가비 지원 40만원
- 근속 10년 : 6일 (정기 휴가 4일 + 포상 2일)    /  휴가비 지원 45만원
- 근속 11년 : 6일 (정기 휴가 4일 + 포상 2일)    /  휴가비 지원 50만원
2.
장기근속 매월 수당
( 연봉외에 매달 별도로 지급 )
- 3년 차 : 5만원 ( 년 60만원 )
- 4년 차 : 7만원 ( 년 84만원 )
- 5년 차 : 10만원 ( 년 120만원 )
-  6년 차 : 15만원 (년 180만원 )
- 11년 차 : 20만원 ( 년 240만원 )
- 16년 차 : 25만원 ( 년 300만원 )
3.
입사기념 축하금 - 매년30만원지급
(연봉 외 별도 지급)
4.  본원 근무
근속4년 :  80만원상당 건강 검진권
2매 (매년)지급
■
충전이 필요하신가요? 리프레쉬 휴가 어떠세요 !
- 입사  6년 차  :  8일 유급 휴가 발생  + 여행상품권(100만원)
- 입사 11년 차 : 11일 유급 휴가 발생  + 여행상품권(200만원)
- 입사 16년 차  : 11일 유급 휴가 발생  + 여행상품권(300만원)
■
어린이는 나라의 보배
-
자녀입학 축하금
지원 (초:20만원, 중:30만원, 고:50만원, 대학생:100만원) - 입사 1년 이상 근무자
-
보육료지원
(24개월까지  매월 15만원 지급 또는 육아휴직 가능)
■
그 외로 우리 병원에서 이렇게 준비해봤습니다.
- 생일자 5만원
상품권과 생일케잌
- 남/여 기숙사 제공
-
청년내일채움
공제지원
- 1년 만근 시 연차15개 (선 사용 가능), 미 소진 시 수당지급
- 매달 우수직원, 친절사원
포상
-
명절 보너스
지급
- 보수교육비 지원
- 전공 필수 교육 지원 ( 학회, 특수교육 등)
-
대체 공휴일 휴무
(설,추석)
- 그 외 다수
전형절차
ㆍ서류전형 > 1차면접 > 2차면접 > 임원면접 > 최종합격
ㆍ면접일정은 추후 통보됩니다.
유의사항
ㆍ허위사실이 발견될 경우 채용이 취소될 수 있습니다.","모집요강
모집분야
기전주임 전기산업기사or전기기사 채용합니다.
모집인원
1
명
고용형태
정규직
(수습 3개월)
직급/직책
급여
회사 내규에 따름 (면접 후 결정)
근무시간
주6일(월~토)
09:00 ~ 18:00, 09:00 ~ 13:00
토요일 월 2회 휴무
근무지주소
경기 안양시 동안구 비산동 246-3번지
지도보기

지원자격
경력
경력
학력
대졸이상
스킬

접수기간 · 방법
마감일은 기업의 사정으로 인해 조기 마감 또는 변경될 수 있습니다

기업 정보
기업정보 더보기
사원수
51 ~ 300명 이하
기업구분
중소기업 (비상장)
산업(업종)
일반 의원
지도보기
위치
경기 안양시 동안구 비산동 246-3번지","{
  ""@context"": ""https://schema.org"",
  ""@type"": ""JobPosting"",
  ""title"": ""평촌우리병원에서 기전주임(전기산업기사or전기기사) 채용합니다."",
  ""description"": ""평촌우리병원에서 정규직 경력 채용을 진행합니다. 근무지는 경기 안양시 동안구 비산동이며, 자세한 조건은 공고를 통해 확인할 수 있습니다."",
  ""datePosted"": ""2026-05-04"",
  ""validThrough"": ""2026-06-03T23:59"",
  ""employmentType"": ""FULL_TIME"",
  ""experienceRequirements"": ""경력"",
  ""educationRequirements"": ""대졸 이상"",
  ""directApply"": true,
  ""hiringOrganization"": {
    ""@type"": ""Organization"",
    ""name"": ""평촌우리병원""
  },
  ""jobLocation"": {
    ""@type"": ""Place"",
    ""address"": {
      ""@type"": ""PostalAddress"",
      ""streetAddress"": ""경기 안양시 동안구 비산동 246-3번지""
    }
  },
  ""identifier"": {
    ""@type"": ""PropertyValue"",
    ""name"": ""JobKorea"",
    ""value"": ""49100259""
  },
  ""url"": ""https://www.jobkorea.co.kr/Recruit/GI_Read/49100259""
}",success,
검색,https://www.jobkorea.co.kr/Recruit/GI_Read/49100260,"㈜에이스파트너스서치펌
제주 5성 글로벌 체인 호텔 헤드 바텐더 채용
㈜에이스파트너스서치펌은 2009년에 설립된 회사로 자본금 3억원, 매출액 000, 사원수 60명 규모의 중소기업입니다. 서울 강남구 테헤란로8길 33 (역삼동)에 위치하고 있으며, 헤드헌팅 및 커리어컨설팅사업을 하고 있습니다.
포지션 및 자격요건
포지션
( 1명 )
담당업무
- 호텔 내 모든 바, 주류 부문 총괄
- 호텔 업장의 새로운 음료 및 메뉴 개발
- 바텐더 팀 교육 및 관리
자격요건
-
경력 7년 이상
- 주류에 대한 전문 지식
- 라운지, 바 등 관련 업장 운영 경력 보유
전형절차
ㆍ서류전형 > 1차면접 > 2차면접 > 임원면접 > 최종합격
ㆍ면접일정은 추후 통보됩니다.
유의사항
ㆍ허위사실이 발견될 경우 채용이 취소될 수 있습니다.",,,success,
㈜드림팜,https://www.jobkorea.co.kr/Recruit/GI_Read/49100261,"㈜드림팜
병의원 납품및 영업관리직 채용
㈜드림팜은 2023년에 설립된 회사로 자본금 5억원 사원수 4명 규모의 중소기업입니다. 인천 계양구 계산동에 위치하고 있으며, 의약품및 의료용품 배송및 영업관리사업을 하고 있습니다.
포지션 및 자격요건
병의원 납품및 영업관리
( ○명 )
담당업무
ㆍ병의원 납품및 영업관리
ㆍ창고물품관리
스킬
ㆍ1종보통운전면허, 컴퓨터활용능력
자격요건
ㆍ학력 : 학력무관
ㆍ경력 : 경력무관
우대사항
ㆍ컴퓨터활용능력 우수자
ㆍ운전가능자
전형절차
ㆍ서류전형 > 1차면접 > 2차면접 > 임원면접 > 최종합격
ㆍ면접일정은 추후 통보됩니다.
유의사항
ㆍ허위사실이 발견될 경우 채용이 취소될 수 있습니다.","모집요강
모집분야
병의원 납품및 영업관리
모집인원
○
명
고용형태
정규직
(수습 3개월)
급여
연봉 3,000만원 이상 (면접 후 결정)
근무시간
주5일(월~금)
08:30 ~ 17:30
근무지주소
인천 계양구 계산동 972-8   101호
지도보기
인근지하철

지원자격
경력
경력무관
학력
학력무관
스킬
우대조건
기본우대
컴퓨터활용능력 우수자, 운전가능자

접수기간 · 방법
마감일은 기업의 사정으로 인해 조기 마감 또는 변경될 수 있습니다

기업 정보
기업정보 더보기
사원수
50명 이하
기업구분
중소기업 (비상장)
산업(업종)
의약품 도매업
지도보기
위치
인천 계양구 계산동 972-8   101호","{
  ""@context"": ""https://schema.org"",
  ""@type"": ""JobPosting"",
  ""title"": ""병의원 납품및 영업관리직 채용"",
  ""description"": ""㈜드림팜에서 정규직 경력무관 채용을 진행합니다. 근무지는 인천 계양구 계산동이며, 자세한 조건은 공고를 통해 확인할 수 있습니다."",
  ""datePosted"": ""2026-05-04"",
  ""validThrough"": ""2026-06-03T23:59"",
  ""employmentType"": ""FULL_TIME"",
  ""experienceRequirements"": ""경력무관"",
  ""educationRequirements"": ""학력무관"",
  ""directApply"": true,
  ""hiringOrganization"": {
    ""@type"": ""Organization"",
    ""name"": ""㈜드림팜""
  },
  ""jobLocation"": {
    ""@type"": ""Place"",
    ""address"": {
      ""@type"": ""PostalAddress"",
      ""streetAddress"": ""인천 계양구 계산동 972-8   101호""
    }
  },
  ""baseSalary"": {
    ""@type"": ""MonetaryAmount"",
    ""currency"": ""KRW"",
    ""value"": {
      ""@type"": ""QuantitativeValue"",
      ""value"": 30000000,
      ""unitText"": ""YEAR""
    }
  },
  ""identifier"": {
    ""@type"": ""PropertyValue"",
    ""name"": ""JobKorea"",
    ""value"": ""49100261""
  },
  ""url"": ""https://www.jobkorea.co.kr/Recruit/GI_Read/49100261""
}",success,
㈜신건,https://www.jobkorea.co.kr/Recruit/GI_Read/49100262,,"모집요강
모집분야
롯데글로벌로지스 배송
모집인원
○○
명
고용형태
정규직
,
계약직
,
프리랜서
직급/직책
급여
월급 500~700만원
근무시간
주5일(월~금)
11:00 ~ 18:00
탄력근무제
자율배송/자율출근

지원자격
경력
경력무관
학력
학력무관
우대조건
기본우대
운전가능자

접수기간 · 방법
마감일은 기업의 사정으로 인해 조기 마감 또는 변경될 수 있습니다

기업 정보
기업정보 더보기
사원수
301 ~ 500명 이하
기업구분
중소기업 (비상장)
산업(업종)
화물운송 중개, 대리 및 관련 서비스업
지도보기
위치
서울 강남구 논현동  119-2 HS TOWER","{
  ""@context"": ""https://schema.org"",
  ""@type"": ""JobPosting"",
  ""title"": ""롯데글로벌로지스 배송직원 채용 평택 인천 원주 전지역"",
  ""description"": ""㈜신건에서 정규직 경력무관 채용을 진행합니다. 근무지는 이며, 자세한 조건은 공고를 통해 확인할 수 있습니다."",
  ""datePosted"": ""2026-05-04"",
  ""validThrough"": ""2027-05-03T15:00"",
  ""employmentType"": [
    ""FULL_TIME"",
    ""CONTRACTOR"",
    ""CONTRACTOR""
  ],
  ""experienceRequirements"": ""경력무관"",
  ""educationRequirements"": ""학력무관"",
  ""directApply"": true,
  ""hiringOrganization"": {
    ""@type"": ""Organization"",
    ""name"": ""㈜신건""
  },
  ""jobLocation"": {
    ""@type"": ""Place"",
    ""address"": {
      ""@type"": ""PostalAddress""
    }
  },
  ""baseSalary"": {
    ""@type"": ""MonetaryAmount"",
    ""currency"": ""KRW"",
    ""value"": {
      ""@type"": ""QuantitativeValue"",
      ""unitText"": ""MONTH"",
      ""minValue"": 5000000,
      ""maxValue"": 7010000
    }
  },
  ""identifier"": {
    ""@type"": ""PropertyValue"",
    ""name"": ""JobKorea"",
    ""value"": ""49100262""
  },
  ""url"": ""https://www.jobkorea.co.kr/Recruit/GI_Read/49100262""
}",success,
㈜CDS asia,https://www.jobkorea.co.kr/Recruit/GI_Read/49100263,"㈜CDS asia
유튜브 채널 신입 편집자 모집","모집요강
모집분야
유튜브 편집자
모집인원
○
명
고용형태
정규직
(수습 3개월)
직급/직책
급여
연봉 3,200만원 이상
근무시간
주5일(월~금)
09:00 ~ 18:00
근무지주소
인천 연수구 센트럴로 263 (송도동, 송도국제업무단지C8-2블럭업무복합시설) IBS타워 27층
지도보기
인근지하철

지원자격
경력
경력무관
학력
학력무관
스킬
우대조건
기본우대
영어가능자, 일본어가능자, 중국어가능자, 인근거주자
우대전공

접수기간 · 방법
마감일은 기업의 사정으로 인해 조기 마감 또는 변경될 수 있습니다

기업 정보
기업정보 더보기
사원수
50명 이하
기업구분
중소기업 (비상장)
산업(업종)
영화, 비디오물 및 방송프로그램 제작 관련 서비스업
지도보기
위치
인천 연수구 센트럴로 263 (송도동, 송도국제업무단지C8-2블럭업무복합시설) IBS타워 업무동 27층 3호, CDS ASIA","{
  ""@context"": ""https://schema.org"",
  ""@type"": ""JobPosting"",
  ""title"": ""[정규직/공채] 유튜브 콘텐츠 영상 편집자 모집 (경력무관)"",
  ""description"": ""㈜CDS asia에서 정규직 경력무관 채용을 진행합니다. 근무지는 인천 연수구 센트럴로 263 (송도동, 송도국제업무단지C8-2블럭업무복합시설)이며, 자세한 조건은 공고를 통해 확인할 수 있습니다."",
  ""datePosted"": ""2026-05-04"",
  ""validThrough"": ""2026-05-31T23:59"",
  ""employmentType"": ""FULL_TIME"",
  ""experienceRequirements"": ""경력무관"",
  ""educationRequirements"": ""학력무관"",
  ""directApply"": true,
  ""hiringOrganization"": {
    ""@type"": ""Organization"",
    ""name"": ""㈜CDS asia""
  },
  ""jobLocation"": {
    ""@type"": ""Place"",
    ""address"": {
      ""@type"": ""PostalAddress"",
      ""streetAddress"": ""인천 연수구 센트럴로 263 (송도동, 송도국제업무단지C8-2블럭업무복합시설) IBS타워 27층""
    }
  },
  ""baseSalary"": {
    ""@type"": ""MonetaryAmount"",
    ""currency"": ""KRW"",
    ""value"": {
      ""@type"": ""QuantitativeValue"",
      ""value"": 32000000,
      ""unitText"": ""YEAR""
    }
  },
  ""identifier"": {
    ""@type"": ""PropertyValue"",
    ""name"": ""JobKorea"",
    ""value"": ""49100263""
  },
  ""url"": ""https://www.jobkorea.co.kr/Recruit/GI_Read/49100263""
}",success,
㈜신건,https://www.jobkorea.co.kr/Recruit/GI_Read/49100264,,"모집요강
모집분야
롯데글로벌로지스 배송
모집인원
○○
명
고용형태
정규직
,
계약직
,
프리랜서
직급/직책
급여
월급 500~700만원
근무시간
주5일(월~금)
11:00 ~ 18:00
탄력근무제
자율배송/자율출근

지원자격
경력
경력무관
학력
학력무관
우대조건
기본우대
운전가능자

접수기간 · 방법
마감일은 기업의 사정으로 인해 조기 마감 또는 변경될 수 있습니다

기업 정보
기업정보 더보기
사원수
301 ~ 500명 이하
기업구분
중소기업 (비상장)
산업(업종)
화물운송 중개, 대리 및 관련 서비스업
지도보기
위치
서울 강남구 논현동  119-2 HS TOWER","{
  ""@context"": ""https://schema.org"",
  ""@type"": ""JobPosting"",
  ""title"": ""롯데글로벌로지스 배송직원 채용 안산 용인 의정부 전지역"",
  ""description"": ""㈜신건에서 정규직 경력무관 채용을 진행합니다. 근무지는 이며, 자세한 조건은 공고를 통해 확인할 수 있습니다."",
  ""datePosted"": ""2026-05-04"",
  ""validThrough"": ""2027-05-03T15:00"",
  ""employmentType"": [
    ""FULL_TIME"",
    ""CONTRACTOR"",
    ""CONTRACTOR""
  ],
  ""experienceRequirements"": ""경력무관"",
  ""educationRequirements"": ""학력무관"",
  ""directApply"": true,
  ""hiringOrganization"": {
    ""@type"": ""Organization"",
    ""name"": ""㈜신건""
  },
  ""jobLocation"": {
    ""@type"": ""Place"",
    ""address"": {
      ""@type"": ""PostalAddress""
    }
  },
  ""baseSalary"": {
    ""@type"": ""MonetaryAmount"",
    ""currency"": ""KRW"",
    ""value"": {
      ""@type"": ""QuantitativeValue"",
      ""unitText"": ""MONTH"",
      ""minValue"": 5000000,
      ""maxValue"": 7010000
    }
  },
  ""identifier"": {
    ""@type"": ""PropertyValue"",
    ""name"": ""JobKorea"",
    ""value"": ""49100264""
  },
  ""url"": ""https://www.jobkorea.co.kr/Recruit/GI_Read/49100264""
}",success,
㈜신건,https://www.jobkorea.co.kr/Recruit/GI_Read/49100265,,"모집요강
모집분야
롯데글로벌로지스 배송
모집인원
○○
명
고용형태
정규직
,
계약직
,
프리랜서
직급/직책
급여
월급 500~700만원
근무시간
주5일(월~금)
11:00 ~ 18:00
탄력근무제
자율배송/자율출근

지원자격
경력
경력무관
학력
학력무관
우대조건
기본우대
운전가능자

접수기간 · 방법
마감일은 기업의 사정으로 인해 조기 마감 또는 변경될 수 있습니다

기업 정보
기업정보 더보기
사원수
301 ~ 500명 이하
기업구분
중소기업 (비상장)
산업(업종)
화물운송 중개, 대리 및 관련 서비스업
지도보기
위치
서울 강남구 논현동  119-2 HS TOWER","{
  ""@context"": ""https://schema.org"",
  ""@type"": ""JobPosting"",
  ""title"": ""롯데글로벌로지스 배송직원 채용 안산 용인 의정부 전지역"",
  ""description"": ""㈜신건에서 정규직 경력무관 채용을 진행합니다. 근무지는 이며, 자세한 조건은 공고를 통해 확인할 수 있습니다."",
  ""datePosted"": ""2026-05-04"",
  ""validThrough"": ""2027-05-03T15:00"",
  ""employmentType"": [
    ""FULL_TIME"",
    ""CONTRACTOR"",
    ""CONTRACTOR""
  ],
  ""experienceRequirements"": ""경력무관"",
  ""educationRequirements"": ""학력무관"",
  ""directApply"": true,
  ""hiringOrganization"": {
    ""@type"": ""Organization"",
    ""name"": ""㈜신건""
  },
  ""jobLocation"": {
    ""@type"": ""Place"",
    ""address"": {
      ""@type"": ""PostalAddress""
    }
  },
  ""baseSalary"": {
    ""@type"": ""MonetaryAmount"",
    ""currency"": ""KRW"",
    ""value"": {
      ""@type"": ""QuantitativeValue"",
      ""unitText"": ""MONTH"",
      ""minValue"": 5000000,
      ""maxValue"": 7010000
    }
  },
  ""identifier"": {
    ""@type"": ""PropertyValue"",
    ""name"": ""JobKorea"",
    ""value"": ""49100265""
  },
  ""url"": ""https://www.jobkorea.co.kr/Recruit/GI_Read/49100265""
}",success,
㈜신건,https://www.jobkorea.co.kr/Recruit/GI_Read/49100266,,"모집요강
모집분야
롯데글로벌로지스 배송
모집인원
○○
명
고용형태
정규직
,
계약직
,
프리랜서
직급/직책
급여
월급 500~700만원
근무시간
주5일(월~금)
11:00 ~ 18:00
탄력근무제
자율배송/자율출근

지원자격
경력
경력무관
학력
학력무관
우대조건
기본우대
운전가능자

접수기간 · 방법
마감일은 기업의 사정으로 인해 조기 마감 또는 변경될 수 있습니다

기업 정보
기업정보 더보기
사원수
301 ~ 500명 이하
기업구분
중소기업 (비상장)
산업(업종)
화물운송 중개, 대리 및 관련 서비스업
지도보기
위치
서울 강남구 논현동  119-2 HS TOWER","{
  ""@context"": ""https://schema.org"",
  ""@type"": ""JobPosting"",
  ""title"": ""롯데글로벌로지스 배송직원 채용 송파 은평 일산 전지역"",
  ""description"": ""㈜신건에서 정규직 경력무관 채용을 진행합니다. 근무지는 이며, 자세한 조건은 공고를 통해 확인할 수 있습니다."",
  ""datePosted"": ""2026-05-04"",
  ""validThrough"": ""2027-05-03T15:00"",
  ""employmentType"": [
    ""FULL_TIME"",
    ""CONTRACTOR"",
    ""CONTRACTOR""
  ],
  ""experienceRequirements"": ""경력무관"",
  ""educationRequirements"": ""학력무관"",
  ""directApply"": true,
  ""hiringOrganization"": {
    ""@type"": ""Organization"",
    ""name"": ""㈜신건""
  },
  ""jobLocation"": {
    ""@type"": ""Place"",
    ""address"": {
      ""@type"": ""PostalAddress""
    }
  },
  ""baseSalary"": {
    ""@type"": ""MonetaryAmount"",
    ""currency"": ""KRW"",
    ""value"": {
      ""@type"": ""QuantitativeValue"",
      ""unitText"": ""MONTH"",
      ""minValue"": 5000000,
      ""maxValue"": 7010000
    }
  },
  ""identifier"": {
    ""@type"": ""PropertyValue"",
    ""name"": ""JobKorea"",
    ""value"": ""49100266""
  },
  ""url"": ""https://www.jobkorea.co.kr/Recruit/GI_Read/49100266""
}",success,
㈜신건,https://www.jobkorea.co.kr/Recruit/GI_Read/49100267,,"모집요강
모집분야
롯데글로벌로지스 배송
모집인원
○○
명
고용형태
정규직
,
계약직
,
프리랜서
직급/직책
급여
월급 500~700만원
근무시간
주5일(월~금)
11:00 ~ 18:00
탄력근무제
자율배송/자율출근

지원자격
경력
경력무관
학력
학력무관
우대조건
기본우대
운전가능자

접수기간 · 방법
마감일은 기업의 사정으로 인해 조기 마감 또는 변경될 수 있습니다

기업 정보
기업정보 더보기
사원수
301 ~ 500명 이하
기업구분
중소기업 (비상장)
산업(업종)
화물운송 중개, 대리 및 관련 서비스업
지도보기
위치
서울 강남구 논현동  119-2 HS TOWER","{
  ""@context"": ""https://schema.org"",
  ""@type"": ""JobPosting"",
  ""title"": ""롯데글로벌로지스 배송직원 채용 강남 관악 도봉 전지역"",
  ""description"": ""㈜신건에서 정규직 경력무관 채용을 진행합니다. 근무지는 이며, 자세한 조건은 공고를 통해 확인할 수 있습니다."",
  ""datePosted"": ""2026-05-04"",
  ""validThrough"": ""2027-05-03T15:00"",
  ""employmentType"": [
    ""FULL_TIME"",
    ""CONTRACTOR"",
    ""CONTRACTOR""
  ],
  ""experienceRequirements"": ""경력무관"",
  ""educationRequirements"": ""학력무관"",
  ""directApply"": true,
  ""hiringOrganization"": {
    ""@type"": ""Organization"",
    ""name"": ""㈜신건""
  },
  ""jobLocation"": {
    ""@type"": ""Place"",
    ""address"": {
      ""@type"": ""PostalAddress""
    }
  },
  ""baseSalary"": {
    ""@type"": ""MonetaryAmount"",
    ""currency"": ""KRW"",
    ""value"": {
      ""@type"": ""QuantitativeValue"",
      ""unitText"": ""MONTH"",
      ""minValue"": 5000000,
      ""maxValue"": 7010000
    }
  },
  ""identifier"": {
    ""@type"": ""PropertyValue"",
    ""name"": ""JobKorea"",
    ""value"": ""49100267""
  },
  ""url"": ""https://www.jobkorea.co.kr/Recruit/GI_Read/49100267""
}",success,
연희플란트치과,https://www.jobkorea.co.kr/Recruit/GI_Read/49100268,,"모집요강
모집분야
진료실
모집인원
○
명
고용형태
정규직
(협의)
직급/직책
급여
회사 내규에 따름 (면접 후 결정)
근무시간
주5일(월~금)
탄력근무제
근무지주소
강원특별자치도 강릉시 임영로 102  (성남동) 102, 301~307,316호(성남동, 시네마스퀘어)
지도보기

지원자격
경력
신입
학력
학력무관
우대조건
자격증

접수기간 · 방법
마감일은 기업의 사정으로 인해 조기 마감 또는 변경될 수 있습니다

기업 정보
기업정보 더보기
사원수
50명 이하
기업구분
중소기업 (-)
산업(업종)
치과 의원
지도보기
위치
강원 강릉시 임영로 102 3층","{
  ""@context"": ""https://schema.org"",
  ""@type"": ""JobPosting"",
  ""title"": ""[최고 대우]신입 진료실 치위생사 모십니다(졸업 예정자 가능)"",
  ""description"": ""연희플란트치과 에서 정규직 신입 채용을 진행합니다. 근무지는 강원특별자치도 강릉시 임영로 102  (성남동)이며, 자세한 조건은 공고를 통해 확인할 수 있습니다."",
  ""datePosted"": ""2026-05-04"",
  ""validThrough"": ""2026-06-03T23:59"",
  ""employmentType"": ""FULL_TIME"",
  ""experienceRequirements"": ""신입"",
  ""educationRequirements"": ""학력무관"",
  ""directApply"": true,
  ""hiringOrganization"": {
    ""@type"": ""Organization"",
    ""name"": ""연희플란트치과 ""
  },
  ""jobLocation"": {
    ""@type"": ""Place"",
    ""address"": {
      ""@type"": ""PostalAddress"",
      ""streetAddress"": ""강원특별자치도 강릉시 임영로 102  (성남동) 102, 301~307,316호(성남동, 시네마스퀘어)""
    }
  },
  ""identifier"": {
    ""@type"": ""PropertyValue"",
    ""name"": ""JobKorea"",
    ""value"": ""49100268""
  },
  ""url"": ""https://www.jobkorea.co.kr/Recruit/GI_Read/49100268""
}",success,
,https://www.jobkorea.co.kr/Recruit/GI_Read/49100269,,,,fail,HTTP status code 404
검색,https://www.jobkorea.co.kr/Recruit/GI_Read/49100270,"에이스파트너스
제주 5성 글로벌 체인호텔 F&B Manager 채용
에이스파트너스는 2009년에 설립된 회사로 자본금 3억원, 매출액 000, 사원수 60명 규모의 중소기업입니다. 서울 강남구 테헤란로8길 33 (역삼동)에 위치하고 있으며, 헤드헌팅 및 커리어컨설팅사업을 하고 있습니다.
포지션 및 자격요건
포지션
( 1명 )
담당업무
ㆍ담당 레스토랑 운영 관리 및 직원 관리
ㆍ호텔 뷔페 / 바 / 룸서비스 부분 등
자격요건
ㆍ경
력 : 경력 5년 이상
우대사항
ㆍ외국어 커뮤니 케이션 가능자 우대 (영어. 중국어)
전형절차
ㆍ서류전형 > 1차면접 > 2차면접 > 임원면접 > 최종합격
ㆍ면접일정은 추후 통보됩니다.
유의사항
ㆍ허위사실이 발견될 경우 채용이 취소될 수 있습니다.",,,success,
전진티티에스,https://www.jobkorea.co.kr/Recruit/GI_Read/49100271,"전진티티에스
CNC선반 조작원 신입직
전진티티에스는 2009년에 설립된 회사로 중소기업입니다. 광주 광산구 진곡산단중앙로 245 (고룡동, (주)전진티티에스)에 위치하고 있으며, 공구제조업,무역업,기계공구,금형제조업, 일반철물 유통업사업을 하고 있습니다.
포지션 및 자격요건
CNC선반 조작원 신입직
( 1명 )
담당업무
ㆍCNC선반 오퍼레이팅 및 제반업무
핵심역량
ㆍ
성실성,
꼼꼼함, 윤리의식, 협동심, 성장지향성
자격요건
ㆍ학력 : 학력무관
ㆍ경력 : 신입
우대사항
ㆍ장기근무 가능자
전형절차
ㆍ서류전형 >  임원면접 > 최종합격
ㆍ면접일정은 추후 통보됩니다.
유의사항
ㆍ허위사실이 발견될 경우 채용이 취소될 수 있습니다.","모집요강
모집분야
CNC선반 조작원 신입직
모집인원
1
명
고용형태
정규직
(수습 3개월)
직급/직책
급여
연봉 2,589만원 이상 (면접 후 결정)
근무시간
주5일(월~금)
08:00 ~ 17:30
탄력근무제
근무시간 협의가능
근무지주소
광주 광산구 진곡산단중앙로 245 (고룡동, (주)전진티티에스) 고룡동 1025
지도보기

지원자격
경력
신입
학력
학력무관
핵심역량
성실성
,
꼼꼼함
,
윤리의식
,
협동심
,
성장지향성
우대조건
기본우대
장기근무 가능자

접수기간 · 방법
마감일은 기업의 사정으로 인해 조기 마감 또는 변경될 수 있습니다

기업 정보
기업정보 더보기
사원수
50명 이하
기업구분
중소기업 (비상장)
산업(업종)
기계·기계설비
지도보기
위치
광주 광산구 진곡산단중앙로 245 (고룡동, (주)전진티티에스) 고룡동 1025","{
  ""@context"": ""https://schema.org"",
  ""@type"": ""JobPosting"",
  ""title"": ""CNC선반 조작원 신입직"",
  ""description"": ""전진티티에스에서 정규직 신입 채용을 진행합니다. 근무지는 광주 광산구 진곡산단중앙로 245 (고룡동, (주)전진티티에스)이며, 자세한 조건은 공고를 통해 확인할 수 있습니다."",
  ""datePosted"": ""2026-05-04"",
  ""validThrough"": ""2026-05-07T23:00"",
  ""employmentType"": ""FULL_TIME"",
  ""experienceRequirements"": ""신입"",
  ""educationRequirements"": ""학력무관"",
  ""directApply"": true,
  ""hiringOrganization"": {
    ""@type"": ""Organization"",
    ""name"": ""전진티티에스""
  },
  ""jobLocation"": {
    ""@type"": ""Place"",
    ""address"": {
      ""@type"": ""PostalAddress"",
      ""streetAddress"": ""광주 광산구 진곡산단중앙로 245 (고룡동, (주)전진티티에스) 고룡동 1025""
    }
  },
  ""baseSalary"": {
    ""@type"": ""MonetaryAmount"",
    ""currency"": ""KRW"",
    ""value"": {
      ""@type"": ""QuantitativeValue"",
      ""value"": 25890000,
      ""unitText"": ""YEAR""
    }
  },
  ""identifier"": {
    ""@type"": ""PropertyValue"",
    ""name"": ""JobKorea"",
    ""value"": ""49100271""
  },
  ""url"": ""https://www.jobkorea.co.kr/Recruit/GI_Read/49100271""
}",success,
(주)와이지-원,https://www.jobkorea.co.kr/Recruit/GI_Read/49100272,"(주)와이지-원  생산장비 오퍼레이터  등
현장 생산직  모집
서운공장
모집요강
모집부문
모집조건
학력 및 우대
대상 업무
모집인원
생산(현장)
근무형태: 정규직(수습기간 3개월)
인근 거주자,
즉시출근 가능자
(재입사 지원가능)
- 절삭공구 생산 업무
- 생산장비 오퍼레이터 등
- 수치제어, 도면판독, 밀링
0명
- 주/야 2조 2교대
- 주간 : 08시 ~ 17시
- 야간 : 20시 ~ 05시
- 주 40시간(잔/특근 별도 주 52시간 한도)
기타
1.  점심식사 제공(저녁식사 제공 : 잔업 시)
2. 근무복 지급
3. 통근버스 운영(일부)
전형절차
지원방법
1)  잡코리아 입사지원
2) 자유양식 지원
유의사항
ㆍ지원 서류에 허위사실이 발견될 경우, 채용확정 이후라도 채용이 취소될 수 있습니다.
문의처
경영지원과 032-500-4411
※ 접수된 이력서는 14일 이내에 반환 가능합니다.","모집요강
모집분야
생산제조
모집인원
○
명
고용형태
정규직
(수습 3개월)
직급/직책
급여
회사 내규에 따름
근무시간
주5일(월~금)
08:00 ~ 17:00
주 40시간 근무 / 잔업 특근 별도 진행(주 52시간 한도)
근무지주소
인천 계양구 서운산단로1길 11  (서운동) 와이지원 서운공장
지도보기

지원자격
경력
신입
학력
고졸이상
우대조건
기본우대
인근거주자, 즉시출근 가능자
자격증

접수기간 · 방법
마감일은 기업의 사정으로 인해 조기 마감 또는 변경될 수 있습니다

기업 정보
기업정보 더보기
사원수
1,001 ~ 10,000명 이하
기업구분
- (-)
산업(업종)
금속·재료·자재
지도보기
위치
인천광역시 연수구 송도과학로16번길 13-40  (송도동) YG-1","{
  ""@context"": ""https://schema.org"",
  ""@type"": ""JobPosting"",
  ""title"": ""(주)와이지-원 생산장비 오퍼레이터 현장 생산직 모집 - 서운공장"",
  ""description"": ""(주)와이지-원에서 정규직 신입 채용을 진행합니다. 근무지는 인천 계양구 서운산단로1길 11  (서운동)이며, 자세한 조건은 공고를 통해 확인할 수 있습니다."",
  ""datePosted"": ""2026-05-04"",
  ""validThrough"": ""2026-06-03T23:59"",
  ""employmentType"": ""FULL_TIME"",
  ""experienceRequirements"": ""신입"",
  ""educationRequirements"": ""고졸 이상"",
  ""directApply"": true,
  ""hiringOrganization"": {
    ""@type"": ""Organization"",
    ""name"": ""(주)와이지-원""
  },
  ""jobLocation"": {
    ""@type"": ""Place"",
    ""address"": {
      ""@type"": ""PostalAddress"",
      ""streetAddress"": ""인천 계양구 서운산단로1길 11  (서운동) 와이지원 서운공장""
    }
  },
  ""identifier"": {
    ""@type"": ""PropertyValue"",
    ""name"": ""JobKorea"",
    ""value"": ""49100272""
  },
  ""url"": ""https://www.jobkorea.co.kr/Recruit/GI_Read/49100272""
}",success,
검색,https://www.jobkorea.co.kr/Recruit/GI_Read/49100273,"㈜에이스파트너스서치펌
제주 5성 글로벌 체인 호텔  하우스키핑 직원 채용
㈜에이스파트너스서치펌은 2009년에 설립된 회사로 자본금 3억원, 매출액 000, 사원수 60명 규모의 중소기업입니다. 서울 강남구 테헤란로8길 33 (역삼동)에 위치하고 있으며, 헤드헌팅 및 커리어컨설팅사업을 하고 있습니다.
포지션 및 자격요건
포지션
( 1명 )
담당업무
ㆍ퍼블릭 담당 업무
ㆍ협력 업체와 원활한 업무 협조
자격요건
-
경력 5년 이상
우대사항
ㆍ퍼블릭 경력자 (카지노 퍼블릭) 우대
ㆍ외국어 구사 능력 유대 ( 영어 또는 중국어)
전형절차
ㆍ서류전형 > 1차면접 > 2차면접 > 임원면접 > 최종합격
ㆍ면접일정은 추후 통보됩니다.
유의사항
ㆍ허위사실이 발견될 경우 채용이 취소될 수 있습니다.",,,success,
(주)리브베,https://www.jobkorea.co.kr/Recruit/GI_Read/49100274,"(주)리브베
[ 리브베 첨단본점 ] 주방 조리팀 직원구합니다
(주)리브베는 2024년에 설립된 회사로 사원수 11명 규모의 중소기업입니다. 광주 광산구 첨단중앙로182번길 76 (쌍암동)에 위치하고 있으며, 리브베 - 브런치베이커리카페사업을 하고 있습니다.
포지션 및 자격요건
주방 직원
( 1명 )
스킬
ㆍ메뉴 조리 및 재료손질, 재고관리, 위생관리
핵심역량
ㆍ
성실성,
협동심,
성장지향성,
계획성, 성취지향성, 꼼꼼함
자격요건
ㆍ학력 : 학력무관
ㆍ경력 : 경력무관
우대사항
ㆍ인근거주자
ㆍ유관업무 경험자(인턴·알바)
ㆍ2교대 근무 가능자
ㆍ즉시출근 가능자
전형절차
ㆍ서류전형 > 1차면접 > 2차면접 > 임원면접 > 최종합격
ㆍ면접일정은 추후 통보됩니다.
유의사항
ㆍ허위사실이 발견될 경우 채용이 취소될 수 있습니다.","모집요강
모집분야
주방 직원
모집인원
1
명
고용형태
정규직
(수습 1개월)
직급/직책
급여
월급 240~248만원
근무시간
주5일근무 (한달 스케줄)
10:00 ~ 20:00
근무지주소
광주 광산구 첨단중앙로182번길 76 (쌍암동) 중해마루힐2차 상가
지도보기

지원자격
경력
경력무관
학력
학력무관
스킬
재고관리, 위생관리, 메뉴 조리 및 재료손질
핵심역량
성장지향성
,
성실성
,
협동심
,
계획성
,
성취지향성
,
꼼꼼함
우대조건
기본우대
즉시출근 가능자, 책임감이 강하신 분, 유사관련 업종 경력자, 서비스 마인드와 팀워크 중요시 생각하시는 분, 요리에 관심이 많으신 분

접수기간 · 방법
마감일은 기업의 사정으로 인해 조기 마감 또는 변경될 수 있습니다

기업 정보
기업정보 더보기
사원수
50명 이하
기업구분
중소기업 (비상장)
산업(업종)
음식료·외식·프랜차이즈
지도보기
위치
광주 광산구 첨단중앙로182번길 76 (쌍암동) 중해마루힐2차 상가","{
  ""@context"": ""https://schema.org"",
  ""@type"": ""JobPosting"",
  ""title"": ""[ 리브베 첨단본점 ] 주방 직원구합니다"",
  ""description"": ""(주)리브베에서 정규직 경력무관 채용을 진행합니다. 근무지는 광주 광산구 첨단중앙로182번길 76 (쌍암동)이며, 자세한 조건은 공고를 통해 확인할 수 있습니다."",
  ""datePosted"": ""2026-05-04"",
  ""validThrough"": ""2026-06-06T23:59"",
  ""employmentType"": ""FULL_TIME"",
  ""experienceRequirements"": ""경력무관"",
  ""educationRequirements"": ""학력무관"",
  ""directApply"": true,
  ""hiringOrganization"": {
    ""@type"": ""Organization"",
    ""name"": ""(주)리브베""
  },
  ""jobLocation"": {
    ""@type"": ""Place"",
    ""address"": {
      ""@type"": ""PostalAddress"",
      ""streetAddress"": ""광주 광산구 첨단중앙로182번길 76 (쌍암동) 중해마루힐2차 상가""
    }
  },
  ""baseSalary"": {
    ""@type"": ""MonetaryAmount"",
    ""currency"": ""KRW"",
    ""value"": {
      ""@type"": ""QuantitativeValue"",
      ""unitText"": ""MONTH"",
      ""minValue"": 2400000,
      ""maxValue"": 2490000
    }
  },
  ""identifier"": {
    ""@type"": ""PropertyValue"",
    ""name"": ""JobKorea"",
    ""value"": ""49100274""
  },
  ""url"": ""https://www.jobkorea.co.kr/Recruit/GI_Read/49100274""
}",success,
㈜인스밸리,https://www.jobkorea.co.kr/Recruit/GI_Read/49100275,"㈜인스밸리는 2000년 삼성그룹 보험 전문가들이 설립한 국내 최초·최대 온라인 보험비교 플랫폼으로, 업력 25년의 인슈어테크 전문 기업입니다.
30여 개 생명·손해보험사, 100여 개 상품을 비교하는 대규모 트래픽 환경을 기반으로,
보험 업계에서 가장 활발하게 퍼포먼스 마케팅을 운영해 온 기업 중 하나입니다.
퍼포먼스 광고 실무 경험을 보유한 분이라면, 보험이라는 고관여·고단가 버티컬에서 직접 성과를 만들어내는 경험을 하실 수 있습니다.
인스밸리는 마케터가 성과에만 집중할 수 있도록 데이터, 예산, 운영 환경 등 필요한 모든 것을 아낌없이 지원합니다.
25년의 안정적인 업력과 빠르게 성장하는 온라인 보험 시장 위에서, 숫자로 성과를 증명하고 싶은 퍼포먼스 마케터를 찾습니다.
모집분야 및 자격요건
마케팅 ( 0명 )
담당업무
보험 버티컬 특성에 맞는 매체 전략을 직접 수립하고 운영합니다.
네이버·구글·메타 캠페인 세팅부터 일상적인 최적화까지 주도적으로 맡습니다.
캠페인 데이터를 분석해 인사이트를 도출하고, 다음 전략에 반영합니다.
성과를 높이기 위한 광고 소재를 기획하고 A/B 테스트를 반복합니다.
자격요건
학력 : 학력무관
퍼포먼스 마케팅 관련 실무 경력 1년 이상
GA(Google Analytics) 데이터 분석 및 활용 가능한 분
SA·DA(네이버·구글·메타 등) 기반 웹/앱 마케팅 운영 경험자
엑셀·파워포인트로 데이터 정리 및 보고가 가능한 분
이런 분이라면
더욱 환영합니다
퍼포먼스 광고 실무 경험자 (경력에 따라 직책 별도 부여)
전환수·CPA·ROAS 중심의 성과 분석에 익숙한 분
보험·금융 등 고관여 버티컬 마케팅 경험이 있는 분
조직 내외 커뮤니케이션이 원활하고, 비즈니스 전반의 맥락을 이해하는 분
AI 툴을 업무에 실제로 활용해 본 경험이 있는 분
근무조건
고용 형태: 정규직 (수습 3개월, 수습기간 급여 100% 지급)
급여: 면접 후 협의
근무지: 서울 신도림 (1·2호선 신도림역 도보 이용 가능)
근무 시간: 탄력근무제 운영 ? 출근 8~10시 / 퇴근 17~19시 자율 선택
자주 궁금해
하시는 것들
Q. 실제로 어떤 일을 하게 되나요?
보험 상품의 특성에 맞는 캠페인을 직접 기획하고 운영합니다.
네이버·구글·메타 광고 운영 및 최적화, 소재 기획과 테스트, 성과 분석 리포팅,
랜딩페이지 개선까지 퍼포먼스 마케팅 전 과정을 주도적으로 경험할 수 있습니다.
Q. 어떤 역량을 가장 중요하게 보나요?
데이터를 근거로 캠페인을 구조화하고 개선할 수 있는 분석적 사고력을 가장 중요하게 봅니다.
전환수·CPA 중심의 성과 해석, 머신러닝 학습 구조에 대한 이해가 있다면 더욱 좋습니다.
Q. 경력이 짧아도 지원할 수 있나요?
실무 경력 1년 이상이면 지원 가능합니다.
연차보다는 실제로 캠페인을 얼마나 주도적으로 다뤄봤는지를 더 중요하게 봅니다.
Q. 회사에서 마케터를 어떻게 지원하나요?
성과에만 집중할 수 있도록 데이터 환경, 광고 예산, 운영 툴 등 필요한 리소스를 적극적으로 지원합니다.
잘 만든 전략이 예산 부족으로 멈추는 일은 없습니다..
전형절차
서류전형
1차면접
최종합격
※ 면접일정은 추후 통보됩니다.
유의사항
허위사실이 발견될 경우 채용이 취소될 수 있습니다.","모집요강
모집분야
온라인마케팅
모집인원
○
명
고용형태
정규직
(수습 3개월)
직급/직책
급여
회사 내규에 따름 (면접 후 결정)
근무시간
주5일(월~금)
09:00 ~ 18:00
탄력근무제
근무지주소
서울 구로구 신도림로17길 15 (신도림동) 온리정보통신빌딩 2,3,4층
지도보기
인근지하철

지원자격
경력
신입·경력
학력
학력무관
스킬
우대조건
기본우대
컴퓨터활용능력 우수자, 통계분석·리서치 능숙자, 엑셀 고급능력 보유자, 문서작성 우수자, 관련 자격증 보유자

접수기간 · 방법
마감일은 기업의 사정으로 인해 조기 마감 또는 변경될 수 있습니다

기업 정보
기업정보 더보기
사원수
301 ~ 500명 이하
기업구분
중소기업 (비상장)
산업(업종)
은행·금융
지도보기
위치
서울 구로구 신도림로17길 15 (신도림동) 온리정보통신빌딩 2,3,4층","{
  ""@context"": ""https://schema.org"",
  ""@type"": ""JobPosting"",
  ""title"": ""[퍼포먼스 마케터 채용] 국내 최대 보험비교 플랫폼 인스밸리"",
  ""description"": ""㈜인스밸리에서 정규직 신입·경력 채용을 진행합니다. 근무지는 서울 구로구 신도림로17길 15 (신도림동)이며, 자세한 조건은 공고를 통해 확인할 수 있습니다."",
  ""datePosted"": ""2026-05-04"",
  ""validThrough"": ""2026-05-31T23:59"",
  ""employmentType"": ""FULL_TIME"",
  ""experienceRequirements"": ""신입·경력"",
  ""educationRequirements"": ""학력무관"",
  ""directApply"": true,
  ""hiringOrganization"": {
    ""@type"": ""Organization"",
    ""name"": ""㈜인스밸리""
  },
  ""jobLocation"": {
    ""@type"": ""Place"",
    ""address"": {
      ""@type"": ""PostalAddress"",
      ""streetAddress"": ""서울 구로구 신도림로17길 15 (신도림동) 온리정보통신빌딩 2,3,4층""
    }
  },
  ""identifier"": {
    ""@type"": ""PropertyValue"",
    ""name"": ""JobKorea"",
    ""value"": ""49100275""
  },
  ""url"": ""https://www.jobkorea.co.kr/Recruit/GI_Read/49100275""
}",success,
검색,https://www.jobkorea.co.kr/Recruit/GI_Read/49100276,"㈜에이스파트너스서치펌
제주 5성 글로벌 체인 호텔 스시 쉐프 채용
㈜에이스파트너스서치펌은 2009년에 설립된 회사로 자본금 3억원, 매출액 000, 사원수 60명 규모의 중소기업입니다. 서울 강남구 테헤란로8길 33 (역삼동)에 위치하고 있으며, 헤드헌팅 및 커리어컨설팅사업을 하고 있습니다.
포지션 및 자격요건
포지션
( 1명 )
담당업무
ㆍ오픈 키친 형태의 스시 파트 운영
ㆍ유메야마 일식당 스시 부문
자격요건
ㆍ
경력 7년 이상 ( 오마카세 스타일의 일식장 스시 파트 경험)
우대사항
ㆍ일본어 가능자 우대
전형절차
ㆍ서류전형 > 1차면접 > 2차면접 > 임원면접 > 최종합격
ㆍ면접일정은 추후 통보됩니다.
유의사항
ㆍ허위사실이 발견될 경우 채용이 취소될 수 있습니다.",,,success,
시큐리타스코리아㈜,https://www.jobkorea.co.kr/Recruit/GI_Read/49100277,"시큐리타스코리아㈜
[외국계기업/춘천]
Operation Analyst
시큐리타스코리아㈜는 2014년에 설립된 회사로 자본금 10억 , 매출액 100억원, 사원수 200명 규모의 중소기업입니다. 서울 강남구 영동대로 422 (대치동, 일원빌딩)에 위치하고 있으며, 보안 컨설팅, 기업리스크 관리, 특수경비 신변보호, 보안, 시설경비사업을 하고 있습니다.
모집분야 및 자격요건
모집분야 및 자격요건
모집분야
담당업무
자격요건
모집인원
Operation Analyst
1. 현장 순찰
2. 출입 통제
3. 보안시스템 모니터링
학력: 고졸이상
경력: 무관
[우대조건]
영어가능자
컴퓨터 활용능력 우수자
관련 자격증 소지자(신임경비교육 수료, 경비지도사 등)
1 명
근무조건
근무형태 : 계약직 (수습기간 3개월)
근무지 :
강원도 춘천시 옛경춘로
근무요일 : 주야비비
근무시간 :  08:00~18:00 / 18:00~08:00
급여 : 연봉 3,400만원
전형절차
서류전형
>
1차면접
>
2차면접
>
최종합격
※ 면접일정은 추후 통보됩니다.
접수방법
채용시 마감
접수방법 : 잡코리아 접수
이력서 : 잡코리아이력서
제출서류
이력서, 자기소개서 제출
기타사항
허위사실이 발견될 경우 채용이 취소될 수 있습니다.
시큐리타스코리아㈜
취업 준비의 시작은
에서!","모집요강
모집분야
Operation Analyst
모집인원
○
명
고용형태
계약직
(협의)
급여
연봉 3,400만원 이상 (면접 후 결정)
근무시간
주야비비
08:00 ~ 18:00, 18:00 ~ 08:00
근무지주소
서울 강남구 대치동
지도보기
인근지하철

지원자격
경력
경력무관
학력
고졸이상
우대조건
기본우대
군전역간부(장교·부사관), 영어가능자, 컴퓨터활용능력 우수자, 2교대 근무 가능자

접수기간 · 방법
마감일은 기업의 사정으로 인해 조기 마감 또는 변경될 수 있습니다

기업 정보
기업정보 더보기
사원수
51 ~ 300명 이하
기업구분
외국계(외국 투자기업) (비상장)
산업(업종)
경비 및 경호 서비스업
위치
서울 강남구 영동대로 422 (대치동, 일원빌딩) -","{
  ""@context"": ""https://schema.org"",
  ""@type"": ""JobPosting"",
  ""title"": ""[외국계/춘천] Operation Analyst (주야비비)"",
  ""description"": ""시큐리타스코리아㈜에서 계약직 경력무관 채용을 진행합니다. 근무지는 서울 강남구 대치동이며, 자세한 조건은 공고를 통해 확인할 수 있습니다."",
  ""datePosted"": ""2026-05-04"",
  ""validThrough"": ""2026-06-03T23:59"",
  ""employmentType"": ""CONTRACTOR"",
  ""experienceRequirements"": ""경력무관"",
  ""educationRequirements"": ""고졸 이상"",
  ""directApply"": true,
  ""hiringOrganization"": {
    ""@type"": ""Organization"",
    ""name"": ""시큐리타스코리아㈜""
  },
  ""jobLocation"": {
    ""@type"": ""Place"",
    ""address"": {
      ""@type"": ""PostalAddress"",
      ""streetAddress"": ""서울 강남구 대치동 ""
    }
  },
  ""baseSalary"": {
    ""@type"": ""MonetaryAmount"",
    ""currency"": ""KRW"",
    ""value"": {
      ""@type"": ""QuantitativeValue"",
      ""value"": 34000000,
      ""unitText"": ""YEAR""
    }
  },
  ""identifier"": {
    ""@type"": ""PropertyValue"",
    ""name"": ""JobKorea"",
    ""value"": ""49100277""
  },
  ""url"": ""https://www.jobkorea.co.kr/Recruit/GI_Read/49100277""
}",success,
검색,https://www.jobkorea.co.kr/Recruit/GI_Read/49100278,"에이스파트너스
제주 5성 글로벌 체인 호텔 일식 데판 담당 채용
에이스파트너스는 2009년에 설립된 회사로 자본금 3억원, 매출액 000, 사원수 60명 규모의 중소기업입니다. 서울 강남구 테헤란로8길 33 (역삼동)에 위치하고 있으며, 헤드헌팅 및 커리어컨설팅사업을 하고 있습니다.
포지션 및 자격요건
포지션
( 1명 )
담당업무
ㆍ오픈 키친 형태의 데판 야끼 담당
자격요건
-
경력 최소 5년 이상
- 일식 데판야끼 파트 경험자
우대사항
ㆍ일본어 가능자 우대
전형절차
ㆍ서류전형 > 1차면접 > 2차면접 > 임원면접 > 최종합격
ㆍ면접일정은 추후 통보됩니다.
유의사항
ㆍ허위사실이 발견될 경우 채용이 취소될 수 있습니다.",,,success,
㈜이브릿지,https://www.jobkorea.co.kr/Recruit/GI_Read/49100279,"[인천공항 T2] 스카이허브라운지 홀서비스 (보조)사원
포지션 및 자격요건
인천국제공항
제 2여객터미널
스카이허브라운지
홀파트 보조
( ○명 )
담당업무
ㆍ뷔페 푸드스테이션 청결관리 및 고객서비스
ㆍ테이블 정리 및 라운지 환경관리
ㆍ재고 및 원물관리, 고객서비스 제품 보충
자격요건
ㆍ2교대 근무 가능자
ㆍ대인관계가 완만한 자
ㆍ서비스마인드를 갖춘 자
ㆍ보건증 소지자 必
우대사항
ㆍ제 2외국어 가능자
ㆍ인근거주자
ㆍ유관업무 경험자 (인턴, 아르바이트)
ㆍ장기근무 가능자
복리후생
ㆍ연월차 사용
ㆍ유니폼 지급
ㆍ우수사원/장기근속 포상
ㆍ국내 외 공항라운지 이용권 제공 등
근무조건
ㆍ근무형태 : 계약직 (수습기간 3개월 내 급여 100% 지급)
연봉 內 매 월 교통비 포함, 식대 포인트 지급
근속 3개월 이상 만근근속시 명절상여 별도
ㆍ근무일시 :
주 5일 스케줄 근무, 탄력적 스케줄 근무제
오전 06:40~15:40
오후 13:00 ~22:00  (일 8시간, 1시간 휴게)
ㆍ근무지역 : 인천 중구 운서동 2840 인천국제공항  면세구역 內 환승라운지 (제2여객터미널)
전형절차
ㆍ서류전형 > 1차면접  > 최종합격
ㆍ면접일정은 추후 통보됩니다.
ㆍ
서류 합격자에 한해 순차적으로 면접 안내됩니다.
유의사항
ㆍ허위사실이 발견될 경우 채용이 취소될 수 있습니다.
ㆍ이력서에 경력 및 자기소개 기재바랍니다.","모집요강
모집분야
서비스 보조 사원
모집인원
○
명
고용형태
정규직
,
계약직
(정규직 전환 가능)
직급/직책
급여
연봉 3,360만원 이상 (면접 후 결정)
근무시간
06:30 ~ 22:00
탄력근무제
근무지주소
인천 중구 공항로 272 (운서동, 인천공항) 제 2여객터미널 면세구역 내 스카이허브라운지
지도보기
인근지하철

지원자격
경력
경력무관
학력
초대졸이상
(졸업예정자 가능)
우대조건
기본우대
영어가능자, 일본어가능자, 중국어가능자, 인근거주자, 유관업무 경험자(인턴·알바), 2교대 근무 가능자, 야간근무 가능자, 유관업무 경력자, 즉시출근 가능자, 장기근무 가능자

접수기간 · 방법
마감일은 기업의 사정으로 인해 조기 마감 또는 변경될 수 있습니다

기업 정보
기업정보 더보기
사원수
-
기업구분
중소기업 (비상장)
산업(업종)
광고·홍보·전시
지도보기
위치
서울 중구 남대문로 113 (다동, 동부다동빌딩) 3층 이브릿지","{
  ""@context"": ""https://schema.org"",
  ""@type"": ""JobPosting"",
  ""title"": ""[인천공항 T2] 스카이허브라운지 홀서비스 (보조) 사원"",
  ""description"": ""㈜이브릿지에서 정규직 경력무관 채용을 진행합니다. 근무지는 인천 중구 공항로 272 (운서동, 인천공항)이며, 자세한 조건은 공고를 통해 확인할 수 있습니다."",
  ""datePosted"": ""2026-05-04"",
  ""validThrough"": ""2026-06-30T23:59"",
  ""employmentType"": [
    ""FULL_TIME"",
    ""CONTRACTOR""
  ],
  ""experienceRequirements"": ""경력무관"",
  ""educationRequirements"": ""초대졸 이상"",
  ""directApply"": true,
  ""hiringOrganization"": {
    ""@type"": ""Organization"",
    ""name"": ""㈜이브릿지""
  },
  ""jobLocation"": {
    ""@type"": ""Place"",
    ""address"": {
      ""@type"": ""PostalAddress"",
      ""streetAddress"": ""인천 중구 공항로 272 (운서동, 인천공항) 제 2여객터미널 면세구역 내 스카이허브라운지""
    }
  },
  ""baseSalary"": {
    ""@type"": ""MonetaryAmount"",
    ""currency"": ""KRW"",
    ""value"": {
      ""@type"": ""QuantitativeValue"",
      ""value"": 33600000,
      ""unitText"": ""YEAR""
    }
  },
  ""identifier"": {
    ""@type"": ""PropertyValue"",
    ""name"": ""JobKorea"",
    ""value"": ""49100279""
  },
  ""url"": ""https://www.jobkorea.co.kr/Recruit/GI_Read/49100279""
}",success,
㈜와이에스컴퍼니1,https://www.jobkorea.co.kr/Recruit/GI_Read/49100280,"㈜와이에스컴퍼니1
(주)와이에스컴퍼니1 사무직 인사채용
㈜와이에스컴퍼니1는 2020년에 설립된 회사로 자본금 30만원, 매출액 6억 665만원, 사원수 30명 규모의 중소기업입니다. 경기 화성시 안녕길115번길 3 (안녕동)에 위치하고 있으며, 가전설치 및 AS, 품질관리에서 사후관리까지 제품에 관련된 모든 사항을 협업사업을 하고 있습니다.
포지션 및 자격요건
사무직
( ○명 )
담당업무
ㆍ가전 설치 관련 사무업무
자격요건
ㆍ학력 : 학력무관
ㆍ경력 : 경력무관
우대사항
ㆍPC, ERP(이카운트사용), 엑셀 능숙자
전형절차
ㆍ서류전형 > 1차면접 > 최종합격
ㆍ면접일정은 추후 통보됩니다.
유의사항
ㆍ허위사실이 발견될 경우 채용이 취소될 수 있습니다.","모집요강
모집분야
사무직
모집인원
○
명
고용형태
정규직
급여
월급 220만원 이상 (면접 후 결정)
근무시간
주5일(월~금)
09:00 ~ 18:00
근무지주소
경기 화성시 안녕길115번길 3 (안녕동) YSCOMPANY 2층 사무실
지도보기

지원자격
경력
경력무관
학력
학력무관

접수기간 · 방법
마감일은 기업의 사정으로 인해 조기 마감 또는 변경될 수 있습니다

기업 정보
기업정보 더보기
사원수
50명 이하
기업구분
중소기업 (비상장)
산업(업종)
가전제품 및 부품 도매업
지도보기
위치
경기 화성시 안녕길115번길 3 (안녕동) 2층","{
  ""@context"": ""https://schema.org"",
  ""@type"": ""JobPosting"",
  ""title"": ""(주)와이에스컴퍼니1 사무직 인사채용"",
  ""description"": ""㈜와이에스컴퍼니1에서 정규직 경력무관 채용을 진행합니다. 근무지는 경기 화성시 안녕길115번길 3 (안녕동)이며, 자세한 조건은 공고를 통해 확인할 수 있습니다."",
  ""datePosted"": ""2026-05-04"",
  ""validThrough"": ""2026-06-03T23:59"",
  ""employmentType"": ""FULL_TIME"",
  ""experienceRequirements"": ""경력무관"",
  ""educationRequirements"": ""학력무관"",
  ""directApply"": true,
  ""hiringOrganization"": {
    ""@type"": ""Organization"",
    ""name"": ""㈜와이에스컴퍼니1""
  },
  ""jobLocation"": {
    ""@type"": ""Place"",
    ""address"": {
      ""@type"": ""PostalAddress"",
      ""streetAddress"": ""경기 화성시 안녕길115번길 3 (안녕동) YSCOMPANY 2층 사무실""
    }
  },
  ""baseSalary"": {
    ""@type"": ""MonetaryAmount"",
    ""currency"": ""KRW"",
    ""value"": {
      ""@type"": ""QuantitativeValue"",
      ""value"": 2200000,
      ""unitText"": ""MONTH""
    }
  },
  ""identifier"": {
    ""@type"": ""PropertyValue"",
    ""name"": ""JobKorea"",
    ""value"": ""49100280""
  },
  ""url"": ""https://www.jobkorea.co.kr/Recruit/GI_Read/49100280""
}",success,
중소벤처기업진흥공단,https://www.jobkorea.co.kr/Recruit/GI_Read/49100281,"중소벤처기업진흥공단
(주)다스코 기업에서 R&D센터 연구원 모집합니다.
포지션 및 자격요건
R&D 연구소
( ○명 )
문의처
매칭지원센터 : 1899-3001
매칭플랫폼 채널 URL :
http://pf.kakao.com/_sxhxiYxb
매칭플랫폼 채팅 URL :
http://pf.kakao.com/_sxhxiYxb/chat
유의사항
ㆍ허위사실이 발견될 경우 채용이 취소될 수 있습니다.
홈페이지 접수 바로가기","모집요강
모집분야
R&D 연구소
모집인원
○
명
고용형태
정규직
(수습 3개월)
급여
연봉 4,000~5,000만원 (면접 후 결정)
근무시간
주5일(월~금)
08:00 ~ 18:00
실근무기업
(주)다스코
중소기업
(비상장)
근무지주소
부산 강서구 녹산산단17로78번길 33 (송정동) (주)다스코
지도보기

지원자격
경력
경력
(2년이상)
학력
대졸이상

접수기간 · 방법
마감일은 기업의 사정으로 인해 조기 마감 또는 변경될 수 있습니다

기업 정보
기업정보 더보기
사원수
-
기업구분
국내 공공기관·공기업 (-)
산업(업종)
금속·재료·자재
지도보기
위치
경남 진주시 동진로 430 (충무공동, 중소기업진흥공단) -","{
  ""@context"": ""https://schema.org"",
  ""@type"": ""JobPosting"",
  ""title"": ""(주)다스코 기업에서 R&D센터 연구원 모집합니다."",
  ""description"": ""중소벤처기업진흥공단에서 정규직 경력 채용을 진행합니다. 근무지는 부산 강서구 녹산산단17로78번길 33 (송정동)이며, 자세한 조건은 공고를 통해 확인할 수 있습니다."",
  ""datePosted"": ""2026-04-30"",
  ""validThrough"": ""2026-06-29T23:59"",
  ""employmentType"": ""FULL_TIME"",
  ""experienceRequirements"": ""경력"",
  ""educationRequirements"": ""대졸 이상"",
  ""directApply"": true,
  ""hiringOrganization"": {
    ""@type"": ""Organization"",
    ""name"": ""중소벤처기업진흥공단""
  },
  ""jobLocation"": {
    ""@type"": ""Place"",
    ""address"": {
      ""@type"": ""PostalAddress"",
      ""streetAddress"": ""부산 강서구 녹산산단17로78번길 33 (송정동) (주)다스코""
    }
  },
  ""baseSalary"": {
    ""@type"": ""MonetaryAmount"",
    ""currency"": ""KRW"",
    ""value"": {
      ""@type"": ""QuantitativeValue"",
      ""unitText"": ""YEAR"",
      ""minValue"": 40000000,
      ""maxValue"": 50010000
    }
  },
  ""identifier"": {
    ""@type"": ""PropertyValue"",
    ""name"": ""JobKorea"",
    ""value"": ""49100281""
  },
  ""url"": ""https://www.jobkorea.co.kr/Recruit/GI_Read/49100281""
}",success,
㈜이포트,https://www.jobkorea.co.kr/Recruit/GI_Read/49100282,"[이포트] 공장관리/총무 채용 (신입/경력 3년 이하, 진천)
주식회사 이포트는 첨단 메모리 반도체 패키지에 적용되는 방열 소재를 연구·개발하고 제조하는 회사입니다.
세계 최고의 로우 알파 구상알루미나 전문 기업을 목표로, 오직 기술력으로 승부하는 소재 기업입니다.
특히, 메모리 반도체 및 AI 고성능 반도체 시장의 확장 속에서 이포트의 소재 기술은
AI 데이터센터(HBM), AI 스마트폰, AI 노트북 등에 적용되어 첨단 미래 산업에 더욱 각광을 받을 것으로 기대되며,
2025년 상반기 Series-A 투자 유치에 성공하여 그 기술력과 성장 가능성을 시장에서 인정받아
최근 일본 및 해외 고객들과의 협업에서도 큰 가능성을 확인하고 있습니다.
AI 반도체 시장의 핵심 파트너로 도약하는 이포트와 함께, 차세대 소재 산업의 주역으로 성장할 분들을 찾습니다.
포지션 및 자격요건
공장관리/총무
(근무지 : 충북 진천)
[담당업무]
ㆍ공장관리/총무 업무 전반 수행
ㆍ
건물 및 시설, 환경 관리
ㆍ
소방/안전/보안 관리
ㆍ
구매 및 자산 관리
ㆍ
공장 관련 계약 관리 및 비용 정산 등
[자격요건]
ㆍ학력 : 대졸(4년) 이상
ㆍ경력 : 신입/경력 3년 이하
[우대사항]
ㆍ산업안전기사, 소방설비기사 등 업무 관련 자격증 보유자
ㆍ운전 가능자
ㆍ해당 직무 근무 경험자
근무조건
ㆍ
고용형태 :
정규직
(수습 3개월)
ㆍ
급여 :
회사 내규에 따름 (면접 후 결정)
ㆍ
근무지 :
충북 진천군 덕산읍 신척산단2로 42, 주식회사 이포트
ㆍ
근무요일/시간 :
주 5일 (월~금) 09:00~18:00
복지 및 혜택
ㆍ점심식사 지원
ㆍ명절 상여
ㆍ자기개발비 지원
ㆍ휴가비 지원
전형절차
ㆍ
서류전형 > 면접전형 > 평판조회(주임급 이상) > 처우협의 > 최종합격
※ 채용전형은 회사 사정에 따라 변동될 수 있음
유의사항
ㆍ공통 우대사항 : 국가보훈 대상자 및 장애인은 관련 법규에 의거 우대합니다.
ㆍ
채용 절차 및 일정은 회사 사정에 따라 변경될 수 있습니다.
ㆍ
정규직 채용의 경우, 수습기간 3개월 적용 후 평가에 따라 채용여부가 결정됩니다.
ㆍ
입사지원 서류에 허위사실이 발견될 경우, 채용확정 이후라도 채용이 취소될 수 있습니다.","모집요강
모집분야
공장관리/총무
모집인원
○
명
고용형태
정규직
(수습 3개월)
급여
회사 내규에 따름 (면접 후 결정)
근무시간
주5일(월~금)
09:00 ~ 18:00
근무지주소
충북 진천군 덕산읍 신척산단2로 42 (신척리, 라필라) 주식회사 이포트
지도보기

지원자격
경력
신입·경력
학력
대졸이상
우대조건
자격증

접수기간 · 방법
마감일은 기업의 사정으로 인해 조기 마감 또는 변경될 수 있습니다

기업 정보
기업정보 더보기
사원수
50명 이하
기업구분
중소기업 (비상장)
산업(업종)
기타 기초 무기 화학물질 제조업
지도보기
위치
경기 용인시 수지구 신수로 767 (동천동, 분당수지U-TOWER) A동 616호","{
  ""@context"": ""https://schema.org"",
  ""@type"": ""JobPosting"",
  ""title"": ""[이포트] 공장관리/총무 채용 (신입/경력 3년 이하, 진천)"",
  ""description"": ""㈜이포트에서 정규직 신입·경력 채용을 진행합니다. 근무지는 충북 진천군 덕산읍 신척산단2로 42 (신척리, 라필라)이며, 자세한 조건은 공고를 통해 확인할 수 있습니다."",
  ""datePosted"": ""2026-05-04"",
  ""validThrough"": ""2027-05-03T15:00"",
  ""employmentType"": ""FULL_TIME"",
  ""experienceRequirements"": ""신입·경력"",
  ""educationRequirements"": ""대졸 이상"",
  ""directApply"": true,
  ""hiringOrganization"": {
    ""@type"": ""Organization"",
    ""name"": ""㈜이포트""
  },
  ""jobLocation"": {
    ""@type"": ""Place"",
    ""address"": {
      ""@type"": ""PostalAddress"",
      ""streetAddress"": ""충북 진천군 덕산읍 신척산단2로 42 (신척리, 라필라) 주식회사 이포트""
    }
  },
  ""identifier"": {
    ""@type"": ""PropertyValue"",
    ""name"": ""JobKorea"",
    ""value"": ""49100282""
  },
  ""url"": ""https://www.jobkorea.co.kr/Recruit/GI_Read/49100282""
}",success,
㈜아이네임즈,https://www.jobkorea.co.kr/Recruit/GI_Read/49100283,"㈜아이네임즈
대표이사 수행기사 채용
포지션 및 자격요건
대표이사 수행기사
( 1명 )
담당업무
ㆍ대표이사 차량 운전(거주지  : 용인 / 회사 : 성남, 강릉)
ㆍ대표이사 출퇴근 및 강릉 출장 수행(매주 수목금)
ㆍ기타 차량운행에 관한 업무
자격요건
ㆍ1종 보통 운전명허 소지자
ㆍ장거리 운전 가능자
ㆍ유동적인 근무시간 대응 가능자
ㆍ비흡연자
우대사항
ㆍ대표이사 수행기사 경험자
ㆍ법인차량 관리 경험자
ㆍ용인 거주자
전형절차
ㆍ서류전형 > 1차면접 > 2차면접 > 임원면접 > 최종합격
ㆍ면접일정은 추후 통보됩니다.
유의사항
ㆍ허위사실이 발견될 경우 채용이 취소될 수 있습니다.","모집요강
모집분야
대표이사 수행기사
모집인원
1
명
고용형태
정규직
(수습 3개월)
직급/직책
급여
회사 내규에 따름 (면접 후 결정)
근무시간
협의가능
09:00 ~ 18:00
탄력근무제
근무지주소
경기 성남시 분당구 성남대로925번길 37 (야탑동, 한승베네피아오피스텔) 201호
지도보기
인근지하철

지원자격
경력
경력
학력
학력무관
스킬
우대조건
기본우대
용인거주자, 법인차량 관리 경험자, 대표이사 수행기사 경험자

접수기간 · 방법
마감일은 기업의 사정으로 인해 조기 마감 또는 변경될 수 있습니다

기업 정보
기업정보 더보기
사원수
-
기업구분
벤처기업 (-)
산업(업종)
네트워크·통신서비스
지도보기
위치
경기 성남시 분당구 성남대로925번길 37 (야탑동, 한승베네피아오피스텔) 201호","{
  ""@context"": ""https://schema.org"",
  ""@type"": ""JobPosting"",
  ""title"": ""대표이사 수행기사 경력직 채용"",
  ""description"": ""㈜아이네임즈에서 정규직 경력 채용을 진행합니다. 근무지는 경기 성남시 분당구 성남대로925번길 37 (야탑동, 한승베네피아오피스텔)이며, 자세한 조건은 공고를 통해 확인할 수 있습니다."",
  ""datePosted"": ""2026-05-04"",
  ""validThrough"": ""2026-06-30T23:59"",
  ""employmentType"": ""FULL_TIME"",
  ""experienceRequirements"": ""경력"",
  ""educationRequirements"": ""학력무관"",
  ""directApply"": true,
  ""hiringOrganization"": {
    ""@type"": ""Organization"",
    ""name"": ""㈜아이네임즈""
  },
  ""jobLocation"": {
    ""@type"": ""Place"",
    ""address"": {
      ""@type"": ""PostalAddress"",
      ""streetAddress"": ""경기 성남시 분당구 성남대로925번길 37 (야탑동, 한승베네피아오피스텔) 201호""
    }
  },
  ""identifier"": {
    ""@type"": ""PropertyValue"",
    ""name"": ""JobKorea"",
    ""value"": ""49100283""
  },
  ""url"": ""https://www.jobkorea.co.kr/Recruit/GI_Read/49100283""
}",success,
전진티티에스,https://www.jobkorea.co.kr/Recruit/GI_Read/49100284,"전진티티에스
MCT오퍼레이터 신입직
전진티티에스는 2009년에 설립된 회사로 중소기업입니다. 광주 광산구 진곡산단중앙로 245 (고룡동, (주)전진티티에스)에 위치하고 있으며, 공구제조업,무역업,기계공구,금형제조업, 일반철물 유통업사업을 하고 있습니다.
포지션 및 자격요건
MCT오퍼레이터 신입직
( 1명 )
담당업무
ㆍMCT 오퍼레이팅 및 제반업무
스킬
ㆍCNC, MCT
핵심역량
ㆍ
성실성,
윤리의식, 적응성, 협동심, 성장지향성
자격요건
ㆍ학력 : 학력무관
ㆍ경력 : 신입
우대사항
ㆍ장기근속가능자 우대
전형절차
ㆍ서류전형 >  임원면접 > 최종합격
ㆍ면접일정은 추후 통보됩니다.
유의사항
ㆍ허위사실이 발견될 경우 채용이 취소될 수 있습니다.","모집요강
모집분야
MCT오퍼레이터 신입직
모집인원
1
명
고용형태
정규직
(수습 3개월)
급여
연봉 2,589만원 이상 (면접 후 결정)
근무시간
주5일(월~금)
08:00 ~ 17:30
근무지주소
광주 광산구 진곡산단중앙로 245 (고룡동, (주)전진티티에스) 고룡동 1025
지도보기

지원자격
경력
신입
학력
학력무관
스킬
핵심역량
성실성
,
윤리의식
,
적응성
,
협동심
,
성장지향성

접수기간 · 방법
마감일은 기업의 사정으로 인해 조기 마감 또는 변경될 수 있습니다

기업 정보
기업정보 더보기
사원수
50명 이하
기업구분
중소기업 (비상장)
산업(업종)
기계·기계설비
지도보기
위치
광주 광산구 진곡산단중앙로 245 (고룡동, (주)전진티티에스) 고룡동 1025","{
  ""@context"": ""https://schema.org"",
  ""@type"": ""JobPosting"",
  ""title"": ""MCT오퍼레이터 신입직"",
  ""description"": ""전진티티에스에서 정규직 신입 채용을 진행합니다. 근무지는 광주 광산구 진곡산단중앙로 245 (고룡동, (주)전진티티에스)이며, 자세한 조건은 공고를 통해 확인할 수 있습니다."",
  ""datePosted"": ""2026-05-04"",
  ""validThrough"": ""2026-05-07T23:00"",
  ""employmentType"": ""FULL_TIME"",
  ""experienceRequirements"": ""신입"",
  ""educationRequirements"": ""학력무관"",
  ""directApply"": true,
  ""hiringOrganization"": {
    ""@type"": ""Organization"",
    ""name"": ""전진티티에스""
  },
  ""jobLocation"": {
    ""@type"": ""Place"",
    ""address"": {
      ""@type"": ""PostalAddress"",
      ""streetAddress"": ""광주 광산구 진곡산단중앙로 245 (고룡동, (주)전진티티에스) 고룡동 1025""
    }
  },
  ""baseSalary"": {
    ""@type"": ""MonetaryAmount"",
    ""currency"": ""KRW"",
    ""value"": {
      ""@type"": ""QuantitativeValue"",
      ""value"": 25890000,
      ""unitText"": ""YEAR""
    }
  },
  ""identifier"": {
    ""@type"": ""PropertyValue"",
    ""name"": ""JobKorea"",
    ""value"": ""49100284""
  },
  ""url"": ""https://www.jobkorea.co.kr/Recruit/GI_Read/49100284""
}",success,
㈜파라다이스호텔 부산,https://www.jobkorea.co.kr/Recruit/GI_Read/49100285,"㈜파라다이스호텔 부산
[파라다이스 호텔 부산] 야외 가든(서비스/조리) AR 모집
포지션 및 자격요건
F&B서비스/조리
( 0명 )
■ 근무 조건
- 공통 : 주 5일(스케줄 근무) - 우천 시 근무 취소될 수 있음
- 5,9월 : 공휴일 및 주말
- 6~8월 : 상시 운영
1) 서비스
- 1부 : 13:00~22:00
- 2부 : 16:00 ~ 25:00
2) 조리
- 1부 : 13:00 ~ 22:00
- 2부 : 14:00 ~ 23:00
■ 시급 : 12,000원 이상(1개월마다 만근 시 별도 보너스 지급 예정
■ 담당 업무
ㆍF&B서비스(야외 가든)
- 호텔 야외 가든 영업장 내 고객 응대 및 서빙
- 고객의 요구에 맞춘 음료 및 음식 추천
- 위생 및 안전 규정 준수하며 서비스 구역 관리
- 조리팀과 협력하여 고품질의 식음료 제공
ㆍF&B조리(야외 가든)
- 호텔 야외 가든 영업장 내 조리 업무
- 식재료 준비 및 관리
- 오픈 키친 운영 및 위생 관리 등
- 서비스팀과 협력하여 고품질의 식음료 제공
■
자격요건
ㆍF&B서비스 및 조리 분야 이해도 및 관심이 있으신 분
ㆍ적극적이고 친절한 서비스 마인드를 보유하신 분
ㆍ유연한 근무시간에 적응하실 수 있는 분
ㆍ야외 및 야간 근무에 문제가 없는 분
ㆍ5~9월 기간 동안 근무가 가능하신 분
■
우대사항
ㆍ호텔 및 고급 레스토랑에서 서비스 및 조리 업무 경험이 있으신 분
ㆍ외국어 회화 능력(영어,일본어,중국어 등)이 뛰어나신 분
ㆍ적극적이고 업무에 대한 열정이 있으신 분
전형절차
ㆍ서류전형 > 면접전형
>
최종합격
ㆍ면접일정은 추후 통보됩니다.
유의사항
ㆍ허위사실이 발견될 경우 채용이 취소될 수 있습니다.","모집요강
모집분야
F&B서비스/조리
모집인원
○
명
고용형태
아르바이트
(협의)
급여
시급 12,000원
근무시간
주 5일(스케줄 근무)
근무지주소
부산 해운대구 중동  해운대 해변로 296
지도보기
인근지하철

지원자격
경력
경력무관
학력
학력무관

접수기간 · 방법
마감일은 기업의 사정으로 인해 조기 마감 또는 변경될 수 있습니다

기업 정보
기업정보 더보기
사원수
301 ~ 500명 이하
기업구분
중견기업 (비상장)
산업(업종)
호텔업
지도보기
위치
부산 해운대구 중동  해운대 해변로 296","{
  ""@context"": ""https://schema.org"",
  ""@type"": ""JobPosting"",
  ""title"": ""[파라다이스 호텔 부산] 야외가든(서비스/조리) AR 모집"",
  ""description"": ""㈜파라다이스호텔 부산에서 아르바이트 경력무관 채용을 진행합니다. 근무지는 부산 해운대구 중동 이며, 자세한 조건은 공고를 통해 확인할 수 있습니다."",
  ""datePosted"": ""2026-05-04"",
  ""validThrough"": ""2027-05-03T15:00"",
  ""employmentType"": ""PART_TIME"",
  ""experienceRequirements"": ""경력무관"",
  ""educationRequirements"": ""학력무관"",
  ""directApply"": true,
  ""hiringOrganization"": {
    ""@type"": ""Organization"",
    ""name"": ""㈜파라다이스호텔 부산""
  },
  ""jobLocation"": {
    ""@type"": ""Place"",
    ""address"": {
      ""@type"": ""PostalAddress"",
      ""streetAddress"": ""부산 해운대구 중동  해운대 해변로 296 ""
    }
  },
  ""baseSalary"": {
    ""@type"": ""MonetaryAmount"",
    ""currency"": ""KRW"",
    ""value"": {
      ""@type"": ""QuantitativeValue"",
      ""value"": 120000000,
      ""unitText"": ""HOUR""
    }
  },
  ""identifier"": {
    ""@type"": ""PropertyValue"",
    ""name"": ""JobKorea"",
    ""value"": ""49100285""
  },
  ""url"": ""https://www.jobkorea.co.kr/Recruit/GI_Read/49100285""
}",success,
국제커리어센터 서울남부,https://www.jobkorea.co.kr/Recruit/GI_Read/49100286,"국제커리어센터 서울남부
국민취업지원제도 직업상담사 추가 채용
[국제커리어센터 경기수원]
포지션 및 자격요건
국민취업지원제도
( 1명 )
담당업무
ㆍ국민취업지원제도 전담업무
(
취업상담 및 알선
,
기타 취업지원 업무
)
ㆍ국민취업지원제도 참여자 모집
자격요건
ㆍ학력
:
초대졸이상
ㆍ직업상담사
2
급 또는 사회복지사
2
급 필수
기타사항
ㆍ급여
:
사원
2,700(
경력자는 회사 내규에 따라 급여 차등 지급)
ㆍ수습기간
3
개월 급여감액 없음
ㆍ자사양식으로 지원하시는 지점 기입해서 이메일 지원바랍니다
.
복리후생 제도
ㆍ 취업시 상담사별 인센티브 최대
10%
지급
(
회사 내규에 따름
)
ㆍ 매월
1
회 조기퇴근제 시행
ㆍ 교육비 및 교육 공가 지원
ㆍ 우수사원 인센티브 지급
ㆍ 생일축하금 지급
전형절차
ㆍ서류전형 > 1차면접 > 2차면접  > 최종합격
ㆍ면접일정은 추후 통보됩니다.
유의사항
ㆍ허위사실이 발견될 경우 채용이 취소될 수 있습니다.","모집요강
모집분야
국민취업지원제도
모집인원
○
명
고용형태
정규직
(수습 3개월)
직급/직책
급여
연봉 2,700만원 이상
근무시간
주5일(월~금)
09:00 ~ 18:00
근무지주소
경기 수원시 팔달구 권광로142번길 25 (인계동) 5층
지도보기
인근지하철

지원자격
경력
경력무관
학력
초대졸이상

접수기간 · 방법
마감일은 기업의 사정으로 인해 조기 마감 또는 변경될 수 있습니다

기업 정보
기업정보 더보기
사원수
51 ~ 300명 이하
기업구분
중소기업 (비상장)
산업(업종)
서치펌·헤드헌팅
지도보기
위치
서울 영등포구 당산로49길 12-1 (당산동6가) 2층","{
  ""@context"": ""https://schema.org"",
  ""@type"": ""JobPosting"",
  ""title"": ""국민취업지원제도 직업상담사 추가 채용[국제커리어센터 경기수원]"",
  ""description"": ""국제커리어센터 서울남부에서 정규직 경력무관 채용을 진행합니다. 근무지는 경기 수원시 팔달구 권광로142번길 25 (인계동)이며, 자세한 조건은 공고를 통해 확인할 수 있습니다."",
  ""datePosted"": ""2026-05-04"",
  ""validThrough"": ""2026-05-25T23:59"",
  ""employmentType"": ""FULL_TIME"",
  ""experienceRequirements"": ""경력무관"",
  ""educationRequirements"": ""초대졸 이상"",
  ""directApply"": true,
  ""hiringOrganization"": {
    ""@type"": ""Organization"",
    ""name"": ""국제커리어센터 서울남부""
  },
  ""jobLocation"": {
    ""@type"": ""Place"",
    ""address"": {
      ""@type"": ""PostalAddress"",
      ""streetAddress"": ""경기 수원시 팔달구 권광로142번길 25 (인계동) 5층""
    }
  },
  ""baseSalary"": {
    ""@type"": ""MonetaryAmount"",
    ""currency"": ""KRW"",
    ""value"": {
      ""@type"": ""QuantitativeValue"",
      ""value"": 27000000,
      ""unitText"": ""YEAR""
    }
  },
  ""identifier"": {
    ""@type"": ""PropertyValue"",
    ""name"": ""JobKorea"",
    ""value"": ""49100286""
  },
  ""url"": ""https://www.jobkorea.co.kr/Recruit/GI_Read/49100286""
}",success,
검색,https://www.jobkorea.co.kr/Recruit/GI_Read/49100287,"㈜에이스파트너스서치펌
제주 5성 글로벌 체인 호텔 베이커리 직원 채용
㈜에이스파트너스서치펌은 2009년에 설립된 회사로 자본금 3억원, 매출액 000, 사원수 60명 규모의 중소기업입니다. 서울 강남구 테헤란로8길 33 (역삼동)에 위치하고 있으며, 헤드헌팅 및 커리어컨설팅사업을 하고 있습니다.
포지션 및 자격요건
포지션
( 1명 )
담당업무
ㆍ호텔 베이커리 업무
자격요건
ㆍ
경력 5년 이상
전형절차
ㆍ서류전형 > 1차면접 > 2차면접 > 임원면접 > 최종합격
ㆍ면접일정은 추후 통보됩니다.
유의사항
ㆍ허위사실이 발견될 경우 채용이 취소될 수 있습니다.",,,success,
㈜웹젠,https://www.jobkorea.co.kr/Recruit/GI_Read/49100288,"㈜웹젠
[웹젠레드앤/신규 Project] 서버(경력)
""디지털 시대의 놀이 문화를 선도하는 기업"" 디지털 엔터테인먼트를 창조하는 기업으로서 ㈜웹젠은 게임의
 작품성을 결정하는 주요 기술인 디자인, 클라이언트, 서버 부문에서 국내 최고를 자랑하고 있습니다. 
㈜웹젠의 기술력은 3D 온라인게임 리더 ‘뮤’의 개발과 퍼블리싱을 통해 입증되었으며, 이러한 기술력과
 마케팅력을 바탕으로 국내 시장을 넘어 세계 시장에서 인정받는 게임회사로의 성장을 목표로 하고 있습니다. 

㈜웹젠이 서비스하고 있는 온라인게임 ‘뮤’, 썬, C9은 기술적으로 한국 온라인게임의 수준을 한 단계 
끌어올렸으며, 해외 온라인게임 시장에서도 강한 주목을 받아 한국 게임소프트웨어 수출 사상 최고의 
대우를 받으며 해외시장에 진출한 바 있습니다.
포지션 및 자격요건
서버
( ○명 )
담당업무
- 신규 프로젝트 서버 개발
자격요건
-
모바일 게임 서버 개발이 가능한 분
-
원만한 커뮤니케이션
능력을 보유한 분
-
중급 이상의
C++
사용 역량을 보유한 분
-
IOCP
를 활용한 프로그래밍 능력을 보유한 분
-
Multithread
환경에서의 개발이 가능한 분
우대사항
-
3
년 이상의 모바일 및
PC MMORPG
에 대한 개발
경험 및
라이브 서비스 경험이 있는 분
-
모바일
MMORPG
에 대한 이해도가 높은 분
-
원만한 대인관계와
배려심을 가진 분
-
SQL
을 이용한 데이터베이스 운용 및 관리에
대한 기본 지식을 보유한 분
-
Modern
C++
지식 및
C#
을
이용한 개발
경험이 있는 분
-
Redis
를 이용한 개발 경험이 있는 분
전형절차
ㆍ서류전형 > 실무면접 > 인성검사 > 임원면접 > 최종합격
ㆍ면접일정은 추후 통보됩니다.
기타
- 수시채용은 공고 게시 중에도 전형이 진행되오니 이점 유의하시어 지원 바랍니다.
- 서류전형 통과자에 한하여 개별적으로 일정 안내를 드립니다.
- 장애인, 국가보훈대상자는 관련법규에 의거하여 우대합니다.
- 채용이 완료되거나 채용에 적합한 지원자가 없을 시 공고가 마감될 수 있습니다.
- 전형에 따라 필기 테스트가 진행될 수 있습니다.","모집요강
모집분야
게임 프로그래머
모집인원
○
명
고용형태
정규직
급여
회사 내규에 따름
근무지주소
경기 성남시 분당구 판교로 242 (삼평동) 판교디지털센터 B동
지도보기

지원자격
경력
경력
학력
학력무관
스킬

접수기간 · 방법
마감일은 기업의 사정으로 인해 조기 마감 또는 변경될 수 있습니다

기업 정보
기업정보 더보기
사원수
501 ~ 1,000명 이하
기업구분
중견기업 (코스닥 상장)
산업(업종)
게임·애니메이션
지도보기
위치
경기 성남시 분당구 판교로 242 (삼평동) 판교디지털센터 B동","{
  ""@context"": ""https://schema.org"",
  ""@type"": ""JobPosting"",
  ""title"": ""[웹젠레드앤/신규 Project] 서버(경력)"",
  ""description"": ""㈜웹젠에서 정규직 경력 채용을 진행합니다. 근무지는 경기 성남시 분당구 판교로 242 (삼평동)이며, 자세한 조건은 공고를 통해 확인할 수 있습니다."",
  ""datePosted"": ""2026-05-04"",
  ""validThrough"": ""2026-06-30T23:59"",
  ""employmentType"": ""FULL_TIME"",
  ""experienceRequirements"": ""경력"",
  ""educationRequirements"": ""학력무관"",
  ""directApply"": true,
  ""hiringOrganization"": {
    ""@type"": ""Organization"",
    ""name"": ""㈜웹젠""
  },
  ""jobLocation"": {
    ""@type"": ""Place"",
    ""address"": {
      ""@type"": ""PostalAddress"",
      ""streetAddress"": ""경기 성남시 분당구 판교로 242 (삼평동) 판교디지털센터 B동""
    }
  },
  ""identifier"": {
    ""@type"": ""PropertyValue"",
    ""name"": ""JobKorea"",
    ""value"": ""49100288""
  },
  ""url"": ""https://www.jobkorea.co.kr/Recruit/GI_Read/49100288""
}",success,
,https://www.jobkorea.co.kr/Recruit/GI_Read/49100289,,,,fail,"('Connection aborted.', RemoteDisconnected('Remote end closed connection without response'))"
에스엔모바일,https://www.jobkorea.co.kr/Recruit/GI_Read/49100290,"성실하고 업무에 열정적인 분들 많이 지원바랍니다.
Beyond Satisfaction!!
기대 이상의 고객만족으로 최고의 성과를 지향하는 모바일 유통 전문기업 “에스엔모바일”
에스엔모바일 소개
2011년 5월 설립
성동구 : 2호선 성수역 인근 지식산업센터
포지션  및 자격요건
채용분야 정보
포지션
담당업무
자격요건 및 우대사항
인원
개통실 CS 직원
(성동구)
ㆍ당사와 거래하는 거래처에 대한 지원 업무
ㆍ가입자 정보조회, 개통처리, 기타 업무지식 응대 등
ㆍ직무성격 상 근무조를 편성해서 순서에 따라
ㆍ
토요일 근무를 해야하지만,
ㆍ
이에 대한 평일 대체휴무 사용 가능
자격요건
ㆍ학력 : 학력무관
ㆍ경력 : 경력무관
ㆍ친절하고, 침착한 CS마인드 가진 분
우대사항
ㆍ휴대폰 개통 및 CS 업무 경력자
ㆍ즉시 출근 가능자
2명
근무조건
근무형태 : 정규직 (수습기간 3개월 , 급여 100% 지급)
연봉 : 3,000~3,400만원 - 경력에 따라 면접 후, 협의 (명절 상여금 / 휴가비 / 성과급 지급)
담당업무 : 개통 및 CS 전반 업무 (LG유플러스 모바일 전산 처리업무)
근무지
- 성동구 : 서울시 성동구 아차산로7나길 18 (성수동2가, 대선APEXCENTER) 505호
근무시간
- 주 5일 근무 (휴일 근무시 대휴 & 수당)
(AM10:00 ~ PM19:00 / AM11:00 ~ PM20:00 )
※ 근무스케줄 조정가능
에스엔모바일의 복지/혜택
4대보험 가입, 중식비, 퇴직금 지급
초과근무수당, 휴일근무수당 지급
성과급
연 1회 휴가비 지원
연 2회 명절 상여금 지급 (설날, 추석)
건강검진 비용 제공
출퇴근 거리가 먼 직원들을 위한 원거리교통비 지원
전형절차
01
서류전형
02
1차 면접
03
임원면접
04
최종합격
* 면접 일정은 추후 통보됩니다.
접수기간 및 방법
접수기간 :
채용시까지
접수방법 : 잡코리아 접수
유의사항
허위사실이 발견될 경우 채용이 취소될 수 있습니다.","모집요강
모집분야
개통실 CS 직원
모집인원
1
명
고용형태
정규직
(수습 3개월)
직급/직책
급여
연봉 3,000~3,400만원 (면접 후 결정)
근무시간
주5일(월~금)
10:00 ~ 19:00, 11:00 ~ 20:00
탄력근무제
근무지주소
서울 성동구 아차산로7나길 18 (성수동2가, 대선APEXCENTER) 505호
지도보기
인근지하철

지원자격
경력
경력무관
학력
학력무관
우대조건
기본우대
유관업무 경험자(인턴·알바), 유관업무 경력자, 즉시출근 가능자

접수기간 · 방법
마감일은 기업의 사정으로 인해 조기 마감 또는 변경될 수 있습니다

기업 정보
기업정보 더보기
사원수
50명 이하
기업구분
중소기업 (비상장)
산업(업종)
통신.방송장비 및 부품 도매업
지도보기
위치
서울 성동구 아차산로7나길 18 (성수동2가, 성수APEXCENTER) 1101호","{
  ""@context"": ""https://schema.org"",
  ""@type"": ""JobPosting"",
  ""title"": ""[서울/성동구] LG유플러스 도매 개통실 정규직 직원 채용"",
  ""description"": ""에스엔모바일에서 정규직 경력무관 채용을 진행합니다. 근무지는 서울 성동구 아차산로7나길 18 (성수동2가, 대선APEXCENTER)이며, 자세한 조건은 공고를 통해 확인할 수 있습니다."",
  ""datePosted"": ""2026-05-04"",
  ""validThrough"": ""2026-06-30T23:59"",
  ""employmentType"": ""FULL_TIME"",
  ""experienceRequirements"": ""경력무관"",
  ""educationRequirements"": ""학력무관"",
  ""directApply"": true,
  ""hiringOrganization"": {
    ""@type"": ""Organization"",
    ""name"": ""에스엔모바일""
  },
  ""jobLocation"": {
    ""@type"": ""Place"",
    ""address"": {
      ""@type"": ""PostalAddress"",
      ""streetAddress"": ""서울 성동구 아차산로7나길 18 (성수동2가, 대선APEXCENTER) 505호""
    }
  },
  ""baseSalary"": {
    ""@type"": ""MonetaryAmount"",
    ""currency"": ""KRW"",
    ""value"": {
      ""@type"": ""QuantitativeValue"",
      ""unitText"": ""YEAR"",
      ""minValue"": 30000000,
      ""maxValue"": 34010000
    }
  },
  ""identifier"": {
    ""@type"": ""PropertyValue"",
    ""name"": ""JobKorea"",
    ""value"": ""49100290""
  },
  ""url"": ""https://www.jobkorea.co.kr/Recruit/GI_Read/49100290""
}",success,
브랜트옥스폰㈜,https://www.jobkorea.co.kr/Recruit/GI_Read/49100291,,"모집요강
모집분야
경영지원팀 사원대리
모집인원
○
명
고용형태
정규직
(수습 3개월)
직급/직책
급여
회사 내규에 따름 (면접 후 결정)
근무시간
주5일(월~금)
09:30 ~ 18:30
근무지주소
서울 서초구 서초중앙로22길 113 (서초동) 2층
지도보기
인근지하철

지원자격
경력
경력무관
학력
대졸이상
(졸업예정자 가능)
우대조건
자격증

접수기간 · 방법
마감일은 기업의 사정으로 인해 조기 마감 또는 변경될 수 있습니다

기업 정보
기업정보 더보기
사원수
50명 이하
기업구분
중소기업 (비상장)
산업(업종)
온라인 교육 학원
지도보기
위치
서울 서초구 서초중앙로22길 113 (서초동) 2층","{
  ""@context"": ""https://schema.org"",
  ""@type"": ""JobPosting"",
  ""title"": ""[경영지원팀] 회계 및 총무 업무 담당자 모집"",
  ""description"": ""브랜트옥스폰㈜에서 정규직 경력무관 채용을 진행합니다. 근무지는 서울 서초구 서초중앙로22길 113 (서초동)이며, 자세한 조건은 공고를 통해 확인할 수 있습니다."",
  ""datePosted"": ""2026-05-04"",
  ""validThrough"": ""2026-06-03T23:59"",
  ""employmentType"": ""FULL_TIME"",
  ""experienceRequirements"": ""경력무관"",
  ""educationRequirements"": ""대졸 이상"",
  ""directApply"": true,
  ""hiringOrganization"": {
    ""@type"": ""Organization"",
    ""name"": ""브랜트옥스폰㈜""
  },
  ""jobLocation"": {
    ""@type"": ""Place"",
    ""address"": {
      ""@type"": ""PostalAddress"",
      ""streetAddress"": ""서울 서초구 서초중앙로22길 113 (서초동) 2층""
    }
  },
  ""identifier"": {
    ""@type"": ""PropertyValue"",
    ""name"": ""JobKorea"",
    ""value"": ""49100291""
  },
  ""url"": ""https://www.jobkorea.co.kr/Recruit/GI_Read/49100291""
}",success,
㈜신건,https://www.jobkorea.co.kr/Recruit/GI_Read/49100292,,"모집요강
모집분야
롯데글로벌로지스 배송
모집인원
○○
명
고용형태
정규직
,
계약직
,
프리랜서
직급/직책
급여
월급 500~700만원
근무시간
주5일(월~금)
11:00 ~ 18:00
탄력근무제
자울배송/자율출근

지원자격
경력
경력무관
학력
학력무관
우대조건
기본우대
운전가능자

접수기간 · 방법
마감일은 기업의 사정으로 인해 조기 마감 또는 변경될 수 있습니다

기업 정보
기업정보 더보기
사원수
301 ~ 500명 이하
기업구분
중소기업 (비상장)
산업(업종)
화물운송 중개, 대리 및 관련 서비스업
지도보기
위치
서울 강남구 논현동  119-2 HS TOWER","{
  ""@context"": ""https://schema.org"",
  ""@type"": ""JobPosting"",
  ""title"": ""롯데글로벌로지스 배송직원 채용 김해 창원 원주 전지역"",
  ""description"": ""㈜신건에서 정규직 경력무관 채용을 진행합니다. 근무지는 이며, 자세한 조건은 공고를 통해 확인할 수 있습니다."",
  ""datePosted"": ""2026-05-04"",
  ""validThrough"": ""2027-05-03T15:00"",
  ""employmentType"": [
    ""FULL_TIME"",
    ""CONTRACTOR"",
    ""CONTRACTOR""
  ],
  ""experienceRequirements"": ""경력무관"",
  ""educationRequirements"": ""학력무관"",
  ""directApply"": true,
  ""hiringOrganization"": {
    ""@type"": ""Organization"",
    ""name"": ""㈜신건""
  },
  ""jobLocation"": {
    ""@type"": ""Place"",
    ""address"": {
      ""@type"": ""PostalAddress""
    }
  },
  ""baseSalary"": {
    ""@type"": ""MonetaryAmount"",
    ""currency"": ""KRW"",
    ""value"": {
      ""@type"": ""QuantitativeValue"",
      ""unitText"": ""MONTH"",
      ""minValue"": 5000000,
      ""maxValue"": 7010000
    }
  },
  ""identifier"": {
    ""@type"": ""PropertyValue"",
    ""name"": ""JobKorea"",
    ""value"": ""49100292""
  },
  ""url"": ""https://www.jobkorea.co.kr/Recruit/GI_Read/49100292""
}",success,
㈜신건,https://www.jobkorea.co.kr/Recruit/GI_Read/49100293,,"모집요강
모집분야
롯데글로벌로지스 배송
모집인원
○○
명
고용형태
정규직
,
계약직
,
프리랜서
직급/직책
급여
월급 500~700만원
근무시간
주5일(월~금)
11:00 ~ 18:00
탄력근무제
자울배송/자율출근

지원자격
경력
경력무관
학력
학력무관
우대조건
기본우대
운전가능자

접수기간 · 방법
마감일은 기업의 사정으로 인해 조기 마감 또는 변경될 수 있습니다

기업 정보
기업정보 더보기
사원수
301 ~ 500명 이하
기업구분
중소기업 (비상장)
산업(업종)
화물운송 중개, 대리 및 관련 서비스업
지도보기
위치
서울 강남구 논현동  119-2 HS TOWER","{
  ""@context"": ""https://schema.org"",
  ""@type"": ""JobPosting"",
  ""title"": ""롯데글로벌로지스 배송직원 채용 부산 강서 금정 동래 수영 연제"",
  ""description"": ""㈜신건에서 정규직 경력무관 채용을 진행합니다. 근무지는 이며, 자세한 조건은 공고를 통해 확인할 수 있습니다."",
  ""datePosted"": ""2026-05-04"",
  ""validThrough"": ""2027-05-03T15:00"",
  ""employmentType"": [
    ""FULL_TIME"",
    ""CONTRACTOR"",
    ""CONTRACTOR""
  ],
  ""experienceRequirements"": ""경력무관"",
  ""educationRequirements"": ""학력무관"",
  ""directApply"": true,
  ""hiringOrganization"": {
    ""@type"": ""Organization"",
    ""name"": ""㈜신건""
  },
  ""jobLocation"": {
    ""@type"": ""Place"",
    ""address"": {
      ""@type"": ""PostalAddress""
    }
  },
  ""baseSalary"": {
    ""@type"": ""MonetaryAmount"",
    ""currency"": ""KRW"",
    ""value"": {
      ""@type"": ""QuantitativeValue"",
      ""unitText"": ""MONTH"",
      ""minValue"": 5000000,
      ""maxValue"": 7010000
    }
  },
  ""identifier"": {
    ""@type"": ""PropertyValue"",
    ""name"": ""JobKorea"",
    ""value"": ""49100293""
  },
  ""url"": ""https://www.jobkorea.co.kr/Recruit/GI_Read/49100293""
}",success,
,https://www.jobkorea.co.kr/Recruit/GI_Read/49100294,,,,fail,HTTP status code 404
㈜신건,https://www.jobkorea.co.kr/Recruit/GI_Read/49100295,,"모집요강
모집분야
롯데글로벌로지스 배송
모집인원
○○
명
고용형태
정규직
,
계약직
,
프리랜서
직급/직책
급여
월급 500~700만원
근무시간
주5일(월~금)
11:00 ~ 18:00
탄력근무제
자울배송/자율출근

지원자격
경력
경력무관
학력
학력무관
우대조건
기본우대
운전가능자

접수기간 · 방법
마감일은 기업의 사정으로 인해 조기 마감 또는 변경될 수 있습니다

기업 정보
기업정보 더보기
사원수
301 ~ 500명 이하
기업구분
중소기업 (비상장)
산업(업종)
화물운송 중개, 대리 및 관련 서비스업
지도보기
위치
서울 강남구 논현동  119-2 HS TOWER","{
  ""@context"": ""https://schema.org"",
  ""@type"": ""JobPosting"",
  ""title"": ""롯데글로벌로지스 배송직원 채용 전주 대구 포항 전지역"",
  ""description"": ""㈜신건에서 정규직 경력무관 채용을 진행합니다. 근무지는 이며, 자세한 조건은 공고를 통해 확인할 수 있습니다."",
  ""datePosted"": ""2026-05-04"",
  ""validThrough"": ""2027-05-03T15:00"",
  ""employmentType"": [
    ""FULL_TIME"",
    ""CONTRACTOR"",
    ""CONTRACTOR""
  ],
  ""experienceRequirements"": ""경력무관"",
  ""educationRequirements"": ""학력무관"",
  ""directApply"": true,
  ""hiringOrganization"": {
    ""@type"": ""Organization"",
    ""name"": ""㈜신건""
  },
  ""jobLocation"": {
    ""@type"": ""Place"",
    ""address"": {
      ""@type"": ""PostalAddress""
    }
  },
  ""baseSalary"": {
    ""@type"": ""MonetaryAmount"",
    ""currency"": ""KRW"",
    ""value"": {
      ""@type"": ""QuantitativeValue"",
      ""unitText"": ""MONTH"",
      ""minValue"": 5000000,
      ""maxValue"": 7010000
    }
  },
  ""identifier"": {
    ""@type"": ""PropertyValue"",
    ""name"": ""JobKorea"",
    ""value"": ""49100295""
  },
  ""url"": ""https://www.jobkorea.co.kr/Recruit/GI_Read/49100295""
}",success,
㈜신건,https://www.jobkorea.co.kr/Recruit/GI_Read/49100296,,"모집요강
모집분야
롯데글로벌로지스 배송
모집인원
○○
명
고용형태
정규직
,
계약직
,
프리랜서
직급/직책
급여
월급 500~700만원
근무시간
주5일(월~금)
11:00 ~ 18:00
탄력근무제
자울배송/자율출근

지원자격
경력
경력무관
학력
학력무관
우대조건
기본우대
운전가능자

접수기간 · 방법
마감일은 기업의 사정으로 인해 조기 마감 또는 변경될 수 있습니다

기업 정보
기업정보 더보기
사원수
301 ~ 500명 이하
기업구분
중소기업 (비상장)
산업(업종)
화물운송 중개, 대리 및 관련 서비스업
지도보기
위치
서울 강남구 논현동  119-2 HS TOWER","{
  ""@context"": ""https://schema.org"",
  ""@type"": ""JobPosting"",
  ""title"": ""롯데글로벌로지스 배송직원 채용 광주 청주 대구 안동 전지역"",
  ""description"": ""㈜신건에서 정규직 경력무관 채용을 진행합니다. 근무지는 이며, 자세한 조건은 공고를 통해 확인할 수 있습니다."",
  ""datePosted"": ""2026-05-04"",
  ""validThrough"": ""2027-05-03T15:00"",
  ""employmentType"": [
    ""FULL_TIME"",
    ""CONTRACTOR"",
    ""CONTRACTOR""
  ],
  ""experienceRequirements"": ""경력무관"",
  ""educationRequirements"": ""학력무관"",
  ""directApply"": true,
  ""hiringOrganization"": {
    ""@type"": ""Organization"",
    ""name"": ""㈜신건""
  },
  ""jobLocation"": {
    ""@type"": ""Place"",
    ""address"": {
      ""@type"": ""PostalAddress""
    }
  },
  ""baseSalary"": {
    ""@type"": ""MonetaryAmount"",
    ""currency"": ""KRW"",
    ""value"": {
      ""@type"": ""QuantitativeValue"",
      ""unitText"": ""MONTH"",
      ""minValue"": 5000000,
      ""maxValue"": 7010000
    }
  },
  ""identifier"": {
    ""@type"": ""PropertyValue"",
    ""name"": ""JobKorea"",
    ""value"": ""49100296""
  },
  ""url"": ""https://www.jobkorea.co.kr/Recruit/GI_Read/49100296""
}",success,
검색,https://www.jobkorea.co.kr/Recruit/GI_Read/49100297,"피플워크㈜
Chief Information Security Officer
(CISO)- 외국계럭셔리기업
피플워크㈜는 2018년에 설립된 회사로 서울 강남구 강남대로 310 (역삼동, 유니온센터오피스텔)에 위치하고 있으며, 경영컨설팅 헤드헌팅 인재추천사업을 하고 있습니다.
포지션 및 자격요건
Chief Information
( ○명 )
[ 담당업무 ]
Lead and enhance enterprise-wide information security strategy and governance
Ensure compliance with local regulations and global security standards
Identify and manage security risks, vulnerabilities, and incident response
Oversee audits and regulatory communications
Drive employee security awareness and training programs
Collaborate with regional and global teams on security initiatives
[ 자격조건 ]
Required
Strong understanding of cybersecurity principles, frameworks, and technologies (e.g., NIST, ISO, SIEM, IDS/IPS, DLP, encryption, cloud security)
Excellent leadership, communication, and stakeholder management skills
Strong analytical and problem-solving abilities with a risk-based mindset
Experience (at least one of the following)
Master’s degree or higher in Information Security or IT
Bachelor’s degree with at least 3 years of relevant experience
Associate’s degree with at least 5 years of relevant experience
Minimum 10 years of experience in Information Security or IT
ISMS Auditor certification
Preferred (at least one of the following)
4+ years of experience specifically in Information Security
5+ years of experience in IT/IS (including at least 2 years in Information Security)
Degree in Personal Information Protection (experience credit applicable)
Industry certifications such as CISSP, CISM, CISA or equivalent
[ 전형방법 ]
1차 서류전형
2차 면접전형
[ 제출서류 ]
국문.영문이력서.경력기술서포함(각종 증빙서류는 서류전형합격자에 한해 추후제출)
이메일: carly.lee@peoplework.co.kr
채용담당 : 이경아 전무 ( 02-6951-4931 / 010-2726-3565)
전형절차
ㆍ서류전형 > 면접전형 > 최종합격
ㆍ면접일정은 추후 통보됩니다.
유의사항
ㆍ허위사실이 발견될 경우 채용이 취소될 수 있습니다.",,,success,
㈜신건,https://www.jobkorea.co.kr/Recruit/GI_Read/49100298,,"모집요강
모집분야
롯데글로벌로지스 배송
모집인원
○○
명
고용형태
정규직
,
계약직
,
프리랜서
직급/직책
급여
월급 500~700만원
근무시간
주5일(월~금)
11:00 ~ 18:00
탄력근무제
자울배송/자율출근

지원자격
경력
경력무관
학력
학력무관
우대조건
기본우대
운전가능자

접수기간 · 방법
마감일은 기업의 사정으로 인해 조기 마감 또는 변경될 수 있습니다

기업 정보
기업정보 더보기
사원수
301 ~ 500명 이하
기업구분
중소기업 (비상장)
산업(업종)
화물운송 중개, 대리 및 관련 서비스업
지도보기
위치
서울 강남구 논현동  119-2 HS TOWER","{
  ""@context"": ""https://schema.org"",
  ""@type"": ""JobPosting"",
  ""title"": ""롯데글로벌로지스 배송직원 채용 대전 세종 천안 전지역"",
  ""description"": ""㈜신건에서 정규직 경력무관 채용을 진행합니다. 근무지는 이며, 자세한 조건은 공고를 통해 확인할 수 있습니다."",
  ""datePosted"": ""2026-05-04"",
  ""validThrough"": ""2027-05-03T15:00"",
  ""employmentType"": [
    ""FULL_TIME"",
    ""CONTRACTOR"",
    ""CONTRACTOR""
  ],
  ""experienceRequirements"": ""경력무관"",
  ""educationRequirements"": ""학력무관"",
  ""directApply"": true,
  ""hiringOrganization"": {
    ""@type"": ""Organization"",
    ""name"": ""㈜신건""
  },
  ""jobLocation"": {
    ""@type"": ""Place"",
    ""address"": {
      ""@type"": ""PostalAddress""
    }
  },
  ""baseSalary"": {
    ""@type"": ""MonetaryAmount"",
    ""currency"": ""KRW"",
    ""value"": {
      ""@type"": ""QuantitativeValue"",
      ""unitText"": ""MONTH"",
      ""minValue"": 5000000,
      ""maxValue"": 7010000
    }
  },
  ""identifier"": {
    ""@type"": ""PropertyValue"",
    ""name"": ""JobKorea"",
    ""value"": ""49100298""
  },
  ""url"": ""https://www.jobkorea.co.kr/Recruit/GI_Read/49100298""
}",success,
㈜미래네트웍,https://www.jobkorea.co.kr/Recruit/GI_Read/49100299,"㈜미래네트웍
구내통신서비스 유지보수및 관리자
㈜미래네트웍은 2022년에 설립된 회사로 자본금 2억 5,000만원, 매출액 30억, 사원수 30명 규모의 중소기업입니다. 서울 종로구 종로 33 (청진동, 그랑서울)에 위치하고 있으며, 구내통신 서비스 유지보수 및 정보통신설비 유지보수사업을 하고 있습니다.
포지션 및 자격요건
구내통신서비스 관리및 유지보수 업무
( 1명 )
담당업무
ㆍ상세내용을 입력하세요
ㆍ상세내용을 입력하세요
핵심역량
ㆍ
꼼꼼함,
성실성, 성취지향성, 윤리의식, 적응성, 협동심, 성장지향성
자격요건
ㆍ학력 : 학력무관
ㆍ경력 : 신입
우대사항
ㆍ자격증 : 정보통신, 정보처리, 정보통신설비기사
전형절차
ㆍ서류전형 > 1차면접 > 2차면접 > 임원면접 > 최종합격
ㆍ면접일정은 추후 통보됩니다.
유의사항
ㆍ허위사실이 발견될 경우 채용이 취소될 수 있습니다.","모집요강
모집분야
구내통신서비스 관리및 유지보수 업무
모집인원
1
명
고용형태
정규직
직급/직책
급여
연봉 3,000~3,200만원 (면접 후 결정)
근무시간
주5일(월~금)
09:00 ~ 18:00
근무지주소
경기 성남시 분당구 판교역로 166 (백현동, 카카오판교아지트) 1층
지도보기
인근지하철

지원자격
경력
신입
학력
학력무관
핵심역량
꼼꼼함
,
윤리의식
,
적응성
,
협동심
,
성장지향성
,
성실성
,
성취지향성
우대조건
자격증
,
정보통신, 정보처리

접수기간 · 방법
마감일은 기업의 사정으로 인해 조기 마감 또는 변경될 수 있습니다

기업 정보
기업정보 더보기
사원수
50명 이하
기업구분
중소기업 (비상장)
산업(업종)
통신.방송장비 및 부품 도매업
지도보기
위치
서울 종로구 종로 33 (청진동, 그랑서울) 타워2동 1층","{
  ""@context"": ""https://schema.org"",
  ""@type"": ""JobPosting"",
  ""title"": ""구내통신서비스 유지보수및 관리자"",
  ""description"": ""㈜미래네트웍에서 정규직 신입 채용을 진행합니다. 근무지는 경기 성남시 분당구 판교역로 166 (백현동, 카카오판교아지트)이며, 자세한 조건은 공고를 통해 확인할 수 있습니다."",
  ""datePosted"": ""2026-05-04"",
  ""validThrough"": ""2026-06-03T23:59"",
  ""employmentType"": ""FULL_TIME"",
  ""experienceRequirements"": ""신입"",
  ""educationRequirements"": ""학력무관"",
  ""directApply"": true,
  ""hiringOrganization"": {
    ""@type"": ""Organization"",
    ""name"": ""㈜미래네트웍""
  },
  ""jobLocation"": {
    ""@type"": ""Place"",
    ""address"": {
      ""@type"": ""PostalAddress"",
      ""streetAddress"": ""경기 성남시 분당구 판교역로 166 (백현동, 카카오판교아지트) 1층""
    }
  },
  ""baseSalary"": {
    ""@type"": ""MonetaryAmount"",
    ""currency"": ""KRW"",
    ""value"": {
      ""@type"": ""QuantitativeValue"",
      ""unitText"": ""YEAR"",
      ""minValue"": 30000000,
      ""maxValue"": 32010000
    }
  },
  ""identifier"": {
    ""@type"": ""PropertyValue"",
    ""name"": ""JobKorea"",
    ""value"": ""49100299""
  },
  ""url"": ""https://www.jobkorea.co.kr/Recruit/GI_Read/49100299""
}",success,
㈜태강대부,https://www.jobkorea.co.kr/Recruit/GI_Read/49100300,"㈜태강대부
[광화문] 채권관리 신입,경력 직원 모집
캐시벅스는
2005
년에 창립하여 소비자금융 주력으로한 종합 금융을 지향하고있습니다.
지금까지 실무 연수 및 금융 회사에서의 경험을 살려 `고객 제일주의` 와 `효율경영`을 기업 이념으로 전반적인
경영활동을 근간으로 하여 이루어 왔습니다. 이에따른 사원교육 및 영업추진에 이르기까지 철저하게 이와 같은
방침을 실천하고 있으며, 한국소비자 금융의 차별화된 회사로써 업계 최고의 자본과 실력을 겸비한 회사입니다.
개인의 능력과 노력에 따라 동종업계 최고대우를 받을 수 있는 기회를 제공합니다.
모집분야 및 자격요건
모집분야 및 자격요건 정보
모집부서
근무지역
근무내용/지원조건/우대사항
근로조건
인원
리스크 관리
광화문
[담당업무]
채권리스크 관리
전화업무
방문 및 출장
계약연장 및 안내
우편 및 열람, 문서보조
[지원조건]
고졸이상 / 군필자
운전면허 소지자
대한민국 국적 소지자
[우대사항]
대부관리사 자격증 소지자
즉시 입사가능자
[근무시간]
08:20
~
17:30
(주5일)
(탄력적 변경)
[근로조건]
신입 : 연봉 2
,900
만원
+ α
(담당업무에 따라 상이)
(경력자 별도 연봉 협의)
[우대조건]
연단위 인센티브 지급
업무실적에 따른 성과급 지급
실적달성 프로모션
전체 실적달성에 따른 상품권 지급
조기정규직 포상 (6개월 이내)
상품권 지급
00
명
지원 불가 대상자 : 대부업등의 등록 및 금융이용자 보호에 관한 법률 제 9조 5항(고용제한등)에 해당하는자는 채용 불가
복리후생
명절선물
(백화점 상품권 지급)
4대보험 지원
(건강보험, 고용보험,
산재보험, 국민연금)
매월 회식비 지원
(5만원 지급)
각종 경조사 화환 및
경조금액
생일자 케이크3만원,
커피쿠폰3만원,
생일당일 조기퇴근
부서별 휴게실 운영
피복비 연 2회 지급
휴가비 연 1회 지급
실적에 따른 성과급 지급
전형절차
서류전형
면접전형
최종합격
접수기간 및 접수방법
접수기간 :
2026년 05월 31일 마감
접수방법 : 잡코리아 온라인 입사지원
제출서류
이력서(사진첨부) 및 자기소개서 (경력자일 경우 경력기술서로 대체 가능)
희망연봉 필수기재
온라인으로 제출된 서류는 일체 반환되지 않습니다
문의처
담당자명 : 인사담당 / 총무팀
전
화 :
02-3667-1067
회사주소 :
(03173
) 서울 종로구 새문안로 5길
37, 11
층 (도렴동, 도렴빌딩) ㈜태강대부
홈페이지 :
cashbucks.co.kr
홈페이지 바로가기
회사위치
태강대부 본점
서울특별시 종로구 새문안로 5길
37, 11
층 (도렴동, 도렴빌딩) ㈜태강대부","모집요강
모집분야
광화문
모집인원
○○
명
고용형태
정규직
(수습 6개월)
급여
연봉 2,900만원 이상
근무시간
주5일(월~금)
08:20 ~ 17:30
근무지주소
서울 종로구 도렴동 60 도렴빌딩 11층 ㈜태강대부
지도보기
인근지하철

지원자격
경력
신입·경력
학력
고졸이상
우대조건
기본우대
장애인, 보훈대상자, 엑셀 고급능력 보유자, 유관업무 경력자

접수기간 · 방법
마감일은 기업의 사정으로 인해 조기 마감 또는 변경될 수 있습니다

기업 정보
기업정보 더보기
사원수
51 ~ 300명 이하
기업구분
대기업 (비상장)
산업(업종)
캐피탈·대출
지도보기
위치
서울 종로구 도렴동 60 도렴빌딩 11층 (주)태강대부

복리후생
기타 복리후생
회식비지원, 생일자 케익구매비","{
  ""@context"": ""https://schema.org"",
  ""@type"": ""JobPosting"",
  ""title"": ""[광화문/본사] 채권관리 신입,경력 직원 모집"",
  ""description"": ""㈜태강대부에서 정규직 신입·경력 채용을 진행합니다. 근무지는 서울 종로구 도렴동이며, 자세한 조건은 공고를 통해 확인할 수 있습니다."",
  ""datePosted"": ""2026-05-04"",
  ""validThrough"": ""2026-05-31T23:59"",
  ""employmentType"": ""FULL_TIME"",
  ""experienceRequirements"": ""신입·경력"",
  ""educationRequirements"": ""고졸 이상"",
  ""directApply"": true,
  ""hiringOrganization"": {
    ""@type"": ""Organization"",
    ""name"": ""㈜태강대부""
  },
  ""jobLocation"": {
    ""@type"": ""Place"",
    ""address"": {
      ""@type"": ""PostalAddress"",
      ""streetAddress"": ""서울 종로구 도렴동 60 도렴빌딩 11층 ㈜태강대부""
    }
  },
  ""baseSalary"": {
    ""@type"": ""MonetaryAmount"",
    ""currency"": ""KRW"",
    ""value"": {
      ""@type"": ""QuantitativeValue"",
      ""value"": 29000000,
      ""unitText"": ""YEAR""
    }
  },
  ""identifier"": {
    ""@type"": ""PropertyValue"",
    ""name"": ""JobKorea"",
    ""value"": ""49100300""
  },
  ""url"": ""https://www.jobkorea.co.kr/Recruit/GI_Read/49100300""
}",success,
검색,https://www.jobkorea.co.kr/Recruit/GI_Read/49100301,"㈜에이스파트너스서치펌
서울 5성 글로벌 체인 호텔 부총지배인 채용
㈜에이스파트너스서치펌은 2009년에 설립된 회사로 자본금 3억원, 매출액 000, 사원수 60명 규모의 중소기업입니다. 서울 강남구 테헤란로8길 33 (역삼동)에 위치하고 있으며, 헤드헌팅 및 커리어컨설팅사업을 하고 있습니다.
포지션 및 자격요건
포지션
( 1명 )
담당업무
ㆍ호텔 부총지배인
ㆍ호텔 영업 총괄
자격요건
- 경력 20년 이상
- 영어 커뮤니케이션
전형절차
ㆍ서류전형 > 1차면접 > 2차면접 > 임원면접 > 최종합격
ㆍ면접일정은 추후 통보됩니다.
유의사항
ㆍ허위사실이 발견될 경우 채용이 취소될 수 있습니다.",,,success,
㈜선영크리에이티브,https://www.jobkorea.co.kr/Recruit/GI_Read/49100302,,"모집요강
모집분야
브랜딩디자인
모집인원
○
명
고용형태
정규직
(수습 3개월)
직급/직책
급여
회사 내규에 따름 (면접 후 결정)
근무시간
주5일(월~금)
09:00 ~ 18:00
근무지주소
서울 금천구 두산로 70 (독산동, 현대지식산업센터) A동 435호
지도보기
인근지하철

지원자격
경력
경력
(2년이상)
학력
초대졸이상
우대조건
기본우대
포토샵 능숙자, 관련 학과 전공자, 유관업무 경력자(3년), 적극적인 커뮤니케이션 소유자

접수기간 · 방법
마감일은 기업의 사정으로 인해 조기 마감 또는 변경될 수 있습니다

기업 정보
기업정보 더보기
사원수
50명 이하
기업구분
중소기업 (비상장)
산업(업종)
시각 디자인업
지도보기
위치
서울 금천구 두산로 70 (독산동, 현대지식산업센터) B동 435호","{
  ""@context"": ""https://schema.org"",
  ""@type"": ""JobPosting"",
  ""title"": ""로고, CI/BI 브랜딩 디자이너 채용(경력)"",
  ""description"": ""㈜선영크리에이티브에서 정규직 경력 채용을 진행합니다. 근무지는 서울 금천구 두산로 70 (독산동, 현대지식산업센터)이며, 자세한 조건은 공고를 통해 확인할 수 있습니다."",
  ""datePosted"": ""2026-05-04"",
  ""validThrough"": ""2026-05-18T23:50"",
  ""employmentType"": ""FULL_TIME"",
  ""experienceRequirements"": ""경력"",
  ""educationRequirements"": ""초대졸 이상"",
  ""directApply"": true,
  ""hiringOrganization"": {
    ""@type"": ""Organization"",
    ""name"": ""㈜선영크리에이티브""
  },
  ""jobLocation"": {
    ""@type"": ""Place"",
    ""address"": {
      ""@type"": ""PostalAddress"",
      ""streetAddress"": ""서울 금천구 두산로 70 (독산동, 현대지식산업센터) A동 435호""
    }
  },
  ""identifier"": {
    ""@type"": ""PropertyValue"",
    ""name"": ""JobKorea"",
    ""value"": ""49100302""
  },
  ""url"": ""https://www.jobkorea.co.kr/Recruit/GI_Read/49100302""
}",success,
